nohup: ignoring input
/home/tkarora/.cache/uv/archive-v0/fQHqwVhdOpt2tkB3xh3uG/lib/python3.10/site-packages/google/api_core/_python_version_support.py:275: FutureWarning: You are using a Python version (3.10.19) which Google will stop supporting in new releases of google.api_core once it reaches its end of life (2026-10-04). Please upgrade to the latest Python version, or at least Python 3.11, to continue receiving updates for google.api_core past that date.
  warnings.warn(message, FutureWarning)
/home/tkarora/.cache/uv/archive-v0/fQHqwVhdOpt2tkB3xh3uG/lib/python3.10/site-packages/google/cloud/bigquery/table.py:1994: UserWarning: BigQuery Storage module not found, fetch data with the REST endpoint instead.
  warnings.warn(
--- Testing Step 5: BigQuery Upload ---
Executing query on cameltrain.Forest_MATRIX.fia_matrix_training_base...
Extracted 251223 unique coordinate pairs.
Fetching SSURGO properties for 251223 coordinates...
Processed 10/251223 SSURGO points...
Processed 20/251223 SSURGO points...
Processed 30/251223 SSURGO points...
Processed 40/251223 SSURGO points...
Processed 50/251223 SSURGO points...
Processed 60/251223 SSURGO points...
Processed 70/251223 SSURGO points...
Processed 80/251223 SSURGO points...
Processed 90/251223 SSURGO points...
Processed 100/251223 SSURGO points...
Processed 110/251223 SSURGO points...
Processed 120/251223 SSURGO points...
Processed 130/251223 SSURGO points...
Processed 140/251223 SSURGO points...
Processed 150/251223 SSURGO points...
Processed 160/251223 SSURGO points...
Processed 170/251223 SSURGO points...
Processed 180/251223 SSURGO points...
Processed 190/251223 SSURGO points...
Processed 200/251223 SSURGO points...
Processed 210/251223 SSURGO points...
Processed 220/251223 SSURGO points...
Processed 230/251223 SSURGO points...
Processed 240/251223 SSURGO points...
Processed 250/251223 SSURGO points...
Processed 260/251223 SSURGO points...
Processed 270/251223 SSURGO points...
Processed 280/251223 SSURGO points...
Processed 290/251223 SSURGO points...
Processed 300/251223 SSURGO points...
Processed 310/251223 SSURGO points...
Processed 320/251223 SSURGO points...
Processed 330/251223 SSURGO points...
Processed 340/251223 SSURGO points...
Processed 350/251223 SSURGO points...
Processed 360/251223 SSURGO points...
Processed 370/251223 SSURGO points...
Processed 380/251223 SSURGO points...
Processed 390/251223 SSURGO points...
Processed 400/251223 SSURGO points...
Processed 410/251223 SSURGO points...
Processed 420/251223 SSURGO points...
Processed 430/251223 SSURGO points...
Processed 440/251223 SSURGO points...
Processed 450/251223 SSURGO points...
Processed 460/251223 SSURGO points...
Processed 470/251223 SSURGO points...
Processed 480/251223 SSURGO points...
Processed 490/251223 SSURGO points...
Processed 500/251223 SSURGO points...
Processed 510/251223 SSURGO points...
Processed 520/251223 SSURGO points...
Processed 530/251223 SSURGO points...
Processed 540/251223 SSURGO points...
Processed 550/251223 SSURGO points...
Processed 560/251223 SSURGO points...
Processed 570/251223 SSURGO points...
Processed 580/251223 SSURGO points...
Processed 590/251223 SSURGO points...
Processed 600/251223 SSURGO points...
Processed 610/251223 SSURGO points...
Processed 620/251223 SSURGO points...
Processed 630/251223 SSURGO points...
Processed 640/251223 SSURGO points...
Processed 650/251223 SSURGO points...
Processed 660/251223 SSURGO points...
Processed 670/251223 SSURGO points...
Processed 680/251223 SSURGO points...
Processed 690/251223 SSURGO points...
Processed 700/251223 SSURGO points...
Processed 710/251223 SSURGO points...
Processed 720/251223 SSURGO points...
Processed 730/251223 SSURGO points...
Processed 740/251223 SSURGO points...
Processed 750/251223 SSURGO points...
Processed 760/251223 SSURGO points...
Processed 770/251223 SSURGO points...
Processed 780/251223 SSURGO points...
Processed 790/251223 SSURGO points...
Processed 800/251223 SSURGO points...
Processed 810/251223 SSURGO points...
Processed 820/251223 SSURGO points...
Processed 830/251223 SSURGO points...
Processed 840/251223 SSURGO points...
Processed 850/251223 SSURGO points...
Processed 860/251223 SSURGO points...
Processed 870/251223 SSURGO points...
Processed 880/251223 SSURGO points...
Processed 890/251223 SSURGO points...
Processed 900/251223 SSURGO points...
Processed 910/251223 SSURGO points...
Processed 920/251223 SSURGO points...
Processed 930/251223 SSURGO points...
Processed 940/251223 SSURGO points...
Processed 950/251223 SSURGO points...
Processed 960/251223 SSURGO points...
Processed 970/251223 SSURGO points...
Processed 980/251223 SSURGO points...
Processed 990/251223 SSURGO points...
Processed 1000/251223 SSURGO points...
Processed 1010/251223 SSURGO points...
Processed 1020/251223 SSURGO points...
Processed 1030/251223 SSURGO points...
Processed 1040/251223 SSURGO points...
Processed 1050/251223 SSURGO points...
Processed 1060/251223 SSURGO points...
Processed 1070/251223 SSURGO points...
Processed 1080/251223 SSURGO points...
Processed 1090/251223 SSURGO points...
Processed 1100/251223 SSURGO points...
Processed 1110/251223 SSURGO points...
Processed 1120/251223 SSURGO points...
Processed 1130/251223 SSURGO points...
Processed 1140/251223 SSURGO points...
Processed 1150/251223 SSURGO points...
Processed 1160/251223 SSURGO points...
Processed 1170/251223 SSURGO points...
Processed 1180/251223 SSURGO points...
Processed 1190/251223 SSURGO points...
Processed 1200/251223 SSURGO points...
Processed 1210/251223 SSURGO points...
Processed 1220/251223 SSURGO points...
Processed 1230/251223 SSURGO points...
Processed 1240/251223 SSURGO points...
Processed 1250/251223 SSURGO points...
Processed 1260/251223 SSURGO points...
Processed 1270/251223 SSURGO points...
Processed 1280/251223 SSURGO points...
Processed 1290/251223 SSURGO points...
Processed 1300/251223 SSURGO points...
Processed 1310/251223 SSURGO points...
Processed 1320/251223 SSURGO points...
Processed 1330/251223 SSURGO points...
Processed 1340/251223 SSURGO points...
Processed 1350/251223 SSURGO points...
Processed 1360/251223 SSURGO points...
Processed 1370/251223 SSURGO points...
Processed 1380/251223 SSURGO points...
Processed 1390/251223 SSURGO points...
Processed 1400/251223 SSURGO points...
Processed 1410/251223 SSURGO points...
Processed 1420/251223 SSURGO points...
Processed 1430/251223 SSURGO points...
Processed 1440/251223 SSURGO points...
Processed 1450/251223 SSURGO points...
Processed 1460/251223 SSURGO points...
Processed 1470/251223 SSURGO points...
Processed 1480/251223 SSURGO points...
Processed 1490/251223 SSURGO points...
Processed 1500/251223 SSURGO points...
Processed 1510/251223 SSURGO points...
Processed 1520/251223 SSURGO points...
Processed 1530/251223 SSURGO points...
Processed 1540/251223 SSURGO points...
Processed 1550/251223 SSURGO points...
Processed 1560/251223 SSURGO points...
Processed 1570/251223 SSURGO points...
Processed 1580/251223 SSURGO points...
Processed 1590/251223 SSURGO points...
Processed 1600/251223 SSURGO points...
Processed 1610/251223 SSURGO points...
Processed 1620/251223 SSURGO points...
Processed 1630/251223 SSURGO points...
Processed 1640/251223 SSURGO points...
Processed 1650/251223 SSURGO points...
Processed 1660/251223 SSURGO points...
Processed 1670/251223 SSURGO points...
Processed 1680/251223 SSURGO points...
Processed 1690/251223 SSURGO points...
Processed 1700/251223 SSURGO points...
Processed 1710/251223 SSURGO points...
Processed 1720/251223 SSURGO points...
Processed 1730/251223 SSURGO points...
Processed 1740/251223 SSURGO points...
Processed 1750/251223 SSURGO points...
Processed 1760/251223 SSURGO points...
Processed 1770/251223 SSURGO points...
Processed 1780/251223 SSURGO points...
Processed 1790/251223 SSURGO points...
Processed 1800/251223 SSURGO points...
Processed 1810/251223 SSURGO points...
Processed 1820/251223 SSURGO points...
Processed 1830/251223 SSURGO points...
Processed 1840/251223 SSURGO points...
Processed 1850/251223 SSURGO points...
Processed 1860/251223 SSURGO points...
Processed 1870/251223 SSURGO points...
Processed 1880/251223 SSURGO points...
Processed 1890/251223 SSURGO points...
Processed 1900/251223 SSURGO points...
Processed 1910/251223 SSURGO points...
Processed 1920/251223 SSURGO points...
Processed 1930/251223 SSURGO points...
Processed 1940/251223 SSURGO points...
Processed 1950/251223 SSURGO points...
Processed 1960/251223 SSURGO points...
Processed 1970/251223 SSURGO points...
Processed 1980/251223 SSURGO points...
Processed 1990/251223 SSURGO points...
Processed 2000/251223 SSURGO points...
Processed 2010/251223 SSURGO points...
Processed 2020/251223 SSURGO points...
Processed 2030/251223 SSURGO points...
Processed 2040/251223 SSURGO points...
Processed 2050/251223 SSURGO points...
Processed 2060/251223 SSURGO points...
Processed 2070/251223 SSURGO points...
Processed 2080/251223 SSURGO points...
Processed 2090/251223 SSURGO points...
Processed 2100/251223 SSURGO points...
Processed 2110/251223 SSURGO points...
Processed 2120/251223 SSURGO points...
Processed 2130/251223 SSURGO points...
Processed 2140/251223 SSURGO points...
Processed 2150/251223 SSURGO points...
Processed 2160/251223 SSURGO points...
Processed 2170/251223 SSURGO points...
Processed 2180/251223 SSURGO points...
Processed 2190/251223 SSURGO points...
Processed 2200/251223 SSURGO points...
Processed 2210/251223 SSURGO points...
Processed 2220/251223 SSURGO points...
Processed 2230/251223 SSURGO points...
Processed 2240/251223 SSURGO points...
Processed 2250/251223 SSURGO points...
Processed 2260/251223 SSURGO points...
Processed 2270/251223 SSURGO points...
Processed 2280/251223 SSURGO points...
Processed 2290/251223 SSURGO points...
Processed 2300/251223 SSURGO points...
Processed 2310/251223 SSURGO points...
Processed 2320/251223 SSURGO points...
Processed 2330/251223 SSURGO points...
Processed 2340/251223 SSURGO points...
Processed 2350/251223 SSURGO points...
Processed 2360/251223 SSURGO points...
Processed 2370/251223 SSURGO points...
Processed 2380/251223 SSURGO points...
Processed 2390/251223 SSURGO points...
Processed 2400/251223 SSURGO points...
Processed 2410/251223 SSURGO points...
Processed 2420/251223 SSURGO points...
Processed 2430/251223 SSURGO points...
Processed 2440/251223 SSURGO points...
Processed 2450/251223 SSURGO points...
Processed 2460/251223 SSURGO points...
Processed 2470/251223 SSURGO points...
Processed 2480/251223 SSURGO points...
Processed 2490/251223 SSURGO points...
Processed 2500/251223 SSURGO points...
Processed 2510/251223 SSURGO points...
Processed 2520/251223 SSURGO points...
Processed 2530/251223 SSURGO points...
Processed 2540/251223 SSURGO points...
Processed 2550/251223 SSURGO points...
Processed 2560/251223 SSURGO points...
Processed 2570/251223 SSURGO points...
Processed 2580/251223 SSURGO points...
Processed 2590/251223 SSURGO points...
Processed 2600/251223 SSURGO points...
Processed 2610/251223 SSURGO points...
Processed 2620/251223 SSURGO points...
Processed 2630/251223 SSURGO points...
Processed 2640/251223 SSURGO points...
Processed 2650/251223 SSURGO points...
Processed 2660/251223 SSURGO points...
Processed 2670/251223 SSURGO points...
Processed 2680/251223 SSURGO points...
Processed 2690/251223 SSURGO points...
Processed 2700/251223 SSURGO points...
Processed 2710/251223 SSURGO points...
Processed 2720/251223 SSURGO points...
Processed 2730/251223 SSURGO points...
Processed 2740/251223 SSURGO points...
Processed 2750/251223 SSURGO points...
Processed 2760/251223 SSURGO points...
Processed 2770/251223 SSURGO points...
Processed 2780/251223 SSURGO points...
Processed 2790/251223 SSURGO points...
Processed 2800/251223 SSURGO points...
Processed 2810/251223 SSURGO points...
Processed 2820/251223 SSURGO points...
Processed 2830/251223 SSURGO points...
Processed 2840/251223 SSURGO points...
Processed 2850/251223 SSURGO points...
Processed 2860/251223 SSURGO points...
Processed 2870/251223 SSURGO points...
Processed 2880/251223 SSURGO points...
Processed 2890/251223 SSURGO points...
Processed 2900/251223 SSURGO points...
Processed 2910/251223 SSURGO points...
Processed 2920/251223 SSURGO points...
Processed 2930/251223 SSURGO points...
Processed 2940/251223 SSURGO points...
Processed 2950/251223 SSURGO points...
Processed 2960/251223 SSURGO points...
Processed 2970/251223 SSURGO points...
Processed 2980/251223 SSURGO points...
Processed 2990/251223 SSURGO points...
Processed 3000/251223 SSURGO points...
Processed 3010/251223 SSURGO points...
Processed 3020/251223 SSURGO points...
Processed 3030/251223 SSURGO points...
Processed 3040/251223 SSURGO points...
Processed 3050/251223 SSURGO points...
Processed 3060/251223 SSURGO points...
Processed 3070/251223 SSURGO points...
Processed 3080/251223 SSURGO points...
Processed 3090/251223 SSURGO points...
Processed 3100/251223 SSURGO points...
Processed 3110/251223 SSURGO points...
Processed 3120/251223 SSURGO points...
Processed 3130/251223 SSURGO points...
Processed 3140/251223 SSURGO points...
Processed 3150/251223 SSURGO points...
Processed 3160/251223 SSURGO points...
Processed 3170/251223 SSURGO points...
Processed 3180/251223 SSURGO points...
Processed 3190/251223 SSURGO points...
Processed 3200/251223 SSURGO points...
Processed 3210/251223 SSURGO points...
Processed 3220/251223 SSURGO points...
Processed 3230/251223 SSURGO points...
Processed 3240/251223 SSURGO points...
Processed 3250/251223 SSURGO points...
Processed 3260/251223 SSURGO points...
Processed 3270/251223 SSURGO points...
Processed 3280/251223 SSURGO points...
Processed 3290/251223 SSURGO points...
Processed 3300/251223 SSURGO points...
Processed 3310/251223 SSURGO points...
Processed 3320/251223 SSURGO points...
Processed 3330/251223 SSURGO points...
Processed 3340/251223 SSURGO points...
Processed 3350/251223 SSURGO points...
Processed 3360/251223 SSURGO points...
Processed 3370/251223 SSURGO points...
Processed 3380/251223 SSURGO points...
Processed 3390/251223 SSURGO points...
Processed 3400/251223 SSURGO points...
Processed 3410/251223 SSURGO points...
Processed 3420/251223 SSURGO points...
Processed 3430/251223 SSURGO points...
Processed 3440/251223 SSURGO points...
Processed 3450/251223 SSURGO points...
Processed 3460/251223 SSURGO points...
Processed 3470/251223 SSURGO points...
Processed 3480/251223 SSURGO points...
Processed 3490/251223 SSURGO points...
Processed 3500/251223 SSURGO points...
Processed 3510/251223 SSURGO points...
Processed 3520/251223 SSURGO points...
Processed 3530/251223 SSURGO points...
Processed 3540/251223 SSURGO points...
Processed 3550/251223 SSURGO points...
Processed 3560/251223 SSURGO points...
Processed 3570/251223 SSURGO points...
Processed 3580/251223 SSURGO points...
Processed 3590/251223 SSURGO points...
Processed 3600/251223 SSURGO points...
Processed 3610/251223 SSURGO points...
Processed 3620/251223 SSURGO points...
Processed 3630/251223 SSURGO points...
Processed 3640/251223 SSURGO points...
Processed 3650/251223 SSURGO points...
Processed 3660/251223 SSURGO points...
Processed 3670/251223 SSURGO points...
Processed 3680/251223 SSURGO points...
Processed 3690/251223 SSURGO points...
Processed 3700/251223 SSURGO points...
Processed 3710/251223 SSURGO points...
Processed 3720/251223 SSURGO points...
Processed 3730/251223 SSURGO points...
Processed 3740/251223 SSURGO points...
Processed 3750/251223 SSURGO points...
Processed 3760/251223 SSURGO points...
Processed 3770/251223 SSURGO points...
Processed 3780/251223 SSURGO points...
Processed 3790/251223 SSURGO points...
Processed 3800/251223 SSURGO points...
Processed 3810/251223 SSURGO points...
Processed 3820/251223 SSURGO points...
Processed 3830/251223 SSURGO points...
Processed 3840/251223 SSURGO points...
Processed 3850/251223 SSURGO points...
Processed 3860/251223 SSURGO points...
Processed 3870/251223 SSURGO points...
Processed 3880/251223 SSURGO points...
Processed 3890/251223 SSURGO points...
Processed 3900/251223 SSURGO points...
Processed 3910/251223 SSURGO points...
Processed 3920/251223 SSURGO points...
Processed 3930/251223 SSURGO points...
Processed 3940/251223 SSURGO points...
Processed 3950/251223 SSURGO points...
Processed 3960/251223 SSURGO points...
Processed 3970/251223 SSURGO points...
Processed 3980/251223 SSURGO points...
Processed 3990/251223 SSURGO points...
Processed 4000/251223 SSURGO points...
Processed 4010/251223 SSURGO points...
Processed 4020/251223 SSURGO points...
Processed 4030/251223 SSURGO points...
Processed 4040/251223 SSURGO points...
Processed 4050/251223 SSURGO points...
Processed 4060/251223 SSURGO points...
Processed 4070/251223 SSURGO points...
Processed 4080/251223 SSURGO points...
Processed 4090/251223 SSURGO points...
Processed 4100/251223 SSURGO points...
Processed 4110/251223 SSURGO points...
Processed 4120/251223 SSURGO points...
Processed 4130/251223 SSURGO points...
Processed 4140/251223 SSURGO points...
Processed 4150/251223 SSURGO points...
Processed 4160/251223 SSURGO points...
Processed 4170/251223 SSURGO points...
Processed 4180/251223 SSURGO points...
Processed 4190/251223 SSURGO points...
Processed 4200/251223 SSURGO points...
Processed 4210/251223 SSURGO points...
Processed 4220/251223 SSURGO points...
Processed 4230/251223 SSURGO points...
Processed 4240/251223 SSURGO points...
Processed 4250/251223 SSURGO points...
Processed 4260/251223 SSURGO points...
Processed 4270/251223 SSURGO points...
Processed 4280/251223 SSURGO points...
Processed 4290/251223 SSURGO points...
Processed 4300/251223 SSURGO points...
Processed 4310/251223 SSURGO points...
Processed 4320/251223 SSURGO points...
Processed 4330/251223 SSURGO points...
Processed 4340/251223 SSURGO points...
Processed 4350/251223 SSURGO points...
Processed 4360/251223 SSURGO points...
Processed 4370/251223 SSURGO points...
Processed 4380/251223 SSURGO points...
Processed 4390/251223 SSURGO points...
Processed 4400/251223 SSURGO points...
Processed 4410/251223 SSURGO points...
Processed 4420/251223 SSURGO points...
Processed 4430/251223 SSURGO points...
Processed 4440/251223 SSURGO points...
Processed 4450/251223 SSURGO points...
Processed 4460/251223 SSURGO points...
Processed 4470/251223 SSURGO points...
Processed 4480/251223 SSURGO points...
Processed 4490/251223 SSURGO points...
Processed 4500/251223 SSURGO points...
Processed 4510/251223 SSURGO points...
Processed 4520/251223 SSURGO points...
Processed 4530/251223 SSURGO points...
Processed 4540/251223 SSURGO points...
Processed 4550/251223 SSURGO points...
Processed 4560/251223 SSURGO points...
Processed 4570/251223 SSURGO points...
Processed 4580/251223 SSURGO points...
Processed 4590/251223 SSURGO points...
Processed 4600/251223 SSURGO points...
Processed 4610/251223 SSURGO points...
Processed 4620/251223 SSURGO points...
Processed 4630/251223 SSURGO points...
Processed 4640/251223 SSURGO points...
Processed 4650/251223 SSURGO points...
Processed 4660/251223 SSURGO points...
Processed 4670/251223 SSURGO points...
Processed 4680/251223 SSURGO points...
Processed 4690/251223 SSURGO points...
Processed 4700/251223 SSURGO points...
Processed 4710/251223 SSURGO points...
Processed 4720/251223 SSURGO points...
Processed 4730/251223 SSURGO points...
Processed 4740/251223 SSURGO points...
Processed 4750/251223 SSURGO points...
Processed 4760/251223 SSURGO points...
Processed 4770/251223 SSURGO points...
Processed 4780/251223 SSURGO points...
Processed 4790/251223 SSURGO points...
Processed 4800/251223 SSURGO points...
Processed 4810/251223 SSURGO points...
Processed 4820/251223 SSURGO points...
Processed 4830/251223 SSURGO points...
Processed 4840/251223 SSURGO points...
Processed 4850/251223 SSURGO points...
Processed 4860/251223 SSURGO points...
Processed 4870/251223 SSURGO points...
Processed 4880/251223 SSURGO points...
Processed 4890/251223 SSURGO points...
Processed 4900/251223 SSURGO points...
Processed 4910/251223 SSURGO points...
Processed 4920/251223 SSURGO points...
Processed 4930/251223 SSURGO points...
Processed 4940/251223 SSURGO points...
Processed 4950/251223 SSURGO points...
Processed 4960/251223 SSURGO points...
Processed 4970/251223 SSURGO points...
Processed 4980/251223 SSURGO points...
Processed 4990/251223 SSURGO points...
Processed 5000/251223 SSURGO points...
Processed 5010/251223 SSURGO points...
Processed 5020/251223 SSURGO points...
Processed 5030/251223 SSURGO points...
Processed 5040/251223 SSURGO points...
Processed 5050/251223 SSURGO points...
Processed 5060/251223 SSURGO points...
Processed 5070/251223 SSURGO points...
Processed 5080/251223 SSURGO points...
Processed 5090/251223 SSURGO points...
Processed 5100/251223 SSURGO points...
Processed 5110/251223 SSURGO points...
Processed 5120/251223 SSURGO points...
Processed 5130/251223 SSURGO points...
Processed 5140/251223 SSURGO points...
Processed 5150/251223 SSURGO points...
Processed 5160/251223 SSURGO points...
Processed 5170/251223 SSURGO points...
Processed 5180/251223 SSURGO points...
Processed 5190/251223 SSURGO points...
Processed 5200/251223 SSURGO points...
Processed 5210/251223 SSURGO points...
Processed 5220/251223 SSURGO points...
Processed 5230/251223 SSURGO points...
Processed 5240/251223 SSURGO points...
Processed 5250/251223 SSURGO points...
Processed 5260/251223 SSURGO points...
Processed 5270/251223 SSURGO points...
Processed 5280/251223 SSURGO points...
Processed 5290/251223 SSURGO points...
Processed 5300/251223 SSURGO points...
Processed 5310/251223 SSURGO points...
Processed 5320/251223 SSURGO points...
Processed 5330/251223 SSURGO points...
Processed 5340/251223 SSURGO points...
Processed 5350/251223 SSURGO points...
Processed 5360/251223 SSURGO points...
Processed 5370/251223 SSURGO points...
Processed 5380/251223 SSURGO points...
Processed 5390/251223 SSURGO points...
Processed 5400/251223 SSURGO points...
Processed 5410/251223 SSURGO points...
Processed 5420/251223 SSURGO points...
Processed 5430/251223 SSURGO points...
Processed 5440/251223 SSURGO points...
Processed 5450/251223 SSURGO points...
Processed 5460/251223 SSURGO points...
Processed 5470/251223 SSURGO points...
Processed 5480/251223 SSURGO points...
Processed 5490/251223 SSURGO points...
Processed 5500/251223 SSURGO points...
Processed 5510/251223 SSURGO points...
Processed 5520/251223 SSURGO points...
Processed 5530/251223 SSURGO points...
Processed 5540/251223 SSURGO points...
Processed 5550/251223 SSURGO points...
Processed 5560/251223 SSURGO points...
Processed 5570/251223 SSURGO points...
Processed 5580/251223 SSURGO points...
Processed 5590/251223 SSURGO points...
Processed 5600/251223 SSURGO points...
Processed 5610/251223 SSURGO points...
Processed 5620/251223 SSURGO points...
Processed 5630/251223 SSURGO points...
Processed 5640/251223 SSURGO points...
Processed 5650/251223 SSURGO points...
Processed 5660/251223 SSURGO points...
Processed 5670/251223 SSURGO points...
Processed 5680/251223 SSURGO points...
Processed 5690/251223 SSURGO points...
Processed 5700/251223 SSURGO points...
Processed 5710/251223 SSURGO points...
Processed 5720/251223 SSURGO points...
Processed 5730/251223 SSURGO points...
Processed 5740/251223 SSURGO points...
Processed 5750/251223 SSURGO points...
Processed 5760/251223 SSURGO points...
Processed 5770/251223 SSURGO points...
Processed 5780/251223 SSURGO points...
Processed 5790/251223 SSURGO points...
Processed 5800/251223 SSURGO points...
Processed 5810/251223 SSURGO points...
Processed 5820/251223 SSURGO points...
Processed 5830/251223 SSURGO points...
Processed 5840/251223 SSURGO points...
Processed 5850/251223 SSURGO points...
Processed 5860/251223 SSURGO points...
Processed 5870/251223 SSURGO points...
Processed 5880/251223 SSURGO points...
Processed 5890/251223 SSURGO points...
Processed 5900/251223 SSURGO points...
Processed 5910/251223 SSURGO points...
Processed 5920/251223 SSURGO points...
Processed 5930/251223 SSURGO points...
Processed 5940/251223 SSURGO points...
Processed 5950/251223 SSURGO points...
Processed 5960/251223 SSURGO points...
Processed 5970/251223 SSURGO points...
Processed 5980/251223 SSURGO points...
Processed 5990/251223 SSURGO points...
Processed 6000/251223 SSURGO points...
Processed 6010/251223 SSURGO points...
Processed 6020/251223 SSURGO points...
Processed 6030/251223 SSURGO points...
Processed 6040/251223 SSURGO points...
Processed 6050/251223 SSURGO points...
Processed 6060/251223 SSURGO points...
Processed 6070/251223 SSURGO points...
Processed 6080/251223 SSURGO points...
Processed 6090/251223 SSURGO points...
Processed 6100/251223 SSURGO points...
Processed 6110/251223 SSURGO points...
Processed 6120/251223 SSURGO points...
Processed 6130/251223 SSURGO points...
Processed 6140/251223 SSURGO points...
Processed 6150/251223 SSURGO points...
Processed 6160/251223 SSURGO points...
Processed 6170/251223 SSURGO points...
Processed 6180/251223 SSURGO points...
Processed 6190/251223 SSURGO points...
Processed 6200/251223 SSURGO points...
Processed 6210/251223 SSURGO points...
Processed 6220/251223 SSURGO points...
Processed 6230/251223 SSURGO points...
Processed 6240/251223 SSURGO points...
Processed 6250/251223 SSURGO points...
Processed 6260/251223 SSURGO points...
Processed 6270/251223 SSURGO points...
Processed 6280/251223 SSURGO points...
Processed 6290/251223 SSURGO points...
Processed 6300/251223 SSURGO points...
Processed 6310/251223 SSURGO points...
Processed 6320/251223 SSURGO points...
Processed 6330/251223 SSURGO points...
Processed 6340/251223 SSURGO points...
Processed 6350/251223 SSURGO points...
Processed 6360/251223 SSURGO points...
Processed 6370/251223 SSURGO points...
Processed 6380/251223 SSURGO points...
Processed 6390/251223 SSURGO points...
Processed 6400/251223 SSURGO points...
Processed 6410/251223 SSURGO points...
Processed 6420/251223 SSURGO points...
Processed 6430/251223 SSURGO points...
Processed 6440/251223 SSURGO points...
Processed 6450/251223 SSURGO points...
Processed 6460/251223 SSURGO points...
Processed 6470/251223 SSURGO points...
Processed 6480/251223 SSURGO points...
Processed 6490/251223 SSURGO points...
Processed 6500/251223 SSURGO points...
Processed 6510/251223 SSURGO points...
Processed 6520/251223 SSURGO points...
Processed 6530/251223 SSURGO points...
Processed 6540/251223 SSURGO points...
Processed 6550/251223 SSURGO points...
Processed 6560/251223 SSURGO points...
Processed 6570/251223 SSURGO points...
Processed 6580/251223 SSURGO points...
Processed 6590/251223 SSURGO points...
Processed 6600/251223 SSURGO points...
Processed 6610/251223 SSURGO points...
Processed 6620/251223 SSURGO points...
Processed 6630/251223 SSURGO points...
Processed 6640/251223 SSURGO points...
Processed 6650/251223 SSURGO points...
Processed 6660/251223 SSURGO points...
Processed 6670/251223 SSURGO points...
Processed 6680/251223 SSURGO points...
Processed 6690/251223 SSURGO points...
Processed 6700/251223 SSURGO points...
Processed 6710/251223 SSURGO points...
Processed 6720/251223 SSURGO points...
Processed 6730/251223 SSURGO points...
Processed 6740/251223 SSURGO points...
Processed 6750/251223 SSURGO points...
Processed 6760/251223 SSURGO points...
Processed 6770/251223 SSURGO points...
Processed 6780/251223 SSURGO points...
Processed 6790/251223 SSURGO points...
Processed 6800/251223 SSURGO points...
Processed 6810/251223 SSURGO points...
Processed 6820/251223 SSURGO points...
Processed 6830/251223 SSURGO points...
Processed 6840/251223 SSURGO points...
Processed 6850/251223 SSURGO points...
Processed 6860/251223 SSURGO points...
Processed 6870/251223 SSURGO points...
Processed 6880/251223 SSURGO points...
Processed 6890/251223 SSURGO points...
Processed 6900/251223 SSURGO points...
Processed 6910/251223 SSURGO points...
Processed 6920/251223 SSURGO points...
Processed 6930/251223 SSURGO points...
Processed 6940/251223 SSURGO points...
Processed 6950/251223 SSURGO points...
Processed 6960/251223 SSURGO points...
Processed 6970/251223 SSURGO points...
Processed 6980/251223 SSURGO points...
Processed 6990/251223 SSURGO points...
Processed 7000/251223 SSURGO points...
Processed 7010/251223 SSURGO points...
Processed 7020/251223 SSURGO points...
Processed 7030/251223 SSURGO points...
Processed 7040/251223 SSURGO points...
Processed 7050/251223 SSURGO points...
Processed 7060/251223 SSURGO points...
Processed 7070/251223 SSURGO points...
Processed 7080/251223 SSURGO points...
Processed 7090/251223 SSURGO points...
Processed 7100/251223 SSURGO points...
Processed 7110/251223 SSURGO points...
Processed 7120/251223 SSURGO points...
Processed 7130/251223 SSURGO points...
Processed 7140/251223 SSURGO points...
Processed 7150/251223 SSURGO points...
Processed 7160/251223 SSURGO points...
Processed 7170/251223 SSURGO points...
Processed 7180/251223 SSURGO points...
Processed 7190/251223 SSURGO points...
Processed 7200/251223 SSURGO points...
Processed 7210/251223 SSURGO points...
Processed 7220/251223 SSURGO points...
Processed 7230/251223 SSURGO points...
Processed 7240/251223 SSURGO points...
Processed 7250/251223 SSURGO points...
Processed 7260/251223 SSURGO points...
Processed 7270/251223 SSURGO points...
Processed 7280/251223 SSURGO points...
Processed 7290/251223 SSURGO points...
Processed 7300/251223 SSURGO points...
Processed 7310/251223 SSURGO points...
Processed 7320/251223 SSURGO points...
Processed 7330/251223 SSURGO points...
Processed 7340/251223 SSURGO points...
Processed 7350/251223 SSURGO points...
Processed 7360/251223 SSURGO points...
Processed 7370/251223 SSURGO points...
Processed 7380/251223 SSURGO points...
Processed 7390/251223 SSURGO points...
Processed 7400/251223 SSURGO points...
Processed 7410/251223 SSURGO points...
Processed 7420/251223 SSURGO points...
Processed 7430/251223 SSURGO points...
Processed 7440/251223 SSURGO points...
Processed 7450/251223 SSURGO points...
Processed 7460/251223 SSURGO points...
Processed 7470/251223 SSURGO points...
Processed 7480/251223 SSURGO points...
Processed 7490/251223 SSURGO points...
Processed 7500/251223 SSURGO points...
Processed 7510/251223 SSURGO points...
Processed 7520/251223 SSURGO points...
Processed 7530/251223 SSURGO points...
Processed 7540/251223 SSURGO points...
Processed 7550/251223 SSURGO points...
Processed 7560/251223 SSURGO points...
Processed 7570/251223 SSURGO points...
Processed 7580/251223 SSURGO points...
Processed 7590/251223 SSURGO points...
Processed 7600/251223 SSURGO points...
Processed 7610/251223 SSURGO points...
Processed 7620/251223 SSURGO points...
Processed 7630/251223 SSURGO points...
Processed 7640/251223 SSURGO points...
Processed 7650/251223 SSURGO points...
Processed 7660/251223 SSURGO points...
Processed 7670/251223 SSURGO points...
Processed 7680/251223 SSURGO points...
Processed 7690/251223 SSURGO points...
Processed 7700/251223 SSURGO points...
Processed 7710/251223 SSURGO points...
Processed 7720/251223 SSURGO points...
Processed 7730/251223 SSURGO points...
Processed 7740/251223 SSURGO points...
Processed 7750/251223 SSURGO points...
Processed 7760/251223 SSURGO points...
Processed 7770/251223 SSURGO points...
Processed 7780/251223 SSURGO points...
Processed 7790/251223 SSURGO points...
Processed 7800/251223 SSURGO points...
Processed 7810/251223 SSURGO points...
Processed 7820/251223 SSURGO points...
Processed 7830/251223 SSURGO points...
Processed 7840/251223 SSURGO points...
Processed 7850/251223 SSURGO points...
Processed 7860/251223 SSURGO points...
Processed 7870/251223 SSURGO points...
Processed 7880/251223 SSURGO points...
Processed 7890/251223 SSURGO points...
Processed 7900/251223 SSURGO points...
Processed 7910/251223 SSURGO points...
Processed 7920/251223 SSURGO points...
Processed 7930/251223 SSURGO points...
Processed 7940/251223 SSURGO points...
Processed 7950/251223 SSURGO points...
Processed 7960/251223 SSURGO points...
Processed 7970/251223 SSURGO points...
Processed 7980/251223 SSURGO points...
Processed 7990/251223 SSURGO points...
Processed 8000/251223 SSURGO points...
Processed 8010/251223 SSURGO points...
Processed 8020/251223 SSURGO points...
Processed 8030/251223 SSURGO points...
Processed 8040/251223 SSURGO points...
Processed 8050/251223 SSURGO points...
Processed 8060/251223 SSURGO points...
Processed 8070/251223 SSURGO points...
Processed 8080/251223 SSURGO points...
Processed 8090/251223 SSURGO points...
Processed 8100/251223 SSURGO points...
Processed 8110/251223 SSURGO points...
Processed 8120/251223 SSURGO points...
Processed 8130/251223 SSURGO points...
Processed 8140/251223 SSURGO points...
Processed 8150/251223 SSURGO points...
Processed 8160/251223 SSURGO points...
Processed 8170/251223 SSURGO points...
Processed 8180/251223 SSURGO points...
Processed 8190/251223 SSURGO points...
Processed 8200/251223 SSURGO points...
Processed 8210/251223 SSURGO points...
Processed 8220/251223 SSURGO points...
Processed 8230/251223 SSURGO points...
Processed 8240/251223 SSURGO points...
Processed 8250/251223 SSURGO points...
Processed 8260/251223 SSURGO points...
Processed 8270/251223 SSURGO points...
Processed 8280/251223 SSURGO points...
Processed 8290/251223 SSURGO points...
Processed 8300/251223 SSURGO points...
Processed 8310/251223 SSURGO points...
Processed 8320/251223 SSURGO points...
Processed 8330/251223 SSURGO points...
Processed 8340/251223 SSURGO points...
Processed 8350/251223 SSURGO points...
Processed 8360/251223 SSURGO points...
Processed 8370/251223 SSURGO points...
Processed 8380/251223 SSURGO points...
Processed 8390/251223 SSURGO points...
Processed 8400/251223 SSURGO points...
Processed 8410/251223 SSURGO points...
Processed 8420/251223 SSURGO points...
Processed 8430/251223 SSURGO points...
Processed 8440/251223 SSURGO points...
Processed 8450/251223 SSURGO points...
Processed 8460/251223 SSURGO points...
Processed 8470/251223 SSURGO points...
Processed 8480/251223 SSURGO points...
Processed 8490/251223 SSURGO points...
Processed 8500/251223 SSURGO points...
Processed 8510/251223 SSURGO points...
Processed 8520/251223 SSURGO points...
Processed 8530/251223 SSURGO points...
Processed 8540/251223 SSURGO points...
Processed 8550/251223 SSURGO points...
Processed 8560/251223 SSURGO points...
Processed 8570/251223 SSURGO points...
Processed 8580/251223 SSURGO points...
Processed 8590/251223 SSURGO points...
Processed 8600/251223 SSURGO points...
Processed 8610/251223 SSURGO points...
Processed 8620/251223 SSURGO points...
Processed 8630/251223 SSURGO points...
Processed 8640/251223 SSURGO points...
Processed 8650/251223 SSURGO points...
Processed 8660/251223 SSURGO points...
Processed 8670/251223 SSURGO points...
Processed 8680/251223 SSURGO points...
Processed 8690/251223 SSURGO points...
Processed 8700/251223 SSURGO points...
Processed 8710/251223 SSURGO points...
Processed 8720/251223 SSURGO points...
Processed 8730/251223 SSURGO points...
Processed 8740/251223 SSURGO points...
Processed 8750/251223 SSURGO points...
Processed 8760/251223 SSURGO points...
Processed 8770/251223 SSURGO points...
Processed 8780/251223 SSURGO points...
Processed 8790/251223 SSURGO points...
Processed 8800/251223 SSURGO points...
Processed 8810/251223 SSURGO points...
Processed 8820/251223 SSURGO points...
Processed 8830/251223 SSURGO points...
Processed 8840/251223 SSURGO points...
Processed 8850/251223 SSURGO points...
Processed 8860/251223 SSURGO points...
Processed 8870/251223 SSURGO points...
Processed 8880/251223 SSURGO points...
Processed 8890/251223 SSURGO points...
Processed 8900/251223 SSURGO points...
Processed 8910/251223 SSURGO points...
Processed 8920/251223 SSURGO points...
Processed 8930/251223 SSURGO points...
Processed 8940/251223 SSURGO points...
Processed 8950/251223 SSURGO points...
Processed 8960/251223 SSURGO points...
Processed 8970/251223 SSURGO points...
Processed 8980/251223 SSURGO points...
Processed 8990/251223 SSURGO points...
Processed 9000/251223 SSURGO points...
Processed 9010/251223 SSURGO points...
Processed 9020/251223 SSURGO points...
Processed 9030/251223 SSURGO points...
Processed 9040/251223 SSURGO points...
Processed 9050/251223 SSURGO points...
Processed 9060/251223 SSURGO points...
Processed 9070/251223 SSURGO points...
Processed 9080/251223 SSURGO points...
Processed 9090/251223 SSURGO points...
Processed 9100/251223 SSURGO points...
Processed 9110/251223 SSURGO points...
Processed 9120/251223 SSURGO points...
Processed 9130/251223 SSURGO points...
Processed 9140/251223 SSURGO points...
Processed 9150/251223 SSURGO points...
Processed 9160/251223 SSURGO points...
Processed 9170/251223 SSURGO points...
Processed 9180/251223 SSURGO points...
Processed 9190/251223 SSURGO points...
Processed 9200/251223 SSURGO points...
Processed 9210/251223 SSURGO points...
Processed 9220/251223 SSURGO points...
Processed 9230/251223 SSURGO points...
Processed 9240/251223 SSURGO points...
Processed 9250/251223 SSURGO points...
Processed 9260/251223 SSURGO points...
Processed 9270/251223 SSURGO points...
Processed 9280/251223 SSURGO points...
Processed 9290/251223 SSURGO points...
Processed 9300/251223 SSURGO points...
Processed 9310/251223 SSURGO points...
Processed 9320/251223 SSURGO points...
Processed 9330/251223 SSURGO points...
Processed 9340/251223 SSURGO points...
Processed 9350/251223 SSURGO points...
Processed 9360/251223 SSURGO points...
Processed 9370/251223 SSURGO points...
Processed 9380/251223 SSURGO points...
Processed 9390/251223 SSURGO points...
Processed 9400/251223 SSURGO points...
Processed 9410/251223 SSURGO points...
Processed 9420/251223 SSURGO points...
Processed 9430/251223 SSURGO points...
Processed 9440/251223 SSURGO points...
Processed 9450/251223 SSURGO points...
Processed 9460/251223 SSURGO points...
Processed 9470/251223 SSURGO points...
Processed 9480/251223 SSURGO points...
Processed 9490/251223 SSURGO points...
Processed 9500/251223 SSURGO points...
Processed 9510/251223 SSURGO points...
Processed 9520/251223 SSURGO points...
Processed 9530/251223 SSURGO points...
Processed 9540/251223 SSURGO points...
Processed 9550/251223 SSURGO points...
Processed 9560/251223 SSURGO points...
Processed 9570/251223 SSURGO points...
Processed 9580/251223 SSURGO points...
Processed 9590/251223 SSURGO points...
Processed 9600/251223 SSURGO points...
Processed 9610/251223 SSURGO points...
Processed 9620/251223 SSURGO points...
Processed 9630/251223 SSURGO points...
Processed 9640/251223 SSURGO points...
Processed 9650/251223 SSURGO points...
Processed 9660/251223 SSURGO points...
Processed 9670/251223 SSURGO points...
Processed 9680/251223 SSURGO points...
Processed 9690/251223 SSURGO points...
Processed 9700/251223 SSURGO points...
Processed 9710/251223 SSURGO points...
Processed 9720/251223 SSURGO points...
Processed 9730/251223 SSURGO points...
Processed 9740/251223 SSURGO points...
Processed 9750/251223 SSURGO points...
Processed 9760/251223 SSURGO points...
Processed 9770/251223 SSURGO points...
Processed 9780/251223 SSURGO points...
Processed 9790/251223 SSURGO points...
Processed 9800/251223 SSURGO points...
Processed 9810/251223 SSURGO points...
Processed 9820/251223 SSURGO points...
Processed 9830/251223 SSURGO points...
Processed 9840/251223 SSURGO points...
Processed 9850/251223 SSURGO points...
Processed 9860/251223 SSURGO points...
Processed 9870/251223 SSURGO points...
Processed 9880/251223 SSURGO points...
Processed 9890/251223 SSURGO points...
Processed 9900/251223 SSURGO points...
Processed 9910/251223 SSURGO points...
Processed 9920/251223 SSURGO points...
Processed 9930/251223 SSURGO points...
Processed 9940/251223 SSURGO points...
Processed 9950/251223 SSURGO points...
Processed 9960/251223 SSURGO points...
Processed 9970/251223 SSURGO points...
Processed 9980/251223 SSURGO points...
Processed 9990/251223 SSURGO points...
Processed 10000/251223 SSURGO points...
Processed 10010/251223 SSURGO points...
Processed 10020/251223 SSURGO points...
Processed 10030/251223 SSURGO points...
Processed 10040/251223 SSURGO points...
Processed 10050/251223 SSURGO points...
Processed 10060/251223 SSURGO points...
Processed 10070/251223 SSURGO points...
Processed 10080/251223 SSURGO points...
Processed 10090/251223 SSURGO points...
Processed 10100/251223 SSURGO points...
Processed 10110/251223 SSURGO points...
Processed 10120/251223 SSURGO points...
Processed 10130/251223 SSURGO points...
Processed 10140/251223 SSURGO points...
Processed 10150/251223 SSURGO points...
Processed 10160/251223 SSURGO points...
Processed 10170/251223 SSURGO points...
Processed 10180/251223 SSURGO points...
Processed 10190/251223 SSURGO points...
Processed 10200/251223 SSURGO points...
Processed 10210/251223 SSURGO points...
Processed 10220/251223 SSURGO points...
Processed 10230/251223 SSURGO points...
Processed 10240/251223 SSURGO points...
Processed 10250/251223 SSURGO points...
Processed 10260/251223 SSURGO points...
Processed 10270/251223 SSURGO points...
Processed 10280/251223 SSURGO points...
Processed 10290/251223 SSURGO points...
Processed 10300/251223 SSURGO points...
Processed 10310/251223 SSURGO points...
Processed 10320/251223 SSURGO points...
Processed 10330/251223 SSURGO points...
Processed 10340/251223 SSURGO points...
Processed 10350/251223 SSURGO points...
Processed 10360/251223 SSURGO points...
Processed 10370/251223 SSURGO points...
Processed 10380/251223 SSURGO points...
Processed 10390/251223 SSURGO points...
Processed 10400/251223 SSURGO points...
Processed 10410/251223 SSURGO points...
Processed 10420/251223 SSURGO points...
Processed 10430/251223 SSURGO points...
Processed 10440/251223 SSURGO points...
Processed 10450/251223 SSURGO points...
Processed 10460/251223 SSURGO points...
Processed 10470/251223 SSURGO points...
Processed 10480/251223 SSURGO points...
Processed 10490/251223 SSURGO points...
Processed 10500/251223 SSURGO points...
Processed 10510/251223 SSURGO points...
Processed 10520/251223 SSURGO points...
Processed 10530/251223 SSURGO points...
Processed 10540/251223 SSURGO points...
Processed 10550/251223 SSURGO points...
Processed 10560/251223 SSURGO points...
Processed 10570/251223 SSURGO points...
Processed 10580/251223 SSURGO points...
Processed 10590/251223 SSURGO points...
Processed 10600/251223 SSURGO points...
Processed 10610/251223 SSURGO points...
Processed 10620/251223 SSURGO points...
Processed 10630/251223 SSURGO points...
Processed 10640/251223 SSURGO points...
Processed 10650/251223 SSURGO points...
Processed 10660/251223 SSURGO points...
Processed 10670/251223 SSURGO points...
Processed 10680/251223 SSURGO points...
Processed 10690/251223 SSURGO points...
Processed 10700/251223 SSURGO points...
Processed 10710/251223 SSURGO points...
Processed 10720/251223 SSURGO points...
Processed 10730/251223 SSURGO points...
Processed 10740/251223 SSURGO points...
Processed 10750/251223 SSURGO points...
Processed 10760/251223 SSURGO points...
Processed 10770/251223 SSURGO points...
Processed 10780/251223 SSURGO points...
Processed 10790/251223 SSURGO points...
Processed 10800/251223 SSURGO points...
Processed 10810/251223 SSURGO points...
Processed 10820/251223 SSURGO points...
Processed 10830/251223 SSURGO points...
Processed 10840/251223 SSURGO points...
Processed 10850/251223 SSURGO points...
Processed 10860/251223 SSURGO points...
Processed 10870/251223 SSURGO points...
Processed 10880/251223 SSURGO points...
Processed 10890/251223 SSURGO points...
Processed 10900/251223 SSURGO points...
Processed 10910/251223 SSURGO points...
Processed 10920/251223 SSURGO points...
Processed 10930/251223 SSURGO points...
Processed 10940/251223 SSURGO points...
Processed 10950/251223 SSURGO points...
Processed 10960/251223 SSURGO points...
Processed 10970/251223 SSURGO points...
Processed 10980/251223 SSURGO points...
Processed 10990/251223 SSURGO points...
Processed 11000/251223 SSURGO points...
Processed 11010/251223 SSURGO points...
Processed 11020/251223 SSURGO points...
Processed 11030/251223 SSURGO points...
Processed 11040/251223 SSURGO points...
Processed 11050/251223 SSURGO points...
Processed 11060/251223 SSURGO points...
Processed 11070/251223 SSURGO points...
Processed 11080/251223 SSURGO points...
Processed 11090/251223 SSURGO points...
Processed 11100/251223 SSURGO points...
Processed 11110/251223 SSURGO points...
Processed 11120/251223 SSURGO points...
Processed 11130/251223 SSURGO points...
Processed 11140/251223 SSURGO points...
Processed 11150/251223 SSURGO points...
Processed 11160/251223 SSURGO points...
Processed 11170/251223 SSURGO points...
Processed 11180/251223 SSURGO points...
Processed 11190/251223 SSURGO points...
Processed 11200/251223 SSURGO points...
Processed 11210/251223 SSURGO points...
Processed 11220/251223 SSURGO points...
Processed 11230/251223 SSURGO points...
Processed 11240/251223 SSURGO points...
Processed 11250/251223 SSURGO points...
Processed 11260/251223 SSURGO points...
Processed 11270/251223 SSURGO points...
Processed 11280/251223 SSURGO points...
Processed 11290/251223 SSURGO points...
Processed 11300/251223 SSURGO points...
Processed 11310/251223 SSURGO points...
Processed 11320/251223 SSURGO points...
Processed 11330/251223 SSURGO points...
Processed 11340/251223 SSURGO points...
Processed 11350/251223 SSURGO points...
Processed 11360/251223 SSURGO points...
Processed 11370/251223 SSURGO points...
Processed 11380/251223 SSURGO points...
Processed 11390/251223 SSURGO points...
Processed 11400/251223 SSURGO points...
Processed 11410/251223 SSURGO points...
Processed 11420/251223 SSURGO points...
Processed 11430/251223 SSURGO points...
Processed 11440/251223 SSURGO points...
Processed 11450/251223 SSURGO points...
Processed 11460/251223 SSURGO points...
Processed 11470/251223 SSURGO points...
Processed 11480/251223 SSURGO points...
Processed 11490/251223 SSURGO points...
Processed 11500/251223 SSURGO points...
Processed 11510/251223 SSURGO points...
Processed 11520/251223 SSURGO points...
Processed 11530/251223 SSURGO points...
Processed 11540/251223 SSURGO points...
Processed 11550/251223 SSURGO points...
Processed 11560/251223 SSURGO points...
Processed 11570/251223 SSURGO points...
Processed 11580/251223 SSURGO points...
Processed 11590/251223 SSURGO points...
Processed 11600/251223 SSURGO points...
Processed 11610/251223 SSURGO points...
Processed 11620/251223 SSURGO points...
Processed 11630/251223 SSURGO points...
Processed 11640/251223 SSURGO points...
Processed 11650/251223 SSURGO points...
Processed 11660/251223 SSURGO points...
Processed 11670/251223 SSURGO points...
Processed 11680/251223 SSURGO points...
Processed 11690/251223 SSURGO points...
Processed 11700/251223 SSURGO points...
Processed 11710/251223 SSURGO points...
Processed 11720/251223 SSURGO points...
Processed 11730/251223 SSURGO points...
Processed 11740/251223 SSURGO points...
Processed 11750/251223 SSURGO points...
Processed 11760/251223 SSURGO points...
Processed 11770/251223 SSURGO points...
Processed 11780/251223 SSURGO points...
Processed 11790/251223 SSURGO points...
Processed 11800/251223 SSURGO points...
Processed 11810/251223 SSURGO points...
Processed 11820/251223 SSURGO points...
Processed 11830/251223 SSURGO points...
Processed 11840/251223 SSURGO points...
Processed 11850/251223 SSURGO points...
Processed 11860/251223 SSURGO points...
Processed 11870/251223 SSURGO points...
Processed 11880/251223 SSURGO points...
Processed 11890/251223 SSURGO points...
Processed 11900/251223 SSURGO points...
Processed 11910/251223 SSURGO points...
Processed 11920/251223 SSURGO points...
Processed 11930/251223 SSURGO points...
Processed 11940/251223 SSURGO points...
Processed 11950/251223 SSURGO points...
Processed 11960/251223 SSURGO points...
Processed 11970/251223 SSURGO points...
Processed 11980/251223 SSURGO points...
Processed 11990/251223 SSURGO points...
Processed 12000/251223 SSURGO points...
Processed 12010/251223 SSURGO points...
Processed 12020/251223 SSURGO points...
Processed 12030/251223 SSURGO points...
Processed 12040/251223 SSURGO points...
Processed 12050/251223 SSURGO points...
Processed 12060/251223 SSURGO points...
Processed 12070/251223 SSURGO points...
Processed 12080/251223 SSURGO points...
Processed 12090/251223 SSURGO points...
Processed 12100/251223 SSURGO points...
Processed 12110/251223 SSURGO points...
Processed 12120/251223 SSURGO points...
Processed 12130/251223 SSURGO points...
Processed 12140/251223 SSURGO points...
Processed 12150/251223 SSURGO points...
Processed 12160/251223 SSURGO points...
Processed 12170/251223 SSURGO points...
Processed 12180/251223 SSURGO points...
Processed 12190/251223 SSURGO points...
Processed 12200/251223 SSURGO points...
Processed 12210/251223 SSURGO points...
Processed 12220/251223 SSURGO points...
Processed 12230/251223 SSURGO points...
Processed 12240/251223 SSURGO points...
Processed 12250/251223 SSURGO points...
Processed 12260/251223 SSURGO points...
Processed 12270/251223 SSURGO points...
Processed 12280/251223 SSURGO points...
Processed 12290/251223 SSURGO points...
Processed 12300/251223 SSURGO points...
Processed 12310/251223 SSURGO points...
Processed 12320/251223 SSURGO points...
Processed 12330/251223 SSURGO points...
Processed 12340/251223 SSURGO points...
Processed 12350/251223 SSURGO points...
Processed 12360/251223 SSURGO points...
Processed 12370/251223 SSURGO points...
Processed 12380/251223 SSURGO points...
Processed 12390/251223 SSURGO points...
Processed 12400/251223 SSURGO points...
Processed 12410/251223 SSURGO points...
Processed 12420/251223 SSURGO points...
Processed 12430/251223 SSURGO points...
Processed 12440/251223 SSURGO points...
Processed 12450/251223 SSURGO points...
Processed 12460/251223 SSURGO points...
Processed 12470/251223 SSURGO points...
Processed 12480/251223 SSURGO points...
Processed 12490/251223 SSURGO points...
Processed 12500/251223 SSURGO points...
Processed 12510/251223 SSURGO points...
Processed 12520/251223 SSURGO points...
Processed 12530/251223 SSURGO points...
Processed 12540/251223 SSURGO points...
Processed 12550/251223 SSURGO points...
Processed 12560/251223 SSURGO points...
Processed 12570/251223 SSURGO points...
Processed 12580/251223 SSURGO points...
Processed 12590/251223 SSURGO points...
Processed 12600/251223 SSURGO points...
Processed 12610/251223 SSURGO points...
Processed 12620/251223 SSURGO points...
Processed 12630/251223 SSURGO points...
Processed 12640/251223 SSURGO points...
Processed 12650/251223 SSURGO points...
Processed 12660/251223 SSURGO points...
Processed 12670/251223 SSURGO points...
Processed 12680/251223 SSURGO points...
Processed 12690/251223 SSURGO points...
Processed 12700/251223 SSURGO points...
Processed 12710/251223 SSURGO points...
Processed 12720/251223 SSURGO points...
Processed 12730/251223 SSURGO points...
Processed 12740/251223 SSURGO points...
Processed 12750/251223 SSURGO points...
Processed 12760/251223 SSURGO points...
Processed 12770/251223 SSURGO points...
Processed 12780/251223 SSURGO points...
Processed 12790/251223 SSURGO points...
Processed 12800/251223 SSURGO points...
Processed 12810/251223 SSURGO points...
Processed 12820/251223 SSURGO points...
Processed 12830/251223 SSURGO points...
Processed 12840/251223 SSURGO points...
Processed 12850/251223 SSURGO points...
Processed 12860/251223 SSURGO points...
Processed 12870/251223 SSURGO points...
Processed 12880/251223 SSURGO points...
Processed 12890/251223 SSURGO points...
Processed 12900/251223 SSURGO points...
Processed 12910/251223 SSURGO points...
Processed 12920/251223 SSURGO points...
Processed 12930/251223 SSURGO points...
Processed 12940/251223 SSURGO points...
Processed 12950/251223 SSURGO points...
Processed 12960/251223 SSURGO points...
Processed 12970/251223 SSURGO points...
Processed 12980/251223 SSURGO points...
Processed 12990/251223 SSURGO points...
Processed 13000/251223 SSURGO points...
Processed 13010/251223 SSURGO points...
Processed 13020/251223 SSURGO points...
Processed 13030/251223 SSURGO points...
Processed 13040/251223 SSURGO points...
Processed 13050/251223 SSURGO points...
Processed 13060/251223 SSURGO points...
Processed 13070/251223 SSURGO points...
Processed 13080/251223 SSURGO points...
Processed 13090/251223 SSURGO points...
Processed 13100/251223 SSURGO points...
Processed 13110/251223 SSURGO points...
Processed 13120/251223 SSURGO points...
Processed 13130/251223 SSURGO points...
Processed 13140/251223 SSURGO points...
Processed 13150/251223 SSURGO points...
Processed 13160/251223 SSURGO points...
Processed 13170/251223 SSURGO points...
Processed 13180/251223 SSURGO points...
Processed 13190/251223 SSURGO points...
Processed 13200/251223 SSURGO points...
Processed 13210/251223 SSURGO points...
Processed 13220/251223 SSURGO points...
Processed 13230/251223 SSURGO points...
Processed 13240/251223 SSURGO points...
Processed 13250/251223 SSURGO points...
Processed 13260/251223 SSURGO points...
Processed 13270/251223 SSURGO points...
Processed 13280/251223 SSURGO points...
Processed 13290/251223 SSURGO points...
Processed 13300/251223 SSURGO points...
Processed 13310/251223 SSURGO points...
Processed 13320/251223 SSURGO points...
Processed 13330/251223 SSURGO points...
Processed 13340/251223 SSURGO points...
Processed 13350/251223 SSURGO points...
Processed 13360/251223 SSURGO points...
Processed 13370/251223 SSURGO points...
Processed 13380/251223 SSURGO points...
Processed 13390/251223 SSURGO points...
Processed 13400/251223 SSURGO points...
Processed 13410/251223 SSURGO points...
Processed 13420/251223 SSURGO points...
Processed 13430/251223 SSURGO points...
Processed 13440/251223 SSURGO points...
Processed 13450/251223 SSURGO points...
Processed 13460/251223 SSURGO points...
Processed 13470/251223 SSURGO points...
Processed 13480/251223 SSURGO points...
Processed 13490/251223 SSURGO points...
Processed 13500/251223 SSURGO points...
Processed 13510/251223 SSURGO points...
Processed 13520/251223 SSURGO points...
Processed 13530/251223 SSURGO points...
Processed 13540/251223 SSURGO points...
Processed 13550/251223 SSURGO points...
Processed 13560/251223 SSURGO points...
Processed 13570/251223 SSURGO points...
Processed 13580/251223 SSURGO points...
Processed 13590/251223 SSURGO points...
Processed 13600/251223 SSURGO points...
Processed 13610/251223 SSURGO points...
Processed 13620/251223 SSURGO points...
Processed 13630/251223 SSURGO points...
Processed 13640/251223 SSURGO points...
Processed 13650/251223 SSURGO points...
Processed 13660/251223 SSURGO points...
Processed 13670/251223 SSURGO points...
Processed 13680/251223 SSURGO points...
Processed 13690/251223 SSURGO points...
Processed 13700/251223 SSURGO points...
Processed 13710/251223 SSURGO points...
Processed 13720/251223 SSURGO points...
Processed 13730/251223 SSURGO points...
Processed 13740/251223 SSURGO points...
Processed 13750/251223 SSURGO points...
Processed 13760/251223 SSURGO points...
Processed 13770/251223 SSURGO points...
Processed 13780/251223 SSURGO points...
Processed 13790/251223 SSURGO points...
Processed 13800/251223 SSURGO points...
Processed 13810/251223 SSURGO points...
Processed 13820/251223 SSURGO points...
Processed 13830/251223 SSURGO points...
Processed 13840/251223 SSURGO points...
Processed 13850/251223 SSURGO points...
Processed 13860/251223 SSURGO points...
Processed 13870/251223 SSURGO points...
Processed 13880/251223 SSURGO points...
Processed 13890/251223 SSURGO points...
Processed 13900/251223 SSURGO points...
Processed 13910/251223 SSURGO points...
Processed 13920/251223 SSURGO points...
Processed 13930/251223 SSURGO points...
Processed 13940/251223 SSURGO points...
Processed 13950/251223 SSURGO points...
Processed 13960/251223 SSURGO points...
Processed 13970/251223 SSURGO points...
Processed 13980/251223 SSURGO points...
Processed 13990/251223 SSURGO points...
Processed 14000/251223 SSURGO points...
Processed 14010/251223 SSURGO points...
Processed 14020/251223 SSURGO points...
Processed 14030/251223 SSURGO points...
Processed 14040/251223 SSURGO points...
Processed 14050/251223 SSURGO points...
Processed 14060/251223 SSURGO points...
Processed 14070/251223 SSURGO points...
Processed 14080/251223 SSURGO points...
Processed 14090/251223 SSURGO points...
Processed 14100/251223 SSURGO points...
Processed 14110/251223 SSURGO points...
Processed 14120/251223 SSURGO points...
Processed 14130/251223 SSURGO points...
Processed 14140/251223 SSURGO points...
Processed 14150/251223 SSURGO points...
Processed 14160/251223 SSURGO points...
Processed 14170/251223 SSURGO points...
Processed 14180/251223 SSURGO points...
Processed 14190/251223 SSURGO points...
Processed 14200/251223 SSURGO points...
Processed 14210/251223 SSURGO points...
Processed 14220/251223 SSURGO points...
Processed 14230/251223 SSURGO points...
Processed 14240/251223 SSURGO points...
Processed 14250/251223 SSURGO points...
Processed 14260/251223 SSURGO points...
Processed 14270/251223 SSURGO points...
Processed 14280/251223 SSURGO points...
Processed 14290/251223 SSURGO points...
Processed 14300/251223 SSURGO points...
Processed 14310/251223 SSURGO points...
Processed 14320/251223 SSURGO points...
Processed 14330/251223 SSURGO points...
Processed 14340/251223 SSURGO points...
Processed 14350/251223 SSURGO points...
Processed 14360/251223 SSURGO points...
Processed 14370/251223 SSURGO points...
Processed 14380/251223 SSURGO points...
Processed 14390/251223 SSURGO points...
Processed 14400/251223 SSURGO points...
Processed 14410/251223 SSURGO points...
Processed 14420/251223 SSURGO points...
Processed 14430/251223 SSURGO points...
Processed 14440/251223 SSURGO points...
Processed 14450/251223 SSURGO points...
Processed 14460/251223 SSURGO points...
Processed 14470/251223 SSURGO points...
Processed 14480/251223 SSURGO points...
Processed 14490/251223 SSURGO points...
Processed 14500/251223 SSURGO points...
Processed 14510/251223 SSURGO points...
Processed 14520/251223 SSURGO points...
Processed 14530/251223 SSURGO points...
Processed 14540/251223 SSURGO points...
Processed 14550/251223 SSURGO points...
Processed 14560/251223 SSURGO points...
Processed 14570/251223 SSURGO points...
Processed 14580/251223 SSURGO points...
Processed 14590/251223 SSURGO points...
Processed 14600/251223 SSURGO points...
Processed 14610/251223 SSURGO points...
Processed 14620/251223 SSURGO points...
Processed 14630/251223 SSURGO points...
Processed 14640/251223 SSURGO points...
Processed 14650/251223 SSURGO points...
Processed 14660/251223 SSURGO points...
Processed 14670/251223 SSURGO points...
Processed 14680/251223 SSURGO points...
Processed 14690/251223 SSURGO points...
Processed 14700/251223 SSURGO points...
Processed 14710/251223 SSURGO points...
Processed 14720/251223 SSURGO points...
Processed 14730/251223 SSURGO points...
Processed 14740/251223 SSURGO points...
Processed 14750/251223 SSURGO points...
Processed 14760/251223 SSURGO points...
Processed 14770/251223 SSURGO points...
Processed 14780/251223 SSURGO points...
Processed 14790/251223 SSURGO points...
Processed 14800/251223 SSURGO points...
Processed 14810/251223 SSURGO points...
Processed 14820/251223 SSURGO points...
Processed 14830/251223 SSURGO points...
Processed 14840/251223 SSURGO points...
Processed 14850/251223 SSURGO points...
Processed 14860/251223 SSURGO points...
Processed 14870/251223 SSURGO points...
Processed 14880/251223 SSURGO points...
Processed 14890/251223 SSURGO points...
Processed 14900/251223 SSURGO points...
Processed 14910/251223 SSURGO points...
Processed 14920/251223 SSURGO points...
Processed 14930/251223 SSURGO points...
Processed 14940/251223 SSURGO points...
Processed 14950/251223 SSURGO points...
Processed 14960/251223 SSURGO points...
Processed 14970/251223 SSURGO points...
Processed 14980/251223 SSURGO points...
Processed 14990/251223 SSURGO points...
Processed 15000/251223 SSURGO points...
Processed 15010/251223 SSURGO points...
Processed 15020/251223 SSURGO points...
Processed 15030/251223 SSURGO points...
Processed 15040/251223 SSURGO points...
Processed 15050/251223 SSURGO points...
Processed 15060/251223 SSURGO points...
Processed 15070/251223 SSURGO points...
Processed 15080/251223 SSURGO points...
Processed 15090/251223 SSURGO points...
Processed 15100/251223 SSURGO points...
Processed 15110/251223 SSURGO points...
Processed 15120/251223 SSURGO points...
Processed 15130/251223 SSURGO points...
Processed 15140/251223 SSURGO points...
Processed 15150/251223 SSURGO points...
Processed 15160/251223 SSURGO points...
Processed 15170/251223 SSURGO points...
Processed 15180/251223 SSURGO points...
Processed 15190/251223 SSURGO points...
Processed 15200/251223 SSURGO points...
Processed 15210/251223 SSURGO points...
Processed 15220/251223 SSURGO points...
Processed 15230/251223 SSURGO points...
Processed 15240/251223 SSURGO points...
Processed 15250/251223 SSURGO points...
Processed 15260/251223 SSURGO points...
Processed 15270/251223 SSURGO points...
Processed 15280/251223 SSURGO points...
Processed 15290/251223 SSURGO points...
Processed 15300/251223 SSURGO points...
Processed 15310/251223 SSURGO points...
Processed 15320/251223 SSURGO points...
Processed 15330/251223 SSURGO points...
Processed 15340/251223 SSURGO points...
Processed 15350/251223 SSURGO points...
Processed 15360/251223 SSURGO points...
Processed 15370/251223 SSURGO points...
Processed 15380/251223 SSURGO points...
Processed 15390/251223 SSURGO points...
Processed 15400/251223 SSURGO points...
Processed 15410/251223 SSURGO points...
Processed 15420/251223 SSURGO points...
Processed 15430/251223 SSURGO points...
Processed 15440/251223 SSURGO points...
Processed 15450/251223 SSURGO points...
Processed 15460/251223 SSURGO points...
Processed 15470/251223 SSURGO points...
Processed 15480/251223 SSURGO points...
Processed 15490/251223 SSURGO points...
Processed 15500/251223 SSURGO points...
Processed 15510/251223 SSURGO points...
Processed 15520/251223 SSURGO points...
Processed 15530/251223 SSURGO points...
Processed 15540/251223 SSURGO points...
Processed 15550/251223 SSURGO points...
Processed 15560/251223 SSURGO points...
Processed 15570/251223 SSURGO points...
Processed 15580/251223 SSURGO points...
Processed 15590/251223 SSURGO points...
Processed 15600/251223 SSURGO points...
Processed 15610/251223 SSURGO points...
Processed 15620/251223 SSURGO points...
Processed 15630/251223 SSURGO points...
Processed 15640/251223 SSURGO points...
Processed 15650/251223 SSURGO points...
Processed 15660/251223 SSURGO points...
Processed 15670/251223 SSURGO points...
Processed 15680/251223 SSURGO points...
Processed 15690/251223 SSURGO points...
Processed 15700/251223 SSURGO points...
Processed 15710/251223 SSURGO points...
Processed 15720/251223 SSURGO points...
Processed 15730/251223 SSURGO points...
Processed 15740/251223 SSURGO points...
Processed 15750/251223 SSURGO points...
Processed 15760/251223 SSURGO points...
Processed 15770/251223 SSURGO points...
Processed 15780/251223 SSURGO points...
Processed 15790/251223 SSURGO points...
Processed 15800/251223 SSURGO points...
Processed 15810/251223 SSURGO points...
Processed 15820/251223 SSURGO points...
Processed 15830/251223 SSURGO points...
Processed 15840/251223 SSURGO points...
Processed 15850/251223 SSURGO points...
Processed 15860/251223 SSURGO points...
Processed 15870/251223 SSURGO points...
Processed 15880/251223 SSURGO points...
Processed 15890/251223 SSURGO points...
Processed 15900/251223 SSURGO points...
Processed 15910/251223 SSURGO points...
Processed 15920/251223 SSURGO points...
Processed 15930/251223 SSURGO points...
Processed 15940/251223 SSURGO points...
Processed 15950/251223 SSURGO points...
Processed 15960/251223 SSURGO points...
Processed 15970/251223 SSURGO points...
Processed 15980/251223 SSURGO points...
Processed 15990/251223 SSURGO points...
Processed 16000/251223 SSURGO points...
Processed 16010/251223 SSURGO points...
Processed 16020/251223 SSURGO points...
Processed 16030/251223 SSURGO points...
Processed 16040/251223 SSURGO points...
Processed 16050/251223 SSURGO points...
Processed 16060/251223 SSURGO points...
Processed 16070/251223 SSURGO points...
Processed 16080/251223 SSURGO points...
Processed 16090/251223 SSURGO points...
Processed 16100/251223 SSURGO points...
Processed 16110/251223 SSURGO points...
Processed 16120/251223 SSURGO points...
Processed 16130/251223 SSURGO points...
Processed 16140/251223 SSURGO points...
Processed 16150/251223 SSURGO points...
Processed 16160/251223 SSURGO points...
Processed 16170/251223 SSURGO points...
Processed 16180/251223 SSURGO points...
Processed 16190/251223 SSURGO points...
Processed 16200/251223 SSURGO points...
Processed 16210/251223 SSURGO points...
Processed 16220/251223 SSURGO points...
Processed 16230/251223 SSURGO points...
Processed 16240/251223 SSURGO points...
Processed 16250/251223 SSURGO points...
Processed 16260/251223 SSURGO points...
Processed 16270/251223 SSURGO points...
Processed 16280/251223 SSURGO points...
Processed 16290/251223 SSURGO points...
Processed 16300/251223 SSURGO points...
Processed 16310/251223 SSURGO points...
Processed 16320/251223 SSURGO points...
Processed 16330/251223 SSURGO points...
Processed 16340/251223 SSURGO points...
Processed 16350/251223 SSURGO points...
Processed 16360/251223 SSURGO points...
Processed 16370/251223 SSURGO points...
Processed 16380/251223 SSURGO points...
Processed 16390/251223 SSURGO points...
Processed 16400/251223 SSURGO points...
Processed 16410/251223 SSURGO points...
Processed 16420/251223 SSURGO points...
Processed 16430/251223 SSURGO points...
Processed 16440/251223 SSURGO points...
Processed 16450/251223 SSURGO points...
Processed 16460/251223 SSURGO points...
Processed 16470/251223 SSURGO points...
Processed 16480/251223 SSURGO points...
Processed 16490/251223 SSURGO points...
Processed 16500/251223 SSURGO points...
Processed 16510/251223 SSURGO points...
Processed 16520/251223 SSURGO points...
Processed 16530/251223 SSURGO points...
Processed 16540/251223 SSURGO points...
Processed 16550/251223 SSURGO points...
Processed 16560/251223 SSURGO points...
Processed 16570/251223 SSURGO points...
Processed 16580/251223 SSURGO points...
Processed 16590/251223 SSURGO points...
Processed 16600/251223 SSURGO points...
Processed 16610/251223 SSURGO points...
Processed 16620/251223 SSURGO points...
Processed 16630/251223 SSURGO points...
Processed 16640/251223 SSURGO points...
Processed 16650/251223 SSURGO points...
Processed 16660/251223 SSURGO points...
Processed 16670/251223 SSURGO points...
Processed 16680/251223 SSURGO points...
Processed 16690/251223 SSURGO points...
Processed 16700/251223 SSURGO points...
Processed 16710/251223 SSURGO points...
Processed 16720/251223 SSURGO points...
Processed 16730/251223 SSURGO points...
Processed 16740/251223 SSURGO points...
Processed 16750/251223 SSURGO points...
Processed 16760/251223 SSURGO points...
Processed 16770/251223 SSURGO points...
Processed 16780/251223 SSURGO points...
Processed 16790/251223 SSURGO points...
Processed 16800/251223 SSURGO points...
Processed 16810/251223 SSURGO points...
Processed 16820/251223 SSURGO points...
Processed 16830/251223 SSURGO points...
Processed 16840/251223 SSURGO points...
Processed 16850/251223 SSURGO points...
Processed 16860/251223 SSURGO points...
Processed 16870/251223 SSURGO points...
Processed 16880/251223 SSURGO points...
Processed 16890/251223 SSURGO points...
Processed 16900/251223 SSURGO points...
Processed 16910/251223 SSURGO points...
Processed 16920/251223 SSURGO points...
Processed 16930/251223 SSURGO points...
Processed 16940/251223 SSURGO points...
Processed 16950/251223 SSURGO points...
Processed 16960/251223 SSURGO points...
Processed 16970/251223 SSURGO points...
Processed 16980/251223 SSURGO points...
Processed 16990/251223 SSURGO points...
Processed 17000/251223 SSURGO points...
Processed 17010/251223 SSURGO points...
Processed 17020/251223 SSURGO points...
Processed 17030/251223 SSURGO points...
Processed 17040/251223 SSURGO points...
Processed 17050/251223 SSURGO points...
Processed 17060/251223 SSURGO points...
Processed 17070/251223 SSURGO points...
Processed 17080/251223 SSURGO points...
Processed 17090/251223 SSURGO points...
Processed 17100/251223 SSURGO points...
Processed 17110/251223 SSURGO points...
Processed 17120/251223 SSURGO points...
Processed 17130/251223 SSURGO points...
Processed 17140/251223 SSURGO points...
Processed 17150/251223 SSURGO points...
Processed 17160/251223 SSURGO points...
Processed 17170/251223 SSURGO points...
Processed 17180/251223 SSURGO points...
Processed 17190/251223 SSURGO points...
Processed 17200/251223 SSURGO points...
Processed 17210/251223 SSURGO points...
Processed 17220/251223 SSURGO points...
Processed 17230/251223 SSURGO points...
Processed 17240/251223 SSURGO points...
Processed 17250/251223 SSURGO points...
Processed 17260/251223 SSURGO points...
Processed 17270/251223 SSURGO points...
Processed 17280/251223 SSURGO points...
Processed 17290/251223 SSURGO points...
Processed 17300/251223 SSURGO points...
Processed 17310/251223 SSURGO points...
Processed 17320/251223 SSURGO points...
Processed 17330/251223 SSURGO points...
Processed 17340/251223 SSURGO points...
Processed 17350/251223 SSURGO points...
Processed 17360/251223 SSURGO points...
Processed 17370/251223 SSURGO points...
Processed 17380/251223 SSURGO points...
Processed 17390/251223 SSURGO points...
Processed 17400/251223 SSURGO points...
Processed 17410/251223 SSURGO points...
Processed 17420/251223 SSURGO points...
Processed 17430/251223 SSURGO points...
Processed 17440/251223 SSURGO points...
Processed 17450/251223 SSURGO points...
Processed 17460/251223 SSURGO points...
Processed 17470/251223 SSURGO points...
Processed 17480/251223 SSURGO points...
Processed 17490/251223 SSURGO points...
Processed 17500/251223 SSURGO points...
Processed 17510/251223 SSURGO points...
Processed 17520/251223 SSURGO points...
Processed 17530/251223 SSURGO points...
Processed 17540/251223 SSURGO points...
Processed 17550/251223 SSURGO points...
Processed 17560/251223 SSURGO points...
Processed 17570/251223 SSURGO points...
Processed 17580/251223 SSURGO points...
Processed 17590/251223 SSURGO points...
Processed 17600/251223 SSURGO points...
Processed 17610/251223 SSURGO points...
Processed 17620/251223 SSURGO points...
Processed 17630/251223 SSURGO points...
Processed 17640/251223 SSURGO points...
Processed 17650/251223 SSURGO points...
Processed 17660/251223 SSURGO points...
Processed 17670/251223 SSURGO points...
Processed 17680/251223 SSURGO points...
Processed 17690/251223 SSURGO points...
Processed 17700/251223 SSURGO points...
Processed 17710/251223 SSURGO points...
Processed 17720/251223 SSURGO points...
Processed 17730/251223 SSURGO points...
Processed 17740/251223 SSURGO points...
Processed 17750/251223 SSURGO points...
Processed 17760/251223 SSURGO points...
Processed 17770/251223 SSURGO points...
Processed 17780/251223 SSURGO points...
Processed 17790/251223 SSURGO points...
Processed 17800/251223 SSURGO points...
Processed 17810/251223 SSURGO points...
Processed 17820/251223 SSURGO points...
Processed 17830/251223 SSURGO points...
Processed 17840/251223 SSURGO points...
Processed 17850/251223 SSURGO points...
Processed 17860/251223 SSURGO points...
Processed 17870/251223 SSURGO points...
Processed 17880/251223 SSURGO points...
Processed 17890/251223 SSURGO points...
Processed 17900/251223 SSURGO points...
Processed 17910/251223 SSURGO points...
Processed 17920/251223 SSURGO points...
Processed 17930/251223 SSURGO points...
Processed 17940/251223 SSURGO points...
Processed 17950/251223 SSURGO points...
Processed 17960/251223 SSURGO points...
Processed 17970/251223 SSURGO points...
Processed 17980/251223 SSURGO points...
Processed 17990/251223 SSURGO points...
Processed 18000/251223 SSURGO points...
Processed 18010/251223 SSURGO points...
Processed 18020/251223 SSURGO points...
Processed 18030/251223 SSURGO points...
Processed 18040/251223 SSURGO points...
Processed 18050/251223 SSURGO points...
Processed 18060/251223 SSURGO points...
Processed 18070/251223 SSURGO points...
Processed 18080/251223 SSURGO points...
Processed 18090/251223 SSURGO points...
Processed 18100/251223 SSURGO points...
Processed 18110/251223 SSURGO points...
Processed 18120/251223 SSURGO points...
Processed 18130/251223 SSURGO points...
Processed 18140/251223 SSURGO points...
Processed 18150/251223 SSURGO points...
Processed 18160/251223 SSURGO points...
Processed 18170/251223 SSURGO points...
Processed 18180/251223 SSURGO points...
Processed 18190/251223 SSURGO points...
Processed 18200/251223 SSURGO points...
Processed 18210/251223 SSURGO points...
Processed 18220/251223 SSURGO points...
Processed 18230/251223 SSURGO points...
Processed 18240/251223 SSURGO points...
Processed 18250/251223 SSURGO points...
Processed 18260/251223 SSURGO points...
Processed 18270/251223 SSURGO points...
Processed 18280/251223 SSURGO points...
Processed 18290/251223 SSURGO points...
Processed 18300/251223 SSURGO points...
Processed 18310/251223 SSURGO points...
Processed 18320/251223 SSURGO points...
Processed 18330/251223 SSURGO points...
Processed 18340/251223 SSURGO points...
Processed 18350/251223 SSURGO points...
Processed 18360/251223 SSURGO points...
Processed 18370/251223 SSURGO points...
Processed 18380/251223 SSURGO points...
Processed 18390/251223 SSURGO points...
Processed 18400/251223 SSURGO points...
Processed 18410/251223 SSURGO points...
Processed 18420/251223 SSURGO points...
Processed 18430/251223 SSURGO points...
Processed 18440/251223 SSURGO points...
Processed 18450/251223 SSURGO points...
Processed 18460/251223 SSURGO points...
Processed 18470/251223 SSURGO points...
Processed 18480/251223 SSURGO points...
Processed 18490/251223 SSURGO points...
Processed 18500/251223 SSURGO points...
Processed 18510/251223 SSURGO points...
Processed 18520/251223 SSURGO points...
Processed 18530/251223 SSURGO points...
Processed 18540/251223 SSURGO points...
Processed 18550/251223 SSURGO points...
Processed 18560/251223 SSURGO points...
Processed 18570/251223 SSURGO points...
Processed 18580/251223 SSURGO points...
Processed 18590/251223 SSURGO points...
Processed 18600/251223 SSURGO points...
Processed 18610/251223 SSURGO points...
Processed 18620/251223 SSURGO points...
Processed 18630/251223 SSURGO points...
Processed 18640/251223 SSURGO points...
Processed 18650/251223 SSURGO points...
Processed 18660/251223 SSURGO points...
Processed 18670/251223 SSURGO points...
Processed 18680/251223 SSURGO points...
Processed 18690/251223 SSURGO points...
Processed 18700/251223 SSURGO points...
Processed 18710/251223 SSURGO points...
Processed 18720/251223 SSURGO points...
Processed 18730/251223 SSURGO points...
Processed 18740/251223 SSURGO points...
Processed 18750/251223 SSURGO points...
Processed 18760/251223 SSURGO points...
Processed 18770/251223 SSURGO points...
Processed 18780/251223 SSURGO points...
Processed 18790/251223 SSURGO points...
Processed 18800/251223 SSURGO points...
Processed 18810/251223 SSURGO points...
Processed 18820/251223 SSURGO points...
Processed 18830/251223 SSURGO points...
Processed 18840/251223 SSURGO points...
Processed 18850/251223 SSURGO points...
Processed 18860/251223 SSURGO points...
Processed 18870/251223 SSURGO points...
Processed 18880/251223 SSURGO points...
Processed 18890/251223 SSURGO points...
Processed 18900/251223 SSURGO points...
Processed 18910/251223 SSURGO points...
Processed 18920/251223 SSURGO points...
Processed 18930/251223 SSURGO points...
Processed 18940/251223 SSURGO points...
Processed 18950/251223 SSURGO points...
Processed 18960/251223 SSURGO points...
Processed 18970/251223 SSURGO points...
Processed 18980/251223 SSURGO points...
Processed 18990/251223 SSURGO points...
Processed 19000/251223 SSURGO points...
Processed 19010/251223 SSURGO points...
Processed 19020/251223 SSURGO points...
Processed 19030/251223 SSURGO points...
Processed 19040/251223 SSURGO points...
Processed 19050/251223 SSURGO points...
Processed 19060/251223 SSURGO points...
Processed 19070/251223 SSURGO points...
Processed 19080/251223 SSURGO points...
Processed 19090/251223 SSURGO points...
Processed 19100/251223 SSURGO points...
Processed 19110/251223 SSURGO points...
Processed 19120/251223 SSURGO points...
Processed 19130/251223 SSURGO points...
Processed 19140/251223 SSURGO points...
Processed 19150/251223 SSURGO points...
Processed 19160/251223 SSURGO points...
Processed 19170/251223 SSURGO points...
Processed 19180/251223 SSURGO points...
Processed 19190/251223 SSURGO points...
Processed 19200/251223 SSURGO points...
Processed 19210/251223 SSURGO points...
Processed 19220/251223 SSURGO points...
Processed 19230/251223 SSURGO points...
Processed 19240/251223 SSURGO points...
Processed 19250/251223 SSURGO points...
Processed 19260/251223 SSURGO points...
Processed 19270/251223 SSURGO points...
Processed 19280/251223 SSURGO points...
Processed 19290/251223 SSURGO points...
Processed 19300/251223 SSURGO points...
Processed 19310/251223 SSURGO points...
Processed 19320/251223 SSURGO points...
Processed 19330/251223 SSURGO points...
Processed 19340/251223 SSURGO points...
Processed 19350/251223 SSURGO points...
Processed 19360/251223 SSURGO points...
Processed 19370/251223 SSURGO points...
Processed 19380/251223 SSURGO points...
Processed 19390/251223 SSURGO points...
Processed 19400/251223 SSURGO points...
Processed 19410/251223 SSURGO points...
Processed 19420/251223 SSURGO points...
Processed 19430/251223 SSURGO points...
Processed 19440/251223 SSURGO points...
Processed 19450/251223 SSURGO points...
Processed 19460/251223 SSURGO points...
Processed 19470/251223 SSURGO points...
Processed 19480/251223 SSURGO points...
Processed 19490/251223 SSURGO points...
Processed 19500/251223 SSURGO points...
Processed 19510/251223 SSURGO points...
Processed 19520/251223 SSURGO points...
Processed 19530/251223 SSURGO points...
Processed 19540/251223 SSURGO points...
Processed 19550/251223 SSURGO points...
Processed 19560/251223 SSURGO points...
Processed 19570/251223 SSURGO points...
Processed 19580/251223 SSURGO points...
Processed 19590/251223 SSURGO points...
Processed 19600/251223 SSURGO points...
Processed 19610/251223 SSURGO points...
Processed 19620/251223 SSURGO points...
Processed 19630/251223 SSURGO points...
Processed 19640/251223 SSURGO points...
Processed 19650/251223 SSURGO points...
Processed 19660/251223 SSURGO points...
Processed 19670/251223 SSURGO points...
Processed 19680/251223 SSURGO points...
Processed 19690/251223 SSURGO points...
Processed 19700/251223 SSURGO points...
Processed 19710/251223 SSURGO points...
Processed 19720/251223 SSURGO points...
Processed 19730/251223 SSURGO points...
Processed 19740/251223 SSURGO points...
Processed 19750/251223 SSURGO points...
Processed 19760/251223 SSURGO points...
Processed 19770/251223 SSURGO points...
Processed 19780/251223 SSURGO points...
Processed 19790/251223 SSURGO points...
Processed 19800/251223 SSURGO points...
Processed 19810/251223 SSURGO points...
Processed 19820/251223 SSURGO points...
Processed 19830/251223 SSURGO points...
Processed 19840/251223 SSURGO points...
Processed 19850/251223 SSURGO points...
Processed 19860/251223 SSURGO points...
Processed 19870/251223 SSURGO points...
Processed 19880/251223 SSURGO points...
Processed 19890/251223 SSURGO points...
Processed 19900/251223 SSURGO points...
Processed 19910/251223 SSURGO points...
Processed 19920/251223 SSURGO points...
Processed 19930/251223 SSURGO points...
Processed 19940/251223 SSURGO points...
Processed 19950/251223 SSURGO points...
Processed 19960/251223 SSURGO points...
Processed 19970/251223 SSURGO points...
Processed 19980/251223 SSURGO points...
Processed 19990/251223 SSURGO points...
Processed 20000/251223 SSURGO points...
Processed 20010/251223 SSURGO points...
Processed 20020/251223 SSURGO points...
Processed 20030/251223 SSURGO points...
Processed 20040/251223 SSURGO points...
Processed 20050/251223 SSURGO points...
Processed 20060/251223 SSURGO points...
Processed 20070/251223 SSURGO points...
Processed 20080/251223 SSURGO points...
Processed 20090/251223 SSURGO points...
Processed 20100/251223 SSURGO points...
Processed 20110/251223 SSURGO points...
Processed 20120/251223 SSURGO points...
Processed 20130/251223 SSURGO points...
Processed 20140/251223 SSURGO points...
Processed 20150/251223 SSURGO points...
Processed 20160/251223 SSURGO points...
Processed 20170/251223 SSURGO points...
Processed 20180/251223 SSURGO points...
Processed 20190/251223 SSURGO points...
Processed 20200/251223 SSURGO points...
Processed 20210/251223 SSURGO points...
Processed 20220/251223 SSURGO points...
Processed 20230/251223 SSURGO points...
Processed 20240/251223 SSURGO points...
Processed 20250/251223 SSURGO points...
Processed 20260/251223 SSURGO points...
Processed 20270/251223 SSURGO points...
Processed 20280/251223 SSURGO points...
Processed 20290/251223 SSURGO points...
Processed 20300/251223 SSURGO points...
Processed 20310/251223 SSURGO points...
Processed 20320/251223 SSURGO points...
Processed 20330/251223 SSURGO points...
Processed 20340/251223 SSURGO points...
Processed 20350/251223 SSURGO points...
Processed 20360/251223 SSURGO points...
Processed 20370/251223 SSURGO points...
Processed 20380/251223 SSURGO points...
Processed 20390/251223 SSURGO points...
Processed 20400/251223 SSURGO points...
Processed 20410/251223 SSURGO points...
Processed 20420/251223 SSURGO points...
Processed 20430/251223 SSURGO points...
Processed 20440/251223 SSURGO points...
Processed 20450/251223 SSURGO points...
Processed 20460/251223 SSURGO points...
Processed 20470/251223 SSURGO points...
Processed 20480/251223 SSURGO points...
Processed 20490/251223 SSURGO points...
Processed 20500/251223 SSURGO points...
Processed 20510/251223 SSURGO points...
Processed 20520/251223 SSURGO points...
Processed 20530/251223 SSURGO points...
Processed 20540/251223 SSURGO points...
Processed 20550/251223 SSURGO points...
Processed 20560/251223 SSURGO points...
Processed 20570/251223 SSURGO points...
Processed 20580/251223 SSURGO points...
Processed 20590/251223 SSURGO points...
Processed 20600/251223 SSURGO points...
Processed 20610/251223 SSURGO points...
Processed 20620/251223 SSURGO points...
Processed 20630/251223 SSURGO points...
Processed 20640/251223 SSURGO points...
Processed 20650/251223 SSURGO points...
Processed 20660/251223 SSURGO points...
Processed 20670/251223 SSURGO points...
Processed 20680/251223 SSURGO points...
Processed 20690/251223 SSURGO points...
Processed 20700/251223 SSURGO points...
Processed 20710/251223 SSURGO points...
Processed 20720/251223 SSURGO points...
Processed 20730/251223 SSURGO points...
Processed 20740/251223 SSURGO points...
Processed 20750/251223 SSURGO points...
Processed 20760/251223 SSURGO points...
Processed 20770/251223 SSURGO points...
Processed 20780/251223 SSURGO points...
Processed 20790/251223 SSURGO points...
Processed 20800/251223 SSURGO points...
Processed 20810/251223 SSURGO points...
Processed 20820/251223 SSURGO points...
Processed 20830/251223 SSURGO points...
Processed 20840/251223 SSURGO points...
Processed 20850/251223 SSURGO points...
Processed 20860/251223 SSURGO points...
Processed 20870/251223 SSURGO points...
Processed 20880/251223 SSURGO points...
Processed 20890/251223 SSURGO points...
Processed 20900/251223 SSURGO points...
Processed 20910/251223 SSURGO points...
Processed 20920/251223 SSURGO points...
Processed 20930/251223 SSURGO points...
Processed 20940/251223 SSURGO points...
Processed 20950/251223 SSURGO points...
Processed 20960/251223 SSURGO points...
Processed 20970/251223 SSURGO points...
Processed 20980/251223 SSURGO points...
Processed 20990/251223 SSURGO points...
Processed 21000/251223 SSURGO points...
Processed 21010/251223 SSURGO points...
Processed 21020/251223 SSURGO points...
Processed 21030/251223 SSURGO points...
Processed 21040/251223 SSURGO points...
Processed 21050/251223 SSURGO points...
Processed 21060/251223 SSURGO points...
Processed 21070/251223 SSURGO points...
Processed 21080/251223 SSURGO points...
Processed 21090/251223 SSURGO points...
Processed 21100/251223 SSURGO points...
Processed 21110/251223 SSURGO points...
Processed 21120/251223 SSURGO points...
Processed 21130/251223 SSURGO points...
Processed 21140/251223 SSURGO points...
Processed 21150/251223 SSURGO points...
Processed 21160/251223 SSURGO points...
Processed 21170/251223 SSURGO points...
Processed 21180/251223 SSURGO points...
Processed 21190/251223 SSURGO points...
Processed 21200/251223 SSURGO points...
Processed 21210/251223 SSURGO points...
Processed 21220/251223 SSURGO points...
Processed 21230/251223 SSURGO points...
Processed 21240/251223 SSURGO points...
Processed 21250/251223 SSURGO points...
Processed 21260/251223 SSURGO points...
Processed 21270/251223 SSURGO points...
Processed 21280/251223 SSURGO points...
Processed 21290/251223 SSURGO points...
Processed 21300/251223 SSURGO points...
Processed 21310/251223 SSURGO points...
Processed 21320/251223 SSURGO points...
Processed 21330/251223 SSURGO points...
Processed 21340/251223 SSURGO points...
Processed 21350/251223 SSURGO points...
Processed 21360/251223 SSURGO points...
Processed 21370/251223 SSURGO points...
Processed 21380/251223 SSURGO points...
Processed 21390/251223 SSURGO points...
Processed 21400/251223 SSURGO points...
Processed 21410/251223 SSURGO points...
Processed 21420/251223 SSURGO points...
Processed 21430/251223 SSURGO points...
Processed 21440/251223 SSURGO points...
Processed 21450/251223 SSURGO points...
Processed 21460/251223 SSURGO points...
Processed 21470/251223 SSURGO points...
Processed 21480/251223 SSURGO points...
Processed 21490/251223 SSURGO points...
Processed 21500/251223 SSURGO points...
Processed 21510/251223 SSURGO points...
Processed 21520/251223 SSURGO points...
Processed 21530/251223 SSURGO points...
Processed 21540/251223 SSURGO points...
Processed 21550/251223 SSURGO points...
Processed 21560/251223 SSURGO points...
Processed 21570/251223 SSURGO points...
Processed 21580/251223 SSURGO points...
Processed 21590/251223 SSURGO points...
Processed 21600/251223 SSURGO points...
Processed 21610/251223 SSURGO points...
Processed 21620/251223 SSURGO points...
Processed 21630/251223 SSURGO points...
Processed 21640/251223 SSURGO points...
Processed 21650/251223 SSURGO points...
Processed 21660/251223 SSURGO points...
Processed 21670/251223 SSURGO points...
Processed 21680/251223 SSURGO points...
Processed 21690/251223 SSURGO points...
Processed 21700/251223 SSURGO points...
Processed 21710/251223 SSURGO points...
Processed 21720/251223 SSURGO points...
Processed 21730/251223 SSURGO points...
Processed 21740/251223 SSURGO points...
Processed 21750/251223 SSURGO points...
Processed 21760/251223 SSURGO points...
Processed 21770/251223 SSURGO points...
Processed 21780/251223 SSURGO points...
Processed 21790/251223 SSURGO points...
Processed 21800/251223 SSURGO points...
Processed 21810/251223 SSURGO points...
Processed 21820/251223 SSURGO points...
Processed 21830/251223 SSURGO points...
Processed 21840/251223 SSURGO points...
Processed 21850/251223 SSURGO points...
Processed 21860/251223 SSURGO points...
Processed 21870/251223 SSURGO points...
Processed 21880/251223 SSURGO points...
Processed 21890/251223 SSURGO points...
Processed 21900/251223 SSURGO points...
Processed 21910/251223 SSURGO points...
Processed 21920/251223 SSURGO points...
Processed 21930/251223 SSURGO points...
Processed 21940/251223 SSURGO points...
Processed 21950/251223 SSURGO points...
Processed 21960/251223 SSURGO points...
Processed 21970/251223 SSURGO points...
Processed 21980/251223 SSURGO points...
Processed 21990/251223 SSURGO points...
Processed 22000/251223 SSURGO points...
Processed 22010/251223 SSURGO points...
Processed 22020/251223 SSURGO points...
Processed 22030/251223 SSURGO points...
Processed 22040/251223 SSURGO points...
Processed 22050/251223 SSURGO points...
Processed 22060/251223 SSURGO points...
Processed 22070/251223 SSURGO points...
Processed 22080/251223 SSURGO points...
Processed 22090/251223 SSURGO points...
Processed 22100/251223 SSURGO points...
Processed 22110/251223 SSURGO points...
Processed 22120/251223 SSURGO points...
Processed 22130/251223 SSURGO points...
Processed 22140/251223 SSURGO points...
Processed 22150/251223 SSURGO points...
Processed 22160/251223 SSURGO points...
Processed 22170/251223 SSURGO points...
Processed 22180/251223 SSURGO points...
Processed 22190/251223 SSURGO points...
Processed 22200/251223 SSURGO points...
Processed 22210/251223 SSURGO points...
Processed 22220/251223 SSURGO points...
Processed 22230/251223 SSURGO points...
Processed 22240/251223 SSURGO points...
Processed 22250/251223 SSURGO points...
Processed 22260/251223 SSURGO points...
Processed 22270/251223 SSURGO points...
Processed 22280/251223 SSURGO points...
Processed 22290/251223 SSURGO points...
Processed 22300/251223 SSURGO points...
Processed 22310/251223 SSURGO points...
Processed 22320/251223 SSURGO points...
Processed 22330/251223 SSURGO points...
Processed 22340/251223 SSURGO points...
Processed 22350/251223 SSURGO points...
Processed 22360/251223 SSURGO points...
Processed 22370/251223 SSURGO points...
Processed 22380/251223 SSURGO points...
Processed 22390/251223 SSURGO points...
Processed 22400/251223 SSURGO points...
Processed 22410/251223 SSURGO points...
Processed 22420/251223 SSURGO points...
Processed 22430/251223 SSURGO points...
Processed 22440/251223 SSURGO points...
Processed 22450/251223 SSURGO points...
Processed 22460/251223 SSURGO points...
Processed 22470/251223 SSURGO points...
Processed 22480/251223 SSURGO points...
Processed 22490/251223 SSURGO points...
Processed 22500/251223 SSURGO points...
Processed 22510/251223 SSURGO points...
Processed 22520/251223 SSURGO points...
Processed 22530/251223 SSURGO points...
Processed 22540/251223 SSURGO points...
Processed 22550/251223 SSURGO points...
Processed 22560/251223 SSURGO points...
Processed 22570/251223 SSURGO points...
Processed 22580/251223 SSURGO points...
Processed 22590/251223 SSURGO points...
Processed 22600/251223 SSURGO points...
Processed 22610/251223 SSURGO points...
Processed 22620/251223 SSURGO points...
Processed 22630/251223 SSURGO points...
Processed 22640/251223 SSURGO points...
Processed 22650/251223 SSURGO points...
Processed 22660/251223 SSURGO points...
Processed 22670/251223 SSURGO points...
Processed 22680/251223 SSURGO points...
Processed 22690/251223 SSURGO points...
Processed 22700/251223 SSURGO points...
Processed 22710/251223 SSURGO points...
Processed 22720/251223 SSURGO points...
Processed 22730/251223 SSURGO points...
Processed 22740/251223 SSURGO points...
Processed 22750/251223 SSURGO points...
Processed 22760/251223 SSURGO points...
Processed 22770/251223 SSURGO points...
Processed 22780/251223 SSURGO points...
Processed 22790/251223 SSURGO points...
Processed 22800/251223 SSURGO points...
Processed 22810/251223 SSURGO points...
Processed 22820/251223 SSURGO points...
Processed 22830/251223 SSURGO points...
Processed 22840/251223 SSURGO points...
Processed 22850/251223 SSURGO points...
Processed 22860/251223 SSURGO points...
Processed 22870/251223 SSURGO points...
Processed 22880/251223 SSURGO points...
Processed 22890/251223 SSURGO points...
Processed 22900/251223 SSURGO points...
Processed 22910/251223 SSURGO points...
Processed 22920/251223 SSURGO points...
Processed 22930/251223 SSURGO points...
Processed 22940/251223 SSURGO points...
Processed 22950/251223 SSURGO points...
Processed 22960/251223 SSURGO points...
Processed 22970/251223 SSURGO points...
Processed 22980/251223 SSURGO points...
Processed 22990/251223 SSURGO points...
Processed 23000/251223 SSURGO points...
Processed 23010/251223 SSURGO points...
Processed 23020/251223 SSURGO points...
Processed 23030/251223 SSURGO points...
Processed 23040/251223 SSURGO points...
Processed 23050/251223 SSURGO points...
Processed 23060/251223 SSURGO points...
Processed 23070/251223 SSURGO points...
Processed 23080/251223 SSURGO points...
Processed 23090/251223 SSURGO points...
Processed 23100/251223 SSURGO points...
Processed 23110/251223 SSURGO points...
Processed 23120/251223 SSURGO points...
Processed 23130/251223 SSURGO points...
Processed 23140/251223 SSURGO points...
Processed 23150/251223 SSURGO points...
Processed 23160/251223 SSURGO points...
Processed 23170/251223 SSURGO points...
Processed 23180/251223 SSURGO points...
Processed 23190/251223 SSURGO points...
Processed 23200/251223 SSURGO points...
Processed 23210/251223 SSURGO points...
Processed 23220/251223 SSURGO points...
Processed 23230/251223 SSURGO points...
Processed 23240/251223 SSURGO points...
Processed 23250/251223 SSURGO points...
Processed 23260/251223 SSURGO points...
Processed 23270/251223 SSURGO points...
Processed 23280/251223 SSURGO points...
Processed 23290/251223 SSURGO points...
Processed 23300/251223 SSURGO points...
Processed 23310/251223 SSURGO points...
Processed 23320/251223 SSURGO points...
Processed 23330/251223 SSURGO points...
Processed 23340/251223 SSURGO points...
Processed 23350/251223 SSURGO points...
Processed 23360/251223 SSURGO points...
Processed 23370/251223 SSURGO points...
Processed 23380/251223 SSURGO points...
Processed 23390/251223 SSURGO points...
Processed 23400/251223 SSURGO points...
Processed 23410/251223 SSURGO points...
Processed 23420/251223 SSURGO points...
Processed 23430/251223 SSURGO points...
Processed 23440/251223 SSURGO points...
Processed 23450/251223 SSURGO points...
Processed 23460/251223 SSURGO points...
Processed 23470/251223 SSURGO points...
Processed 23480/251223 SSURGO points...
Processed 23490/251223 SSURGO points...
Processed 23500/251223 SSURGO points...
Processed 23510/251223 SSURGO points...
Processed 23520/251223 SSURGO points...
Processed 23530/251223 SSURGO points...
Processed 23540/251223 SSURGO points...
Processed 23550/251223 SSURGO points...
Processed 23560/251223 SSURGO points...
Processed 23570/251223 SSURGO points...
Processed 23580/251223 SSURGO points...
Processed 23590/251223 SSURGO points...
Processed 23600/251223 SSURGO points...
Processed 23610/251223 SSURGO points...
Processed 23620/251223 SSURGO points...
Processed 23630/251223 SSURGO points...
Processed 23640/251223 SSURGO points...
Processed 23650/251223 SSURGO points...
Processed 23660/251223 SSURGO points...
Processed 23670/251223 SSURGO points...
Processed 23680/251223 SSURGO points...
Processed 23690/251223 SSURGO points...
Processed 23700/251223 SSURGO points...
Processed 23710/251223 SSURGO points...
Processed 23720/251223 SSURGO points...
Processed 23730/251223 SSURGO points...
Processed 23740/251223 SSURGO points...
Processed 23750/251223 SSURGO points...
Processed 23760/251223 SSURGO points...
Processed 23770/251223 SSURGO points...
Processed 23780/251223 SSURGO points...
Processed 23790/251223 SSURGO points...
Processed 23800/251223 SSURGO points...
Processed 23810/251223 SSURGO points...
Processed 23820/251223 SSURGO points...
Processed 23830/251223 SSURGO points...
Processed 23840/251223 SSURGO points...
Processed 23850/251223 SSURGO points...
Processed 23860/251223 SSURGO points...
Processed 23870/251223 SSURGO points...
Processed 23880/251223 SSURGO points...
Processed 23890/251223 SSURGO points...
Processed 23900/251223 SSURGO points...
Processed 23910/251223 SSURGO points...
Processed 23920/251223 SSURGO points...
Processed 23930/251223 SSURGO points...
Processed 23940/251223 SSURGO points...
Processed 23950/251223 SSURGO points...
Processed 23960/251223 SSURGO points...
Processed 23970/251223 SSURGO points...
Processed 23980/251223 SSURGO points...
Processed 23990/251223 SSURGO points...
Processed 24000/251223 SSURGO points...
Processed 24010/251223 SSURGO points...
Processed 24020/251223 SSURGO points...
Processed 24030/251223 SSURGO points...
Processed 24040/251223 SSURGO points...
Processed 24050/251223 SSURGO points...
Processed 24060/251223 SSURGO points...
Processed 24070/251223 SSURGO points...
Processed 24080/251223 SSURGO points...
Processed 24090/251223 SSURGO points...
Processed 24100/251223 SSURGO points...
Processed 24110/251223 SSURGO points...
Processed 24120/251223 SSURGO points...
Processed 24130/251223 SSURGO points...
Processed 24140/251223 SSURGO points...
Processed 24150/251223 SSURGO points...
Processed 24160/251223 SSURGO points...
Processed 24170/251223 SSURGO points...
Processed 24180/251223 SSURGO points...
Processed 24190/251223 SSURGO points...
Processed 24200/251223 SSURGO points...
Processed 24210/251223 SSURGO points...
Processed 24220/251223 SSURGO points...
Processed 24230/251223 SSURGO points...
Processed 24240/251223 SSURGO points...
Processed 24250/251223 SSURGO points...
Processed 24260/251223 SSURGO points...
Processed 24270/251223 SSURGO points...
Processed 24280/251223 SSURGO points...
Processed 24290/251223 SSURGO points...
Processed 24300/251223 SSURGO points...
Processed 24310/251223 SSURGO points...
Processed 24320/251223 SSURGO points...
Processed 24330/251223 SSURGO points...
Processed 24340/251223 SSURGO points...
Processed 24350/251223 SSURGO points...
Processed 24360/251223 SSURGO points...
Processed 24370/251223 SSURGO points...
Processed 24380/251223 SSURGO points...
Processed 24390/251223 SSURGO points...
Processed 24400/251223 SSURGO points...
Processed 24410/251223 SSURGO points...
Processed 24420/251223 SSURGO points...
Processed 24430/251223 SSURGO points...
Processed 24440/251223 SSURGO points...
Processed 24450/251223 SSURGO points...
Processed 24460/251223 SSURGO points...
Processed 24470/251223 SSURGO points...
Processed 24480/251223 SSURGO points...
Processed 24490/251223 SSURGO points...
Processed 24500/251223 SSURGO points...
Processed 24510/251223 SSURGO points...
Processed 24520/251223 SSURGO points...
Processed 24530/251223 SSURGO points...
Processed 24540/251223 SSURGO points...
Processed 24550/251223 SSURGO points...
Processed 24560/251223 SSURGO points...
Processed 24570/251223 SSURGO points...
Processed 24580/251223 SSURGO points...
Processed 24590/251223 SSURGO points...
Processed 24600/251223 SSURGO points...
Processed 24610/251223 SSURGO points...
Processed 24620/251223 SSURGO points...
Processed 24630/251223 SSURGO points...
Processed 24640/251223 SSURGO points...
Processed 24650/251223 SSURGO points...
Processed 24660/251223 SSURGO points...
Processed 24670/251223 SSURGO points...
Processed 24680/251223 SSURGO points...
Processed 24690/251223 SSURGO points...
Processed 24700/251223 SSURGO points...
Processed 24710/251223 SSURGO points...
Processed 24720/251223 SSURGO points...
Processed 24730/251223 SSURGO points...
Processed 24740/251223 SSURGO points...
Processed 24750/251223 SSURGO points...
Processed 24760/251223 SSURGO points...
Processed 24770/251223 SSURGO points...
Processed 24780/251223 SSURGO points...
Processed 24790/251223 SSURGO points...
Processed 24800/251223 SSURGO points...
Processed 24810/251223 SSURGO points...
Processed 24820/251223 SSURGO points...
Processed 24830/251223 SSURGO points...
Processed 24840/251223 SSURGO points...
Processed 24850/251223 SSURGO points...
Processed 24860/251223 SSURGO points...
Processed 24870/251223 SSURGO points...
Processed 24880/251223 SSURGO points...
Processed 24890/251223 SSURGO points...
Processed 24900/251223 SSURGO points...
Processed 24910/251223 SSURGO points...
Processed 24920/251223 SSURGO points...
Processed 24930/251223 SSURGO points...
Processed 24940/251223 SSURGO points...
Processed 24950/251223 SSURGO points...
Processed 24960/251223 SSURGO points...
Processed 24970/251223 SSURGO points...
Processed 24980/251223 SSURGO points...
Processed 24990/251223 SSURGO points...
Processed 25000/251223 SSURGO points...
Processed 25010/251223 SSURGO points...
Processed 25020/251223 SSURGO points...
Processed 25030/251223 SSURGO points...
Processed 25040/251223 SSURGO points...
Processed 25050/251223 SSURGO points...
Processed 25060/251223 SSURGO points...
Processed 25070/251223 SSURGO points...
Processed 25080/251223 SSURGO points...
Processed 25090/251223 SSURGO points...
Processed 25100/251223 SSURGO points...
Processed 25110/251223 SSURGO points...
Processed 25120/251223 SSURGO points...
Processed 25130/251223 SSURGO points...
Processed 25140/251223 SSURGO points...
Processed 25150/251223 SSURGO points...
Processed 25160/251223 SSURGO points...
Processed 25170/251223 SSURGO points...
Processed 25180/251223 SSURGO points...
Processed 25190/251223 SSURGO points...
Processed 25200/251223 SSURGO points...
Processed 25210/251223 SSURGO points...
Processed 25220/251223 SSURGO points...
Processed 25230/251223 SSURGO points...
Processed 25240/251223 SSURGO points...
Processed 25250/251223 SSURGO points...
Processed 25260/251223 SSURGO points...
Processed 25270/251223 SSURGO points...
Processed 25280/251223 SSURGO points...
Processed 25290/251223 SSURGO points...
Processed 25300/251223 SSURGO points...
Processed 25310/251223 SSURGO points...
Processed 25320/251223 SSURGO points...
Processed 25330/251223 SSURGO points...
Processed 25340/251223 SSURGO points...
Processed 25350/251223 SSURGO points...
Processed 25360/251223 SSURGO points...
Processed 25370/251223 SSURGO points...
Processed 25380/251223 SSURGO points...
Processed 25390/251223 SSURGO points...
Processed 25400/251223 SSURGO points...
Processed 25410/251223 SSURGO points...
Processed 25420/251223 SSURGO points...
Processed 25430/251223 SSURGO points...
Processed 25440/251223 SSURGO points...
Processed 25450/251223 SSURGO points...
Processed 25460/251223 SSURGO points...
Processed 25470/251223 SSURGO points...
Processed 25480/251223 SSURGO points...
Processed 25490/251223 SSURGO points...
Processed 25500/251223 SSURGO points...
Processed 25510/251223 SSURGO points...
Processed 25520/251223 SSURGO points...
Processed 25530/251223 SSURGO points...
Processed 25540/251223 SSURGO points...
Processed 25550/251223 SSURGO points...
Processed 25560/251223 SSURGO points...
Processed 25570/251223 SSURGO points...
Processed 25580/251223 SSURGO points...
Processed 25590/251223 SSURGO points...
Processed 25600/251223 SSURGO points...
Processed 25610/251223 SSURGO points...
Processed 25620/251223 SSURGO points...
Processed 25630/251223 SSURGO points...
Processed 25640/251223 SSURGO points...
Processed 25650/251223 SSURGO points...
Processed 25660/251223 SSURGO points...
Processed 25670/251223 SSURGO points...
Processed 25680/251223 SSURGO points...
Processed 25690/251223 SSURGO points...
Processed 25700/251223 SSURGO points...
Processed 25710/251223 SSURGO points...
Processed 25720/251223 SSURGO points...
Processed 25730/251223 SSURGO points...
Processed 25740/251223 SSURGO points...
Processed 25750/251223 SSURGO points...
Processed 25760/251223 SSURGO points...
Processed 25770/251223 SSURGO points...
Processed 25780/251223 SSURGO points...
Processed 25790/251223 SSURGO points...
Processed 25800/251223 SSURGO points...
Processed 25810/251223 SSURGO points...
Processed 25820/251223 SSURGO points...
Processed 25830/251223 SSURGO points...
Processed 25840/251223 SSURGO points...
Processed 25850/251223 SSURGO points...
Processed 25860/251223 SSURGO points...
Processed 25870/251223 SSURGO points...
Processed 25880/251223 SSURGO points...
Processed 25890/251223 SSURGO points...
Processed 25900/251223 SSURGO points...
Processed 25910/251223 SSURGO points...
Processed 25920/251223 SSURGO points...
Processed 25930/251223 SSURGO points...
Processed 25940/251223 SSURGO points...
Processed 25950/251223 SSURGO points...
Processed 25960/251223 SSURGO points...
Processed 25970/251223 SSURGO points...
Processed 25980/251223 SSURGO points...
Processed 25990/251223 SSURGO points...
Processed 26000/251223 SSURGO points...
Processed 26010/251223 SSURGO points...
Processed 26020/251223 SSURGO points...
Processed 26030/251223 SSURGO points...
Processed 26040/251223 SSURGO points...
Processed 26050/251223 SSURGO points...
Processed 26060/251223 SSURGO points...
Processed 26070/251223 SSURGO points...
Processed 26080/251223 SSURGO points...
Processed 26090/251223 SSURGO points...
Processed 26100/251223 SSURGO points...
Processed 26110/251223 SSURGO points...
Processed 26120/251223 SSURGO points...
Processed 26130/251223 SSURGO points...
Processed 26140/251223 SSURGO points...
Processed 26150/251223 SSURGO points...
Processed 26160/251223 SSURGO points...
Processed 26170/251223 SSURGO points...
Processed 26180/251223 SSURGO points...
Processed 26190/251223 SSURGO points...
Processed 26200/251223 SSURGO points...
Processed 26210/251223 SSURGO points...
Processed 26220/251223 SSURGO points...
Processed 26230/251223 SSURGO points...
Processed 26240/251223 SSURGO points...
Processed 26250/251223 SSURGO points...
Processed 26260/251223 SSURGO points...
Processed 26270/251223 SSURGO points...
Processed 26280/251223 SSURGO points...
Processed 26290/251223 SSURGO points...
Processed 26300/251223 SSURGO points...
Processed 26310/251223 SSURGO points...
Processed 26320/251223 SSURGO points...
Processed 26330/251223 SSURGO points...
Processed 26340/251223 SSURGO points...
Processed 26350/251223 SSURGO points...
Processed 26360/251223 SSURGO points...
Processed 26370/251223 SSURGO points...
Processed 26380/251223 SSURGO points...
Processed 26390/251223 SSURGO points...
Processed 26400/251223 SSURGO points...
Processed 26410/251223 SSURGO points...
Processed 26420/251223 SSURGO points...
Processed 26430/251223 SSURGO points...
Processed 26440/251223 SSURGO points...
Processed 26450/251223 SSURGO points...
Processed 26460/251223 SSURGO points...
Processed 26470/251223 SSURGO points...
Processed 26480/251223 SSURGO points...
Processed 26490/251223 SSURGO points...
Processed 26500/251223 SSURGO points...
Processed 26510/251223 SSURGO points...
Processed 26520/251223 SSURGO points...
Processed 26530/251223 SSURGO points...
Processed 26540/251223 SSURGO points...
Processed 26550/251223 SSURGO points...
Processed 26560/251223 SSURGO points...
Processed 26570/251223 SSURGO points...
Processed 26580/251223 SSURGO points...
Processed 26590/251223 SSURGO points...
Processed 26600/251223 SSURGO points...
Processed 26610/251223 SSURGO points...
Processed 26620/251223 SSURGO points...
Processed 26630/251223 SSURGO points...
Processed 26640/251223 SSURGO points...
Processed 26650/251223 SSURGO points...
Processed 26660/251223 SSURGO points...
Processed 26670/251223 SSURGO points...
Processed 26680/251223 SSURGO points...
Processed 26690/251223 SSURGO points...
Processed 26700/251223 SSURGO points...
Processed 26710/251223 SSURGO points...
Processed 26720/251223 SSURGO points...
Processed 26730/251223 SSURGO points...
Processed 26740/251223 SSURGO points...
Processed 26750/251223 SSURGO points...
Processed 26760/251223 SSURGO points...
Processed 26770/251223 SSURGO points...
Processed 26780/251223 SSURGO points...
Processed 26790/251223 SSURGO points...
Processed 26800/251223 SSURGO points...
Processed 26810/251223 SSURGO points...
Processed 26820/251223 SSURGO points...
Processed 26830/251223 SSURGO points...
Processed 26840/251223 SSURGO points...
Processed 26850/251223 SSURGO points...
Processed 26860/251223 SSURGO points...
Processed 26870/251223 SSURGO points...
Processed 26880/251223 SSURGO points...
Processed 26890/251223 SSURGO points...
Processed 26900/251223 SSURGO points...
Processed 26910/251223 SSURGO points...
Processed 26920/251223 SSURGO points...
Processed 26930/251223 SSURGO points...
Processed 26940/251223 SSURGO points...
Processed 26950/251223 SSURGO points...
Processed 26960/251223 SSURGO points...
Processed 26970/251223 SSURGO points...
Processed 26980/251223 SSURGO points...
Processed 26990/251223 SSURGO points...
Processed 27000/251223 SSURGO points...
Processed 27010/251223 SSURGO points...
Processed 27020/251223 SSURGO points...
Processed 27030/251223 SSURGO points...
Processed 27040/251223 SSURGO points...
Processed 27050/251223 SSURGO points...
Processed 27060/251223 SSURGO points...
Processed 27070/251223 SSURGO points...
Processed 27080/251223 SSURGO points...
Processed 27090/251223 SSURGO points...
Processed 27100/251223 SSURGO points...
Processed 27110/251223 SSURGO points...
Processed 27120/251223 SSURGO points...
Processed 27130/251223 SSURGO points...
Processed 27140/251223 SSURGO points...
Processed 27150/251223 SSURGO points...
Processed 27160/251223 SSURGO points...
Processed 27170/251223 SSURGO points...
Processed 27180/251223 SSURGO points...
Processed 27190/251223 SSURGO points...
Processed 27200/251223 SSURGO points...
Processed 27210/251223 SSURGO points...
Processed 27220/251223 SSURGO points...
Processed 27230/251223 SSURGO points...
Processed 27240/251223 SSURGO points...
Processed 27250/251223 SSURGO points...
Processed 27260/251223 SSURGO points...
Processed 27270/251223 SSURGO points...
Processed 27280/251223 SSURGO points...
Processed 27290/251223 SSURGO points...
Processed 27300/251223 SSURGO points...
Processed 27310/251223 SSURGO points...
Processed 27320/251223 SSURGO points...
Processed 27330/251223 SSURGO points...
Processed 27340/251223 SSURGO points...
Processed 27350/251223 SSURGO points...
Processed 27360/251223 SSURGO points...
Processed 27370/251223 SSURGO points...
Processed 27380/251223 SSURGO points...
Processed 27390/251223 SSURGO points...
Processed 27400/251223 SSURGO points...
Processed 27410/251223 SSURGO points...
Processed 27420/251223 SSURGO points...
Processed 27430/251223 SSURGO points...
Processed 27440/251223 SSURGO points...
Processed 27450/251223 SSURGO points...
Processed 27460/251223 SSURGO points...
Processed 27470/251223 SSURGO points...
Processed 27480/251223 SSURGO points...
Processed 27490/251223 SSURGO points...
Processed 27500/251223 SSURGO points...
Processed 27510/251223 SSURGO points...
Processed 27520/251223 SSURGO points...
Processed 27530/251223 SSURGO points...
Processed 27540/251223 SSURGO points...
Processed 27550/251223 SSURGO points...
Processed 27560/251223 SSURGO points...
Processed 27570/251223 SSURGO points...
Processed 27580/251223 SSURGO points...
Processed 27590/251223 SSURGO points...
Processed 27600/251223 SSURGO points...
Processed 27610/251223 SSURGO points...
Processed 27620/251223 SSURGO points...
Processed 27630/251223 SSURGO points...
Processed 27640/251223 SSURGO points...
Processed 27650/251223 SSURGO points...
Processed 27660/251223 SSURGO points...
Processed 27670/251223 SSURGO points...
Processed 27680/251223 SSURGO points...
Processed 27690/251223 SSURGO points...
Processed 27700/251223 SSURGO points...
Processed 27710/251223 SSURGO points...
Processed 27720/251223 SSURGO points...
Processed 27730/251223 SSURGO points...
Processed 27740/251223 SSURGO points...
Processed 27750/251223 SSURGO points...
Processed 27760/251223 SSURGO points...
Processed 27770/251223 SSURGO points...
Processed 27780/251223 SSURGO points...
Processed 27790/251223 SSURGO points...
Processed 27800/251223 SSURGO points...
Processed 27810/251223 SSURGO points...
Processed 27820/251223 SSURGO points...
Processed 27830/251223 SSURGO points...
Processed 27840/251223 SSURGO points...
Processed 27850/251223 SSURGO points...
Processed 27860/251223 SSURGO points...
Processed 27870/251223 SSURGO points...
Processed 27880/251223 SSURGO points...
Processed 27890/251223 SSURGO points...
Processed 27900/251223 SSURGO points...
Processed 27910/251223 SSURGO points...
Processed 27920/251223 SSURGO points...
Processed 27930/251223 SSURGO points...
Processed 27940/251223 SSURGO points...
Processed 27950/251223 SSURGO points...
Processed 27960/251223 SSURGO points...
Processed 27970/251223 SSURGO points...
Processed 27980/251223 SSURGO points...
Processed 27990/251223 SSURGO points...
Processed 28000/251223 SSURGO points...
Processed 28010/251223 SSURGO points...
Processed 28020/251223 SSURGO points...
Processed 28030/251223 SSURGO points...
Processed 28040/251223 SSURGO points...
Processed 28050/251223 SSURGO points...
Processed 28060/251223 SSURGO points...
Processed 28070/251223 SSURGO points...
Processed 28080/251223 SSURGO points...
Processed 28090/251223 SSURGO points...
Processed 28100/251223 SSURGO points...
Processed 28110/251223 SSURGO points...
Processed 28120/251223 SSURGO points...
Processed 28130/251223 SSURGO points...
Processed 28140/251223 SSURGO points...
Processed 28150/251223 SSURGO points...
Processed 28160/251223 SSURGO points...
Processed 28170/251223 SSURGO points...
Processed 28180/251223 SSURGO points...
Processed 28190/251223 SSURGO points...
Processed 28200/251223 SSURGO points...
Processed 28210/251223 SSURGO points...
Processed 28220/251223 SSURGO points...
Processed 28230/251223 SSURGO points...
Processed 28240/251223 SSURGO points...
Processed 28250/251223 SSURGO points...
Processed 28260/251223 SSURGO points...
Processed 28270/251223 SSURGO points...
Processed 28280/251223 SSURGO points...
Processed 28290/251223 SSURGO points...
Processed 28300/251223 SSURGO points...
Processed 28310/251223 SSURGO points...
Processed 28320/251223 SSURGO points...
Processed 28330/251223 SSURGO points...
Processed 28340/251223 SSURGO points...
Processed 28350/251223 SSURGO points...
Processed 28360/251223 SSURGO points...
Processed 28370/251223 SSURGO points...
Processed 28380/251223 SSURGO points...
Processed 28390/251223 SSURGO points...
Processed 28400/251223 SSURGO points...
Processed 28410/251223 SSURGO points...
Processed 28420/251223 SSURGO points...
Processed 28430/251223 SSURGO points...
Processed 28440/251223 SSURGO points...
Processed 28450/251223 SSURGO points...
Processed 28460/251223 SSURGO points...
Processed 28470/251223 SSURGO points...
Processed 28480/251223 SSURGO points...
Processed 28490/251223 SSURGO points...
Processed 28500/251223 SSURGO points...
Processed 28510/251223 SSURGO points...
Processed 28520/251223 SSURGO points...
Processed 28530/251223 SSURGO points...
Processed 28540/251223 SSURGO points...
Processed 28550/251223 SSURGO points...
Processed 28560/251223 SSURGO points...
Processed 28570/251223 SSURGO points...
Processed 28580/251223 SSURGO points...
Processed 28590/251223 SSURGO points...
Processed 28600/251223 SSURGO points...
Processed 28610/251223 SSURGO points...
Processed 28620/251223 SSURGO points...
Processed 28630/251223 SSURGO points...
Processed 28640/251223 SSURGO points...
Processed 28650/251223 SSURGO points...
Processed 28660/251223 SSURGO points...
Processed 28670/251223 SSURGO points...
Processed 28680/251223 SSURGO points...
Processed 28690/251223 SSURGO points...
Processed 28700/251223 SSURGO points...
Processed 28710/251223 SSURGO points...
Processed 28720/251223 SSURGO points...
Processed 28730/251223 SSURGO points...
Processed 28740/251223 SSURGO points...
Processed 28750/251223 SSURGO points...
Processed 28760/251223 SSURGO points...
Processed 28770/251223 SSURGO points...
Processed 28780/251223 SSURGO points...
Processed 28790/251223 SSURGO points...
Processed 28800/251223 SSURGO points...
Processed 28810/251223 SSURGO points...
Processed 28820/251223 SSURGO points...
Processed 28830/251223 SSURGO points...
Processed 28840/251223 SSURGO points...
Processed 28850/251223 SSURGO points...
Processed 28860/251223 SSURGO points...
Processed 28870/251223 SSURGO points...
Processed 28880/251223 SSURGO points...
Processed 28890/251223 SSURGO points...
Processed 28900/251223 SSURGO points...
Processed 28910/251223 SSURGO points...
Processed 28920/251223 SSURGO points...
Processed 28930/251223 SSURGO points...
Processed 28940/251223 SSURGO points...
Processed 28950/251223 SSURGO points...
Processed 28960/251223 SSURGO points...
Processed 28970/251223 SSURGO points...
Processed 28980/251223 SSURGO points...
Processed 28990/251223 SSURGO points...
Processed 29000/251223 SSURGO points...
Processed 29010/251223 SSURGO points...
Processed 29020/251223 SSURGO points...
Processed 29030/251223 SSURGO points...
Processed 29040/251223 SSURGO points...
Processed 29050/251223 SSURGO points...
Processed 29060/251223 SSURGO points...
Processed 29070/251223 SSURGO points...
Processed 29080/251223 SSURGO points...
Processed 29090/251223 SSURGO points...
Processed 29100/251223 SSURGO points...
Processed 29110/251223 SSURGO points...
Processed 29120/251223 SSURGO points...
Processed 29130/251223 SSURGO points...
Processed 29140/251223 SSURGO points...
Processed 29150/251223 SSURGO points...
Processed 29160/251223 SSURGO points...
Processed 29170/251223 SSURGO points...
Processed 29180/251223 SSURGO points...
Processed 29190/251223 SSURGO points...
Processed 29200/251223 SSURGO points...
Processed 29210/251223 SSURGO points...
Processed 29220/251223 SSURGO points...
Processed 29230/251223 SSURGO points...
Processed 29240/251223 SSURGO points...
Processed 29250/251223 SSURGO points...
Processed 29260/251223 SSURGO points...
Processed 29270/251223 SSURGO points...
Processed 29280/251223 SSURGO points...
Processed 29290/251223 SSURGO points...
Processed 29300/251223 SSURGO points...
Processed 29310/251223 SSURGO points...
Processed 29320/251223 SSURGO points...
Processed 29330/251223 SSURGO points...
Processed 29340/251223 SSURGO points...
Processed 29350/251223 SSURGO points...
Processed 29360/251223 SSURGO points...
Processed 29370/251223 SSURGO points...
Processed 29380/251223 SSURGO points...
Processed 29390/251223 SSURGO points...
Processed 29400/251223 SSURGO points...
Processed 29410/251223 SSURGO points...
Processed 29420/251223 SSURGO points...
Processed 29430/251223 SSURGO points...
Processed 29440/251223 SSURGO points...
Processed 29450/251223 SSURGO points...
Processed 29460/251223 SSURGO points...
Processed 29470/251223 SSURGO points...
Processed 29480/251223 SSURGO points...
Processed 29490/251223 SSURGO points...
Processed 29500/251223 SSURGO points...
Processed 29510/251223 SSURGO points...
Processed 29520/251223 SSURGO points...
Processed 29530/251223 SSURGO points...
Processed 29540/251223 SSURGO points...
Processed 29550/251223 SSURGO points...
Processed 29560/251223 SSURGO points...
Processed 29570/251223 SSURGO points...
Processed 29580/251223 SSURGO points...
Processed 29590/251223 SSURGO points...
Processed 29600/251223 SSURGO points...
Processed 29610/251223 SSURGO points...
Processed 29620/251223 SSURGO points...
Processed 29630/251223 SSURGO points...
Processed 29640/251223 SSURGO points...
Processed 29650/251223 SSURGO points...
Processed 29660/251223 SSURGO points...
Processed 29670/251223 SSURGO points...
Processed 29680/251223 SSURGO points...
Processed 29690/251223 SSURGO points...
Processed 29700/251223 SSURGO points...
Processed 29710/251223 SSURGO points...
Processed 29720/251223 SSURGO points...
Processed 29730/251223 SSURGO points...
Processed 29740/251223 SSURGO points...
Processed 29750/251223 SSURGO points...
Processed 29760/251223 SSURGO points...
Processed 29770/251223 SSURGO points...
Processed 29780/251223 SSURGO points...
Processed 29790/251223 SSURGO points...
Processed 29800/251223 SSURGO points...
Processed 29810/251223 SSURGO points...
Processed 29820/251223 SSURGO points...
Processed 29830/251223 SSURGO points...
Processed 29840/251223 SSURGO points...
Processed 29850/251223 SSURGO points...
Processed 29860/251223 SSURGO points...
Processed 29870/251223 SSURGO points...
Processed 29880/251223 SSURGO points...
Processed 29890/251223 SSURGO points...
Processed 29900/251223 SSURGO points...
Processed 29910/251223 SSURGO points...
Processed 29920/251223 SSURGO points...
Processed 29930/251223 SSURGO points...
Processed 29940/251223 SSURGO points...
Processed 29950/251223 SSURGO points...
Processed 29960/251223 SSURGO points...
Processed 29970/251223 SSURGO points...
Processed 29980/251223 SSURGO points...
Processed 29990/251223 SSURGO points...
Processed 30000/251223 SSURGO points...
Processed 30010/251223 SSURGO points...
Processed 30020/251223 SSURGO points...
Processed 30030/251223 SSURGO points...
Processed 30040/251223 SSURGO points...
Processed 30050/251223 SSURGO points...
Processed 30060/251223 SSURGO points...
Processed 30070/251223 SSURGO points...
Processed 30080/251223 SSURGO points...
Processed 30090/251223 SSURGO points...
Processed 30100/251223 SSURGO points...
Processed 30110/251223 SSURGO points...
Processed 30120/251223 SSURGO points...
Processed 30130/251223 SSURGO points...
Processed 30140/251223 SSURGO points...
Processed 30150/251223 SSURGO points...
Processed 30160/251223 SSURGO points...
Processed 30170/251223 SSURGO points...
Processed 30180/251223 SSURGO points...
Processed 30190/251223 SSURGO points...
Processed 30200/251223 SSURGO points...
Processed 30210/251223 SSURGO points...
Processed 30220/251223 SSURGO points...
Processed 30230/251223 SSURGO points...
Processed 30240/251223 SSURGO points...
Processed 30250/251223 SSURGO points...
Processed 30260/251223 SSURGO points...
Processed 30270/251223 SSURGO points...
Processed 30280/251223 SSURGO points...
Processed 30290/251223 SSURGO points...
Processed 30300/251223 SSURGO points...
Processed 30310/251223 SSURGO points...
Processed 30320/251223 SSURGO points...
Processed 30330/251223 SSURGO points...
Processed 30340/251223 SSURGO points...
Processed 30350/251223 SSURGO points...
Processed 30360/251223 SSURGO points...
Processed 30370/251223 SSURGO points...
Processed 30380/251223 SSURGO points...
Processed 30390/251223 SSURGO points...
Processed 30400/251223 SSURGO points...
Processed 30410/251223 SSURGO points...
Processed 30420/251223 SSURGO points...
Processed 30430/251223 SSURGO points...
Processed 30440/251223 SSURGO points...
Processed 30450/251223 SSURGO points...
Processed 30460/251223 SSURGO points...
Processed 30470/251223 SSURGO points...
Processed 30480/251223 SSURGO points...
Processed 30490/251223 SSURGO points...
Processed 30500/251223 SSURGO points...
Processed 30510/251223 SSURGO points...
Processed 30520/251223 SSURGO points...
Processed 30530/251223 SSURGO points...
Processed 30540/251223 SSURGO points...
Processed 30550/251223 SSURGO points...
Processed 30560/251223 SSURGO points...
Processed 30570/251223 SSURGO points...
Processed 30580/251223 SSURGO points...
Processed 30590/251223 SSURGO points...
Processed 30600/251223 SSURGO points...
Processed 30610/251223 SSURGO points...
Processed 30620/251223 SSURGO points...
Processed 30630/251223 SSURGO points...
Processed 30640/251223 SSURGO points...
Processed 30650/251223 SSURGO points...
Processed 30660/251223 SSURGO points...
Processed 30670/251223 SSURGO points...
Processed 30680/251223 SSURGO points...
Processed 30690/251223 SSURGO points...
Processed 30700/251223 SSURGO points...
Processed 30710/251223 SSURGO points...
Processed 30720/251223 SSURGO points...
Processed 30730/251223 SSURGO points...
Processed 30740/251223 SSURGO points...
Processed 30750/251223 SSURGO points...
Processed 30760/251223 SSURGO points...
Processed 30770/251223 SSURGO points...
Processed 30780/251223 SSURGO points...
Processed 30790/251223 SSURGO points...
Processed 30800/251223 SSURGO points...
Processed 30810/251223 SSURGO points...
Processed 30820/251223 SSURGO points...
Processed 30830/251223 SSURGO points...
Processed 30840/251223 SSURGO points...
Processed 30850/251223 SSURGO points...
Processed 30860/251223 SSURGO points...
Processed 30870/251223 SSURGO points...
Processed 30880/251223 SSURGO points...
Processed 30890/251223 SSURGO points...
Processed 30900/251223 SSURGO points...
Processed 30910/251223 SSURGO points...
Processed 30920/251223 SSURGO points...
Processed 30930/251223 SSURGO points...
Processed 30940/251223 SSURGO points...
Processed 30950/251223 SSURGO points...
Processed 30960/251223 SSURGO points...
Processed 30970/251223 SSURGO points...
Processed 30980/251223 SSURGO points...
Processed 30990/251223 SSURGO points...
Processed 31000/251223 SSURGO points...
Processed 31010/251223 SSURGO points...
Processed 31020/251223 SSURGO points...
Processed 31030/251223 SSURGO points...
Processed 31040/251223 SSURGO points...
Processed 31050/251223 SSURGO points...
Processed 31060/251223 SSURGO points...
Processed 31070/251223 SSURGO points...
Processed 31080/251223 SSURGO points...
Processed 31090/251223 SSURGO points...
Processed 31100/251223 SSURGO points...
Processed 31110/251223 SSURGO points...
Processed 31120/251223 SSURGO points...
Processed 31130/251223 SSURGO points...
Processed 31140/251223 SSURGO points...
Processed 31150/251223 SSURGO points...
Processed 31160/251223 SSURGO points...
Processed 31170/251223 SSURGO points...
Processed 31180/251223 SSURGO points...
Processed 31190/251223 SSURGO points...
Processed 31200/251223 SSURGO points...
Processed 31210/251223 SSURGO points...
Processed 31220/251223 SSURGO points...
Processed 31230/251223 SSURGO points...
Processed 31240/251223 SSURGO points...
Processed 31250/251223 SSURGO points...
Processed 31260/251223 SSURGO points...
Processed 31270/251223 SSURGO points...
Processed 31280/251223 SSURGO points...
Processed 31290/251223 SSURGO points...
Processed 31300/251223 SSURGO points...
Processed 31310/251223 SSURGO points...
Processed 31320/251223 SSURGO points...
Processed 31330/251223 SSURGO points...
Processed 31340/251223 SSURGO points...
Processed 31350/251223 SSURGO points...
Processed 31360/251223 SSURGO points...
Processed 31370/251223 SSURGO points...
Processed 31380/251223 SSURGO points...
Processed 31390/251223 SSURGO points...
Processed 31400/251223 SSURGO points...
Processed 31410/251223 SSURGO points...
Processed 31420/251223 SSURGO points...
Processed 31430/251223 SSURGO points...
Processed 31440/251223 SSURGO points...
Processed 31450/251223 SSURGO points...
Processed 31460/251223 SSURGO points...
Processed 31470/251223 SSURGO points...
Processed 31480/251223 SSURGO points...
Processed 31490/251223 SSURGO points...
Processed 31500/251223 SSURGO points...
Processed 31510/251223 SSURGO points...
Processed 31520/251223 SSURGO points...
Processed 31530/251223 SSURGO points...
Processed 31540/251223 SSURGO points...
Processed 31550/251223 SSURGO points...
Processed 31560/251223 SSURGO points...
Processed 31570/251223 SSURGO points...
Processed 31580/251223 SSURGO points...
Processed 31590/251223 SSURGO points...
Processed 31600/251223 SSURGO points...
Processed 31610/251223 SSURGO points...
Processed 31620/251223 SSURGO points...
Processed 31630/251223 SSURGO points...
Processed 31640/251223 SSURGO points...
Processed 31650/251223 SSURGO points...
Processed 31660/251223 SSURGO points...
Processed 31670/251223 SSURGO points...
Processed 31680/251223 SSURGO points...
Processed 31690/251223 SSURGO points...
Processed 31700/251223 SSURGO points...
Processed 31710/251223 SSURGO points...
Processed 31720/251223 SSURGO points...
Processed 31730/251223 SSURGO points...
Processed 31740/251223 SSURGO points...
Processed 31750/251223 SSURGO points...
Processed 31760/251223 SSURGO points...
Processed 31770/251223 SSURGO points...
Processed 31780/251223 SSURGO points...
Processed 31790/251223 SSURGO points...
Processed 31800/251223 SSURGO points...
Processed 31810/251223 SSURGO points...
Processed 31820/251223 SSURGO points...
Processed 31830/251223 SSURGO points...
Processed 31840/251223 SSURGO points...
Processed 31850/251223 SSURGO points...
Processed 31860/251223 SSURGO points...
Processed 31870/251223 SSURGO points...
Processed 31880/251223 SSURGO points...
Processed 31890/251223 SSURGO points...
Processed 31900/251223 SSURGO points...
Processed 31910/251223 SSURGO points...
Processed 31920/251223 SSURGO points...
Processed 31930/251223 SSURGO points...
Processed 31940/251223 SSURGO points...
Processed 31950/251223 SSURGO points...
Processed 31960/251223 SSURGO points...
Processed 31970/251223 SSURGO points...
Processed 31980/251223 SSURGO points...
Processed 31990/251223 SSURGO points...
Processed 32000/251223 SSURGO points...
Processed 32010/251223 SSURGO points...
Processed 32020/251223 SSURGO points...
Processed 32030/251223 SSURGO points...
Processed 32040/251223 SSURGO points...
Processed 32050/251223 SSURGO points...
Processed 32060/251223 SSURGO points...
Processed 32070/251223 SSURGO points...
Processed 32080/251223 SSURGO points...
Processed 32090/251223 SSURGO points...
Processed 32100/251223 SSURGO points...
Processed 32110/251223 SSURGO points...
Processed 32120/251223 SSURGO points...
Processed 32130/251223 SSURGO points...
Processed 32140/251223 SSURGO points...
Processed 32150/251223 SSURGO points...
Processed 32160/251223 SSURGO points...
Processed 32170/251223 SSURGO points...
Processed 32180/251223 SSURGO points...
Processed 32190/251223 SSURGO points...
Processed 32200/251223 SSURGO points...
Processed 32210/251223 SSURGO points...
Processed 32220/251223 SSURGO points...
Processed 32230/251223 SSURGO points...
Processed 32240/251223 SSURGO points...
Processed 32250/251223 SSURGO points...
Processed 32260/251223 SSURGO points...
Processed 32270/251223 SSURGO points...
Processed 32280/251223 SSURGO points...
Processed 32290/251223 SSURGO points...
Processed 32300/251223 SSURGO points...
Processed 32310/251223 SSURGO points...
Processed 32320/251223 SSURGO points...
Processed 32330/251223 SSURGO points...
Processed 32340/251223 SSURGO points...
Processed 32350/251223 SSURGO points...
Processed 32360/251223 SSURGO points...
Processed 32370/251223 SSURGO points...
Processed 32380/251223 SSURGO points...
Processed 32390/251223 SSURGO points...
Processed 32400/251223 SSURGO points...
Processed 32410/251223 SSURGO points...
Processed 32420/251223 SSURGO points...
Processed 32430/251223 SSURGO points...
Processed 32440/251223 SSURGO points...
Processed 32450/251223 SSURGO points...
Processed 32460/251223 SSURGO points...
Processed 32470/251223 SSURGO points...
Processed 32480/251223 SSURGO points...
Processed 32490/251223 SSURGO points...
Processed 32500/251223 SSURGO points...
Processed 32510/251223 SSURGO points...
Processed 32520/251223 SSURGO points...
Processed 32530/251223 SSURGO points...
Processed 32540/251223 SSURGO points...
Processed 32550/251223 SSURGO points...
Processed 32560/251223 SSURGO points...
Processed 32570/251223 SSURGO points...
Processed 32580/251223 SSURGO points...
Processed 32590/251223 SSURGO points...
Processed 32600/251223 SSURGO points...
Processed 32610/251223 SSURGO points...
Processed 32620/251223 SSURGO points...
Processed 32630/251223 SSURGO points...
Processed 32640/251223 SSURGO points...
Processed 32650/251223 SSURGO points...
Processed 32660/251223 SSURGO points...
Processed 32670/251223 SSURGO points...
Processed 32680/251223 SSURGO points...
Processed 32690/251223 SSURGO points...
Processed 32700/251223 SSURGO points...
Processed 32710/251223 SSURGO points...
Processed 32720/251223 SSURGO points...
Processed 32730/251223 SSURGO points...
Processed 32740/251223 SSURGO points...
Processed 32750/251223 SSURGO points...
Processed 32760/251223 SSURGO points...
Processed 32770/251223 SSURGO points...
Processed 32780/251223 SSURGO points...
Processed 32790/251223 SSURGO points...
Processed 32800/251223 SSURGO points...
Processed 32810/251223 SSURGO points...
Processed 32820/251223 SSURGO points...
Processed 32830/251223 SSURGO points...
Processed 32840/251223 SSURGO points...
Processed 32850/251223 SSURGO points...
Processed 32860/251223 SSURGO points...
Processed 32870/251223 SSURGO points...
Processed 32880/251223 SSURGO points...
Processed 32890/251223 SSURGO points...
Processed 32900/251223 SSURGO points...
Processed 32910/251223 SSURGO points...
Processed 32920/251223 SSURGO points...
Processed 32930/251223 SSURGO points...
Processed 32940/251223 SSURGO points...
Processed 32950/251223 SSURGO points...
Processed 32960/251223 SSURGO points...
Processed 32970/251223 SSURGO points...
Processed 32980/251223 SSURGO points...
Processed 32990/251223 SSURGO points...
Processed 33000/251223 SSURGO points...
Processed 33010/251223 SSURGO points...
Processed 33020/251223 SSURGO points...
Processed 33030/251223 SSURGO points...
Processed 33040/251223 SSURGO points...
Processed 33050/251223 SSURGO points...
Processed 33060/251223 SSURGO points...
Processed 33070/251223 SSURGO points...
Processed 33080/251223 SSURGO points...
Processed 33090/251223 SSURGO points...
Processed 33100/251223 SSURGO points...
Processed 33110/251223 SSURGO points...
Processed 33120/251223 SSURGO points...
Processed 33130/251223 SSURGO points...
Processed 33140/251223 SSURGO points...
Processed 33150/251223 SSURGO points...
Processed 33160/251223 SSURGO points...
Processed 33170/251223 SSURGO points...
Processed 33180/251223 SSURGO points...
Processed 33190/251223 SSURGO points...
Processed 33200/251223 SSURGO points...
Processed 33210/251223 SSURGO points...
Processed 33220/251223 SSURGO points...
Processed 33230/251223 SSURGO points...
Processed 33240/251223 SSURGO points...
Processed 33250/251223 SSURGO points...
Processed 33260/251223 SSURGO points...
Processed 33270/251223 SSURGO points...
Processed 33280/251223 SSURGO points...
Processed 33290/251223 SSURGO points...
Processed 33300/251223 SSURGO points...
Processed 33310/251223 SSURGO points...
Processed 33320/251223 SSURGO points...
Processed 33330/251223 SSURGO points...
Processed 33340/251223 SSURGO points...
Processed 33350/251223 SSURGO points...
Processed 33360/251223 SSURGO points...
Processed 33370/251223 SSURGO points...
Processed 33380/251223 SSURGO points...
Processed 33390/251223 SSURGO points...
Processed 33400/251223 SSURGO points...
Processed 33410/251223 SSURGO points...
Processed 33420/251223 SSURGO points...
Processed 33430/251223 SSURGO points...
Processed 33440/251223 SSURGO points...
Processed 33450/251223 SSURGO points...
Processed 33460/251223 SSURGO points...
Processed 33470/251223 SSURGO points...
Processed 33480/251223 SSURGO points...
Processed 33490/251223 SSURGO points...
Processed 33500/251223 SSURGO points...
Processed 33510/251223 SSURGO points...
Processed 33520/251223 SSURGO points...
Processed 33530/251223 SSURGO points...
Processed 33540/251223 SSURGO points...
Processed 33550/251223 SSURGO points...
Processed 33560/251223 SSURGO points...
Processed 33570/251223 SSURGO points...
Processed 33580/251223 SSURGO points...
Processed 33590/251223 SSURGO points...
Processed 33600/251223 SSURGO points...
Processed 33610/251223 SSURGO points...
Processed 33620/251223 SSURGO points...
Processed 33630/251223 SSURGO points...
Processed 33640/251223 SSURGO points...
Processed 33650/251223 SSURGO points...
Processed 33660/251223 SSURGO points...
Processed 33670/251223 SSURGO points...
Processed 33680/251223 SSURGO points...
Processed 33690/251223 SSURGO points...
Processed 33700/251223 SSURGO points...
Processed 33710/251223 SSURGO points...
Processed 33720/251223 SSURGO points...
Processed 33730/251223 SSURGO points...
Processed 33740/251223 SSURGO points...
Processed 33750/251223 SSURGO points...
Processed 33760/251223 SSURGO points...
Processed 33770/251223 SSURGO points...
Processed 33780/251223 SSURGO points...
Processed 33790/251223 SSURGO points...
Processed 33800/251223 SSURGO points...
Processed 33810/251223 SSURGO points...
Processed 33820/251223 SSURGO points...
Processed 33830/251223 SSURGO points...
Processed 33840/251223 SSURGO points...
Processed 33850/251223 SSURGO points...
Processed 33860/251223 SSURGO points...
Processed 33870/251223 SSURGO points...
Processed 33880/251223 SSURGO points...
Processed 33890/251223 SSURGO points...
Processed 33900/251223 SSURGO points...
Processed 33910/251223 SSURGO points...
Processed 33920/251223 SSURGO points...
Processed 33930/251223 SSURGO points...
Processed 33940/251223 SSURGO points...
Processed 33950/251223 SSURGO points...
Processed 33960/251223 SSURGO points...
Processed 33970/251223 SSURGO points...
Processed 33980/251223 SSURGO points...
Processed 33990/251223 SSURGO points...
Processed 34000/251223 SSURGO points...
Processed 34010/251223 SSURGO points...
Processed 34020/251223 SSURGO points...
Processed 34030/251223 SSURGO points...
Processed 34040/251223 SSURGO points...
Processed 34050/251223 SSURGO points...
Processed 34060/251223 SSURGO points...
Processed 34070/251223 SSURGO points...
Processed 34080/251223 SSURGO points...
Processed 34090/251223 SSURGO points...
Processed 34100/251223 SSURGO points...
Processed 34110/251223 SSURGO points...
Processed 34120/251223 SSURGO points...
Processed 34130/251223 SSURGO points...
Processed 34140/251223 SSURGO points...
Processed 34150/251223 SSURGO points...
Processed 34160/251223 SSURGO points...
Processed 34170/251223 SSURGO points...
Processed 34180/251223 SSURGO points...
Processed 34190/251223 SSURGO points...
Processed 34200/251223 SSURGO points...
Processed 34210/251223 SSURGO points...
Processed 34220/251223 SSURGO points...
Processed 34230/251223 SSURGO points...
Processed 34240/251223 SSURGO points...
Processed 34250/251223 SSURGO points...
Processed 34260/251223 SSURGO points...
Processed 34270/251223 SSURGO points...
Processed 34280/251223 SSURGO points...
Processed 34290/251223 SSURGO points...
Processed 34300/251223 SSURGO points...
Processed 34310/251223 SSURGO points...
Processed 34320/251223 SSURGO points...
Processed 34330/251223 SSURGO points...
Processed 34340/251223 SSURGO points...
Processed 34350/251223 SSURGO points...
Processed 34360/251223 SSURGO points...
Processed 34370/251223 SSURGO points...
Processed 34380/251223 SSURGO points...
Processed 34390/251223 SSURGO points...
Processed 34400/251223 SSURGO points...
Processed 34410/251223 SSURGO points...
Processed 34420/251223 SSURGO points...
Processed 34430/251223 SSURGO points...
Processed 34440/251223 SSURGO points...
Processed 34450/251223 SSURGO points...
Processed 34460/251223 SSURGO points...
Processed 34470/251223 SSURGO points...
Processed 34480/251223 SSURGO points...
Processed 34490/251223 SSURGO points...
Processed 34500/251223 SSURGO points...
Processed 34510/251223 SSURGO points...
Processed 34520/251223 SSURGO points...
Processed 34530/251223 SSURGO points...
Processed 34540/251223 SSURGO points...
Processed 34550/251223 SSURGO points...
Processed 34560/251223 SSURGO points...
Processed 34570/251223 SSURGO points...
Processed 34580/251223 SSURGO points...
Processed 34590/251223 SSURGO points...
Processed 34600/251223 SSURGO points...
Processed 34610/251223 SSURGO points...
Processed 34620/251223 SSURGO points...
Processed 34630/251223 SSURGO points...
Processed 34640/251223 SSURGO points...
Processed 34650/251223 SSURGO points...
Processed 34660/251223 SSURGO points...
Processed 34670/251223 SSURGO points...
Processed 34680/251223 SSURGO points...
Processed 34690/251223 SSURGO points...
Processed 34700/251223 SSURGO points...
Processed 34710/251223 SSURGO points...
Processed 34720/251223 SSURGO points...
Processed 34730/251223 SSURGO points...
Processed 34740/251223 SSURGO points...
Processed 34750/251223 SSURGO points...
Processed 34760/251223 SSURGO points...
Processed 34770/251223 SSURGO points...
Processed 34780/251223 SSURGO points...
Processed 34790/251223 SSURGO points...
Processed 34800/251223 SSURGO points...
Processed 34810/251223 SSURGO points...
Processed 34820/251223 SSURGO points...
Processed 34830/251223 SSURGO points...
Processed 34840/251223 SSURGO points...
Processed 34850/251223 SSURGO points...
Processed 34860/251223 SSURGO points...
Processed 34870/251223 SSURGO points...
Processed 34880/251223 SSURGO points...
Processed 34890/251223 SSURGO points...
Processed 34900/251223 SSURGO points...
Processed 34910/251223 SSURGO points...
Processed 34920/251223 SSURGO points...
Processed 34930/251223 SSURGO points...
Processed 34940/251223 SSURGO points...
Processed 34950/251223 SSURGO points...
Processed 34960/251223 SSURGO points...
Processed 34970/251223 SSURGO points...
Processed 34980/251223 SSURGO points...
Processed 34990/251223 SSURGO points...
Processed 35000/251223 SSURGO points...
Processed 35010/251223 SSURGO points...
Processed 35020/251223 SSURGO points...
Processed 35030/251223 SSURGO points...
Processed 35040/251223 SSURGO points...
Processed 35050/251223 SSURGO points...
Processed 35060/251223 SSURGO points...
Processed 35070/251223 SSURGO points...
Processed 35080/251223 SSURGO points...
Processed 35090/251223 SSURGO points...
Processed 35100/251223 SSURGO points...
Processed 35110/251223 SSURGO points...
Processed 35120/251223 SSURGO points...
Processed 35130/251223 SSURGO points...
Processed 35140/251223 SSURGO points...
Processed 35150/251223 SSURGO points...
Processed 35160/251223 SSURGO points...
Processed 35170/251223 SSURGO points...
Processed 35180/251223 SSURGO points...
Processed 35190/251223 SSURGO points...
Processed 35200/251223 SSURGO points...
Processed 35210/251223 SSURGO points...
Processed 35220/251223 SSURGO points...
Processed 35230/251223 SSURGO points...
Processed 35240/251223 SSURGO points...
Processed 35250/251223 SSURGO points...
Processed 35260/251223 SSURGO points...
Processed 35270/251223 SSURGO points...
Processed 35280/251223 SSURGO points...
Processed 35290/251223 SSURGO points...
Processed 35300/251223 SSURGO points...
Processed 35310/251223 SSURGO points...
Processed 35320/251223 SSURGO points...
Processed 35330/251223 SSURGO points...
Processed 35340/251223 SSURGO points...
Processed 35350/251223 SSURGO points...
Processed 35360/251223 SSURGO points...
Processed 35370/251223 SSURGO points...
Processed 35380/251223 SSURGO points...
Processed 35390/251223 SSURGO points...
Processed 35400/251223 SSURGO points...
Processed 35410/251223 SSURGO points...
Processed 35420/251223 SSURGO points...
Processed 35430/251223 SSURGO points...
Processed 35440/251223 SSURGO points...
Processed 35450/251223 SSURGO points...
Processed 35460/251223 SSURGO points...
Processed 35470/251223 SSURGO points...
Processed 35480/251223 SSURGO points...
Processed 35490/251223 SSURGO points...
Processed 35500/251223 SSURGO points...
Processed 35510/251223 SSURGO points...
Processed 35520/251223 SSURGO points...
Processed 35530/251223 SSURGO points...
Processed 35540/251223 SSURGO points...
Processed 35550/251223 SSURGO points...
Processed 35560/251223 SSURGO points...
Processed 35570/251223 SSURGO points...
Processed 35580/251223 SSURGO points...
Processed 35590/251223 SSURGO points...
Processed 35600/251223 SSURGO points...
Processed 35610/251223 SSURGO points...
Processed 35620/251223 SSURGO points...
Processed 35630/251223 SSURGO points...
Processed 35640/251223 SSURGO points...
Processed 35650/251223 SSURGO points...
Processed 35660/251223 SSURGO points...
Processed 35670/251223 SSURGO points...
Processed 35680/251223 SSURGO points...
Processed 35690/251223 SSURGO points...
Processed 35700/251223 SSURGO points...
Processed 35710/251223 SSURGO points...
Processed 35720/251223 SSURGO points...
Processed 35730/251223 SSURGO points...
Processed 35740/251223 SSURGO points...
Processed 35750/251223 SSURGO points...
Processed 35760/251223 SSURGO points...
Processed 35770/251223 SSURGO points...
Processed 35780/251223 SSURGO points...
Processed 35790/251223 SSURGO points...
Processed 35800/251223 SSURGO points...
Processed 35810/251223 SSURGO points...
Processed 35820/251223 SSURGO points...
Processed 35830/251223 SSURGO points...
Processed 35840/251223 SSURGO points...
Processed 35850/251223 SSURGO points...
Processed 35860/251223 SSURGO points...
Processed 35870/251223 SSURGO points...
Processed 35880/251223 SSURGO points...
Processed 35890/251223 SSURGO points...
Processed 35900/251223 SSURGO points...
Processed 35910/251223 SSURGO points...
Processed 35920/251223 SSURGO points...
Processed 35930/251223 SSURGO points...
Processed 35940/251223 SSURGO points...
Processed 35950/251223 SSURGO points...
Processed 35960/251223 SSURGO points...
Processed 35970/251223 SSURGO points...
Processed 35980/251223 SSURGO points...
Processed 35990/251223 SSURGO points...
Processed 36000/251223 SSURGO points...
Processed 36010/251223 SSURGO points...
Processed 36020/251223 SSURGO points...
Processed 36030/251223 SSURGO points...
Processed 36040/251223 SSURGO points...
Processed 36050/251223 SSURGO points...
Processed 36060/251223 SSURGO points...
Processed 36070/251223 SSURGO points...
Processed 36080/251223 SSURGO points...
Processed 36090/251223 SSURGO points...
Processed 36100/251223 SSURGO points...
Processed 36110/251223 SSURGO points...
Processed 36120/251223 SSURGO points...
Processed 36130/251223 SSURGO points...
Processed 36140/251223 SSURGO points...
Processed 36150/251223 SSURGO points...
Processed 36160/251223 SSURGO points...
Processed 36170/251223 SSURGO points...
Processed 36180/251223 SSURGO points...
Processed 36190/251223 SSURGO points...
Processed 36200/251223 SSURGO points...
Processed 36210/251223 SSURGO points...
Processed 36220/251223 SSURGO points...
Processed 36230/251223 SSURGO points...
Processed 36240/251223 SSURGO points...
Processed 36250/251223 SSURGO points...
Processed 36260/251223 SSURGO points...
Processed 36270/251223 SSURGO points...
Processed 36280/251223 SSURGO points...
Processed 36290/251223 SSURGO points...
Processed 36300/251223 SSURGO points...
Processed 36310/251223 SSURGO points...
Processed 36320/251223 SSURGO points...
Processed 36330/251223 SSURGO points...
Processed 36340/251223 SSURGO points...
Processed 36350/251223 SSURGO points...
Processed 36360/251223 SSURGO points...
Processed 36370/251223 SSURGO points...
Processed 36380/251223 SSURGO points...
Processed 36390/251223 SSURGO points...
Processed 36400/251223 SSURGO points...
Processed 36410/251223 SSURGO points...
Processed 36420/251223 SSURGO points...
Processed 36430/251223 SSURGO points...
Processed 36440/251223 SSURGO points...
Processed 36450/251223 SSURGO points...
Processed 36460/251223 SSURGO points...
Processed 36470/251223 SSURGO points...
Processed 36480/251223 SSURGO points...
Processed 36490/251223 SSURGO points...
Processed 36500/251223 SSURGO points...
Processed 36510/251223 SSURGO points...
Processed 36520/251223 SSURGO points...
Processed 36530/251223 SSURGO points...
Processed 36540/251223 SSURGO points...
Processed 36550/251223 SSURGO points...
Processed 36560/251223 SSURGO points...
Processed 36570/251223 SSURGO points...
Processed 36580/251223 SSURGO points...
Processed 36590/251223 SSURGO points...
Processed 36600/251223 SSURGO points...
Processed 36610/251223 SSURGO points...
Processed 36620/251223 SSURGO points...
Processed 36630/251223 SSURGO points...
Processed 36640/251223 SSURGO points...
Processed 36650/251223 SSURGO points...
Processed 36660/251223 SSURGO points...
Processed 36670/251223 SSURGO points...
Processed 36680/251223 SSURGO points...
Processed 36690/251223 SSURGO points...
Processed 36700/251223 SSURGO points...
Processed 36710/251223 SSURGO points...
Processed 36720/251223 SSURGO points...
Processed 36730/251223 SSURGO points...
Processed 36740/251223 SSURGO points...
Processed 36750/251223 SSURGO points...
Processed 36760/251223 SSURGO points...
Processed 36770/251223 SSURGO points...
Processed 36780/251223 SSURGO points...
Processed 36790/251223 SSURGO points...
Processed 36800/251223 SSURGO points...
Processed 36810/251223 SSURGO points...
Processed 36820/251223 SSURGO points...
Processed 36830/251223 SSURGO points...
Processed 36840/251223 SSURGO points...
Processed 36850/251223 SSURGO points...
Processed 36860/251223 SSURGO points...
Processed 36870/251223 SSURGO points...
Processed 36880/251223 SSURGO points...
Processed 36890/251223 SSURGO points...
Processed 36900/251223 SSURGO points...
Processed 36910/251223 SSURGO points...
Processed 36920/251223 SSURGO points...
Processed 36930/251223 SSURGO points...
Processed 36940/251223 SSURGO points...
Processed 36950/251223 SSURGO points...
Processed 36960/251223 SSURGO points...
Processed 36970/251223 SSURGO points...
Processed 36980/251223 SSURGO points...
Processed 36990/251223 SSURGO points...
Processed 37000/251223 SSURGO points...
Processed 37010/251223 SSURGO points...
Processed 37020/251223 SSURGO points...
Processed 37030/251223 SSURGO points...
Processed 37040/251223 SSURGO points...
Processed 37050/251223 SSURGO points...
Processed 37060/251223 SSURGO points...
Processed 37070/251223 SSURGO points...
Processed 37080/251223 SSURGO points...
Processed 37090/251223 SSURGO points...
Processed 37100/251223 SSURGO points...
Processed 37110/251223 SSURGO points...
Processed 37120/251223 SSURGO points...
Processed 37130/251223 SSURGO points...
Processed 37140/251223 SSURGO points...
Processed 37150/251223 SSURGO points...
Processed 37160/251223 SSURGO points...
Processed 37170/251223 SSURGO points...
Processed 37180/251223 SSURGO points...
Processed 37190/251223 SSURGO points...
Processed 37200/251223 SSURGO points...
Processed 37210/251223 SSURGO points...
Processed 37220/251223 SSURGO points...
Processed 37230/251223 SSURGO points...
Processed 37240/251223 SSURGO points...
Processed 37250/251223 SSURGO points...
Processed 37260/251223 SSURGO points...
Processed 37270/251223 SSURGO points...
Processed 37280/251223 SSURGO points...
Processed 37290/251223 SSURGO points...
Processed 37300/251223 SSURGO points...
Processed 37310/251223 SSURGO points...
Processed 37320/251223 SSURGO points...
Processed 37330/251223 SSURGO points...
Processed 37340/251223 SSURGO points...
Processed 37350/251223 SSURGO points...
Processed 37360/251223 SSURGO points...
Processed 37370/251223 SSURGO points...
Processed 37380/251223 SSURGO points...
Processed 37390/251223 SSURGO points...
Processed 37400/251223 SSURGO points...
Processed 37410/251223 SSURGO points...
Processed 37420/251223 SSURGO points...
Processed 37430/251223 SSURGO points...
Processed 37440/251223 SSURGO points...
Processed 37450/251223 SSURGO points...
Processed 37460/251223 SSURGO points...
Processed 37470/251223 SSURGO points...
Processed 37480/251223 SSURGO points...
Processed 37490/251223 SSURGO points...
Processed 37500/251223 SSURGO points...
Processed 37510/251223 SSURGO points...
Processed 37520/251223 SSURGO points...
Processed 37530/251223 SSURGO points...
Processed 37540/251223 SSURGO points...
Processed 37550/251223 SSURGO points...
Processed 37560/251223 SSURGO points...
Processed 37570/251223 SSURGO points...
Processed 37580/251223 SSURGO points...
Processed 37590/251223 SSURGO points...
Processed 37600/251223 SSURGO points...
Processed 37610/251223 SSURGO points...
Processed 37620/251223 SSURGO points...
Processed 37630/251223 SSURGO points...
Processed 37640/251223 SSURGO points...
Processed 37650/251223 SSURGO points...
Processed 37660/251223 SSURGO points...
Processed 37670/251223 SSURGO points...
Processed 37680/251223 SSURGO points...
Processed 37690/251223 SSURGO points...
Processed 37700/251223 SSURGO points...
Processed 37710/251223 SSURGO points...
Processed 37720/251223 SSURGO points...
Processed 37730/251223 SSURGO points...
Processed 37740/251223 SSURGO points...
Processed 37750/251223 SSURGO points...
Processed 37760/251223 SSURGO points...
Processed 37770/251223 SSURGO points...
Processed 37780/251223 SSURGO points...
Processed 37790/251223 SSURGO points...
Processed 37800/251223 SSURGO points...
Processed 37810/251223 SSURGO points...
Processed 37820/251223 SSURGO points...
Processed 37830/251223 SSURGO points...
Processed 37840/251223 SSURGO points...
Processed 37850/251223 SSURGO points...
Processed 37860/251223 SSURGO points...
Processed 37870/251223 SSURGO points...
Processed 37880/251223 SSURGO points...
Processed 37890/251223 SSURGO points...
Processed 37900/251223 SSURGO points...
Processed 37910/251223 SSURGO points...
Processed 37920/251223 SSURGO points...
Processed 37930/251223 SSURGO points...
Processed 37940/251223 SSURGO points...
Processed 37950/251223 SSURGO points...
Processed 37960/251223 SSURGO points...
Processed 37970/251223 SSURGO points...
Processed 37980/251223 SSURGO points...
Processed 37990/251223 SSURGO points...
Processed 38000/251223 SSURGO points...
Processed 38010/251223 SSURGO points...
Processed 38020/251223 SSURGO points...
Processed 38030/251223 SSURGO points...
Processed 38040/251223 SSURGO points...
Processed 38050/251223 SSURGO points...
Processed 38060/251223 SSURGO points...
Processed 38070/251223 SSURGO points...
Processed 38080/251223 SSURGO points...
Processed 38090/251223 SSURGO points...
Processed 38100/251223 SSURGO points...
Processed 38110/251223 SSURGO points...
Processed 38120/251223 SSURGO points...
Processed 38130/251223 SSURGO points...
Processed 38140/251223 SSURGO points...
Processed 38150/251223 SSURGO points...
Processed 38160/251223 SSURGO points...
Processed 38170/251223 SSURGO points...
Processed 38180/251223 SSURGO points...
Processed 38190/251223 SSURGO points...
Processed 38200/251223 SSURGO points...
Processed 38210/251223 SSURGO points...
Processed 38220/251223 SSURGO points...
Processed 38230/251223 SSURGO points...
Processed 38240/251223 SSURGO points...
Processed 38250/251223 SSURGO points...
Processed 38260/251223 SSURGO points...
Processed 38270/251223 SSURGO points...
Processed 38280/251223 SSURGO points...
Processed 38290/251223 SSURGO points...
Processed 38300/251223 SSURGO points...
Processed 38310/251223 SSURGO points...
Processed 38320/251223 SSURGO points...
Processed 38330/251223 SSURGO points...
Processed 38340/251223 SSURGO points...
Processed 38350/251223 SSURGO points...
Processed 38360/251223 SSURGO points...
Processed 38370/251223 SSURGO points...
Processed 38380/251223 SSURGO points...
Processed 38390/251223 SSURGO points...
Processed 38400/251223 SSURGO points...
Processed 38410/251223 SSURGO points...
Processed 38420/251223 SSURGO points...
Processed 38430/251223 SSURGO points...
Processed 38440/251223 SSURGO points...
Processed 38450/251223 SSURGO points...
Processed 38460/251223 SSURGO points...
Processed 38470/251223 SSURGO points...
Processed 38480/251223 SSURGO points...
Processed 38490/251223 SSURGO points...
Processed 38500/251223 SSURGO points...
Processed 38510/251223 SSURGO points...
Processed 38520/251223 SSURGO points...
Processed 38530/251223 SSURGO points...
Processed 38540/251223 SSURGO points...
Processed 38550/251223 SSURGO points...
Processed 38560/251223 SSURGO points...
Processed 38570/251223 SSURGO points...
Processed 38580/251223 SSURGO points...
Processed 38590/251223 SSURGO points...
Processed 38600/251223 SSURGO points...
Processed 38610/251223 SSURGO points...
Processed 38620/251223 SSURGO points...
Processed 38630/251223 SSURGO points...
Processed 38640/251223 SSURGO points...
Processed 38650/251223 SSURGO points...
Processed 38660/251223 SSURGO points...
Processed 38670/251223 SSURGO points...
Processed 38680/251223 SSURGO points...
Processed 38690/251223 SSURGO points...
Processed 38700/251223 SSURGO points...
Processed 38710/251223 SSURGO points...
Processed 38720/251223 SSURGO points...
Processed 38730/251223 SSURGO points...
Processed 38740/251223 SSURGO points...
Processed 38750/251223 SSURGO points...
Processed 38760/251223 SSURGO points...
Processed 38770/251223 SSURGO points...
Processed 38780/251223 SSURGO points...
Processed 38790/251223 SSURGO points...
Processed 38800/251223 SSURGO points...
Processed 38810/251223 SSURGO points...
Processed 38820/251223 SSURGO points...
Processed 38830/251223 SSURGO points...
Processed 38840/251223 SSURGO points...
Processed 38850/251223 SSURGO points...
Processed 38860/251223 SSURGO points...
Processed 38870/251223 SSURGO points...
Processed 38880/251223 SSURGO points...
Processed 38890/251223 SSURGO points...
Processed 38900/251223 SSURGO points...
Processed 38910/251223 SSURGO points...
Processed 38920/251223 SSURGO points...
Processed 38930/251223 SSURGO points...
Processed 38940/251223 SSURGO points...
Processed 38950/251223 SSURGO points...
Processed 38960/251223 SSURGO points...
Processed 38970/251223 SSURGO points...
Processed 38980/251223 SSURGO points...
Processed 38990/251223 SSURGO points...
Processed 39000/251223 SSURGO points...
Processed 39010/251223 SSURGO points...
Processed 39020/251223 SSURGO points...
Processed 39030/251223 SSURGO points...
Processed 39040/251223 SSURGO points...
Processed 39050/251223 SSURGO points...
Processed 39060/251223 SSURGO points...
Processed 39070/251223 SSURGO points...
Processed 39080/251223 SSURGO points...
Processed 39090/251223 SSURGO points...
Processed 39100/251223 SSURGO points...
Processed 39110/251223 SSURGO points...
Processed 39120/251223 SSURGO points...
Processed 39130/251223 SSURGO points...
Processed 39140/251223 SSURGO points...
Processed 39150/251223 SSURGO points...
Processed 39160/251223 SSURGO points...
Processed 39170/251223 SSURGO points...
Processed 39180/251223 SSURGO points...
Processed 39190/251223 SSURGO points...
Processed 39200/251223 SSURGO points...
Processed 39210/251223 SSURGO points...
Processed 39220/251223 SSURGO points...
Processed 39230/251223 SSURGO points...
Processed 39240/251223 SSURGO points...
Processed 39250/251223 SSURGO points...
Processed 39260/251223 SSURGO points...
Processed 39270/251223 SSURGO points...
Processed 39280/251223 SSURGO points...
Processed 39290/251223 SSURGO points...
Processed 39300/251223 SSURGO points...
Processed 39310/251223 SSURGO points...
Processed 39320/251223 SSURGO points...
Processed 39330/251223 SSURGO points...
Processed 39340/251223 SSURGO points...
Processed 39350/251223 SSURGO points...
Processed 39360/251223 SSURGO points...
Processed 39370/251223 SSURGO points...
Processed 39380/251223 SSURGO points...
Processed 39390/251223 SSURGO points...
Processed 39400/251223 SSURGO points...
Processed 39410/251223 SSURGO points...
Processed 39420/251223 SSURGO points...
Processed 39430/251223 SSURGO points...
Processed 39440/251223 SSURGO points...
Processed 39450/251223 SSURGO points...
Processed 39460/251223 SSURGO points...
Processed 39470/251223 SSURGO points...
Processed 39480/251223 SSURGO points...
Processed 39490/251223 SSURGO points...
Processed 39500/251223 SSURGO points...
Processed 39510/251223 SSURGO points...
Processed 39520/251223 SSURGO points...
Processed 39530/251223 SSURGO points...
Processed 39540/251223 SSURGO points...
Processed 39550/251223 SSURGO points...
Processed 39560/251223 SSURGO points...
Processed 39570/251223 SSURGO points...
Processed 39580/251223 SSURGO points...
Processed 39590/251223 SSURGO points...
Processed 39600/251223 SSURGO points...
Processed 39610/251223 SSURGO points...
Processed 39620/251223 SSURGO points...
Processed 39630/251223 SSURGO points...
Processed 39640/251223 SSURGO points...
Processed 39650/251223 SSURGO points...
Processed 39660/251223 SSURGO points...
Processed 39670/251223 SSURGO points...
Processed 39680/251223 SSURGO points...
Processed 39690/251223 SSURGO points...
Processed 39700/251223 SSURGO points...
Processed 39710/251223 SSURGO points...
Processed 39720/251223 SSURGO points...
Processed 39730/251223 SSURGO points...
Processed 39740/251223 SSURGO points...
Processed 39750/251223 SSURGO points...
Processed 39760/251223 SSURGO points...
Processed 39770/251223 SSURGO points...
Processed 39780/251223 SSURGO points...
Processed 39790/251223 SSURGO points...
Processed 39800/251223 SSURGO points...
Processed 39810/251223 SSURGO points...
Processed 39820/251223 SSURGO points...
Processed 39830/251223 SSURGO points...
Processed 39840/251223 SSURGO points...
Processed 39850/251223 SSURGO points...
Processed 39860/251223 SSURGO points...
Processed 39870/251223 SSURGO points...
Processed 39880/251223 SSURGO points...
Processed 39890/251223 SSURGO points...
Processed 39900/251223 SSURGO points...
Processed 39910/251223 SSURGO points...
Processed 39920/251223 SSURGO points...
Processed 39930/251223 SSURGO points...
Processed 39940/251223 SSURGO points...
Processed 39950/251223 SSURGO points...
Processed 39960/251223 SSURGO points...
Processed 39970/251223 SSURGO points...
Processed 39980/251223 SSURGO points...
Processed 39990/251223 SSURGO points...
Processed 40000/251223 SSURGO points...
Processed 40010/251223 SSURGO points...
Processed 40020/251223 SSURGO points...
Processed 40030/251223 SSURGO points...
Processed 40040/251223 SSURGO points...
Processed 40050/251223 SSURGO points...
Processed 40060/251223 SSURGO points...
Processed 40070/251223 SSURGO points...
Processed 40080/251223 SSURGO points...
Processed 40090/251223 SSURGO points...
Processed 40100/251223 SSURGO points...
Processed 40110/251223 SSURGO points...
Processed 40120/251223 SSURGO points...
Processed 40130/251223 SSURGO points...
Processed 40140/251223 SSURGO points...
Processed 40150/251223 SSURGO points...
Processed 40160/251223 SSURGO points...
Processed 40170/251223 SSURGO points...
Processed 40180/251223 SSURGO points...
Processed 40190/251223 SSURGO points...
Processed 40200/251223 SSURGO points...
Processed 40210/251223 SSURGO points...
Processed 40220/251223 SSURGO points...
Processed 40230/251223 SSURGO points...
Processed 40240/251223 SSURGO points...
Processed 40250/251223 SSURGO points...
Processed 40260/251223 SSURGO points...
Processed 40270/251223 SSURGO points...
Processed 40280/251223 SSURGO points...
Processed 40290/251223 SSURGO points...
Processed 40300/251223 SSURGO points...
Processed 40310/251223 SSURGO points...
Processed 40320/251223 SSURGO points...
Processed 40330/251223 SSURGO points...
Processed 40340/251223 SSURGO points...
Processed 40350/251223 SSURGO points...
Processed 40360/251223 SSURGO points...
Processed 40370/251223 SSURGO points...
Processed 40380/251223 SSURGO points...
Processed 40390/251223 SSURGO points...
Processed 40400/251223 SSURGO points...
Processed 40410/251223 SSURGO points...
Processed 40420/251223 SSURGO points...
Processed 40430/251223 SSURGO points...
Processed 40440/251223 SSURGO points...
Processed 40450/251223 SSURGO points...
Processed 40460/251223 SSURGO points...
Processed 40470/251223 SSURGO points...
Processed 40480/251223 SSURGO points...
Processed 40490/251223 SSURGO points...
Processed 40500/251223 SSURGO points...
Processed 40510/251223 SSURGO points...
Processed 40520/251223 SSURGO points...
Processed 40530/251223 SSURGO points...
Processed 40540/251223 SSURGO points...
Processed 40550/251223 SSURGO points...
Processed 40560/251223 SSURGO points...
Processed 40570/251223 SSURGO points...
Processed 40580/251223 SSURGO points...
Processed 40590/251223 SSURGO points...
Processed 40600/251223 SSURGO points...
Processed 40610/251223 SSURGO points...
Processed 40620/251223 SSURGO points...
Processed 40630/251223 SSURGO points...
Processed 40640/251223 SSURGO points...
Processed 40650/251223 SSURGO points...
Processed 40660/251223 SSURGO points...
Processed 40670/251223 SSURGO points...
Processed 40680/251223 SSURGO points...
Processed 40690/251223 SSURGO points...
Processed 40700/251223 SSURGO points...
Processed 40710/251223 SSURGO points...
Processed 40720/251223 SSURGO points...
Processed 40730/251223 SSURGO points...
Processed 40740/251223 SSURGO points...
Processed 40750/251223 SSURGO points...
Processed 40760/251223 SSURGO points...
Processed 40770/251223 SSURGO points...
Processed 40780/251223 SSURGO points...
Processed 40790/251223 SSURGO points...
Processed 40800/251223 SSURGO points...
Processed 40810/251223 SSURGO points...
Processed 40820/251223 SSURGO points...
Processed 40830/251223 SSURGO points...
Processed 40840/251223 SSURGO points...
Processed 40850/251223 SSURGO points...
Processed 40860/251223 SSURGO points...
Processed 40870/251223 SSURGO points...
Processed 40880/251223 SSURGO points...
Processed 40890/251223 SSURGO points...
Processed 40900/251223 SSURGO points...
Processed 40910/251223 SSURGO points...
Processed 40920/251223 SSURGO points...
Processed 40930/251223 SSURGO points...
Processed 40940/251223 SSURGO points...
Processed 40950/251223 SSURGO points...
Processed 40960/251223 SSURGO points...
Processed 40970/251223 SSURGO points...
Processed 40980/251223 SSURGO points...
Processed 40990/251223 SSURGO points...
Processed 41000/251223 SSURGO points...
Processed 41010/251223 SSURGO points...
Processed 41020/251223 SSURGO points...
Processed 41030/251223 SSURGO points...
Processed 41040/251223 SSURGO points...
Processed 41050/251223 SSURGO points...
Processed 41060/251223 SSURGO points...
Processed 41070/251223 SSURGO points...
Processed 41080/251223 SSURGO points...
Processed 41090/251223 SSURGO points...
Processed 41100/251223 SSURGO points...
Processed 41110/251223 SSURGO points...
Processed 41120/251223 SSURGO points...
Processed 41130/251223 SSURGO points...
Processed 41140/251223 SSURGO points...
Processed 41150/251223 SSURGO points...
Processed 41160/251223 SSURGO points...
Processed 41170/251223 SSURGO points...
Processed 41180/251223 SSURGO points...
Processed 41190/251223 SSURGO points...
Processed 41200/251223 SSURGO points...
Processed 41210/251223 SSURGO points...
Processed 41220/251223 SSURGO points...
Processed 41230/251223 SSURGO points...
Processed 41240/251223 SSURGO points...
Processed 41250/251223 SSURGO points...
Processed 41260/251223 SSURGO points...
Processed 41270/251223 SSURGO points...
Processed 41280/251223 SSURGO points...
Processed 41290/251223 SSURGO points...
Processed 41300/251223 SSURGO points...
Processed 41310/251223 SSURGO points...
Processed 41320/251223 SSURGO points...
Processed 41330/251223 SSURGO points...
Processed 41340/251223 SSURGO points...
Processed 41350/251223 SSURGO points...
Processed 41360/251223 SSURGO points...
Processed 41370/251223 SSURGO points...
Processed 41380/251223 SSURGO points...
Processed 41390/251223 SSURGO points...
Processed 41400/251223 SSURGO points...
Processed 41410/251223 SSURGO points...
Processed 41420/251223 SSURGO points...
Processed 41430/251223 SSURGO points...
Processed 41440/251223 SSURGO points...
Processed 41450/251223 SSURGO points...
Processed 41460/251223 SSURGO points...
Processed 41470/251223 SSURGO points...
Processed 41480/251223 SSURGO points...
Processed 41490/251223 SSURGO points...
Processed 41500/251223 SSURGO points...
Processed 41510/251223 SSURGO points...
Processed 41520/251223 SSURGO points...
Processed 41530/251223 SSURGO points...
Processed 41540/251223 SSURGO points...
Processed 41550/251223 SSURGO points...
Processed 41560/251223 SSURGO points...
Processed 41570/251223 SSURGO points...
Processed 41580/251223 SSURGO points...
Processed 41590/251223 SSURGO points...
Processed 41600/251223 SSURGO points...
Processed 41610/251223 SSURGO points...
Processed 41620/251223 SSURGO points...
Processed 41630/251223 SSURGO points...
Processed 41640/251223 SSURGO points...
Processed 41650/251223 SSURGO points...
Processed 41660/251223 SSURGO points...
Processed 41670/251223 SSURGO points...
Processed 41680/251223 SSURGO points...
Processed 41690/251223 SSURGO points...
Processed 41700/251223 SSURGO points...
Processed 41710/251223 SSURGO points...
Processed 41720/251223 SSURGO points...
Processed 41730/251223 SSURGO points...
Processed 41740/251223 SSURGO points...
Processed 41750/251223 SSURGO points...
Processed 41760/251223 SSURGO points...
Processed 41770/251223 SSURGO points...
Processed 41780/251223 SSURGO points...
Processed 41790/251223 SSURGO points...
Processed 41800/251223 SSURGO points...
Processed 41810/251223 SSURGO points...
Processed 41820/251223 SSURGO points...
Processed 41830/251223 SSURGO points...
Processed 41840/251223 SSURGO points...
Processed 41850/251223 SSURGO points...
Processed 41860/251223 SSURGO points...
Processed 41870/251223 SSURGO points...
Processed 41880/251223 SSURGO points...
Processed 41890/251223 SSURGO points...
Processed 41900/251223 SSURGO points...
Processed 41910/251223 SSURGO points...
Processed 41920/251223 SSURGO points...
Processed 41930/251223 SSURGO points...
Processed 41940/251223 SSURGO points...
Processed 41950/251223 SSURGO points...
Processed 41960/251223 SSURGO points...
Processed 41970/251223 SSURGO points...
Processed 41980/251223 SSURGO points...
Processed 41990/251223 SSURGO points...
Processed 42000/251223 SSURGO points...
Processed 42010/251223 SSURGO points...
Processed 42020/251223 SSURGO points...
Processed 42030/251223 SSURGO points...
Processed 42040/251223 SSURGO points...
Processed 42050/251223 SSURGO points...
Processed 42060/251223 SSURGO points...
Processed 42070/251223 SSURGO points...
Processed 42080/251223 SSURGO points...
Processed 42090/251223 SSURGO points...
Processed 42100/251223 SSURGO points...
Processed 42110/251223 SSURGO points...
Processed 42120/251223 SSURGO points...
Processed 42130/251223 SSURGO points...
Processed 42140/251223 SSURGO points...
Processed 42150/251223 SSURGO points...
Processed 42160/251223 SSURGO points...
Processed 42170/251223 SSURGO points...
Processed 42180/251223 SSURGO points...
Processed 42190/251223 SSURGO points...
Processed 42200/251223 SSURGO points...
Processed 42210/251223 SSURGO points...
Processed 42220/251223 SSURGO points...
Processed 42230/251223 SSURGO points...
Processed 42240/251223 SSURGO points...
Processed 42250/251223 SSURGO points...
Processed 42260/251223 SSURGO points...
Processed 42270/251223 SSURGO points...
Processed 42280/251223 SSURGO points...
Processed 42290/251223 SSURGO points...
Processed 42300/251223 SSURGO points...
Processed 42310/251223 SSURGO points...
Processed 42320/251223 SSURGO points...
Processed 42330/251223 SSURGO points...
Processed 42340/251223 SSURGO points...
Processed 42350/251223 SSURGO points...
Processed 42360/251223 SSURGO points...
Processed 42370/251223 SSURGO points...
Processed 42380/251223 SSURGO points...
Processed 42390/251223 SSURGO points...
Processed 42400/251223 SSURGO points...
Processed 42410/251223 SSURGO points...
Processed 42420/251223 SSURGO points...
Processed 42430/251223 SSURGO points...
Processed 42440/251223 SSURGO points...
Processed 42450/251223 SSURGO points...
Processed 42460/251223 SSURGO points...
Processed 42470/251223 SSURGO points...
Processed 42480/251223 SSURGO points...
Processed 42490/251223 SSURGO points...
Processed 42500/251223 SSURGO points...
Processed 42510/251223 SSURGO points...
Processed 42520/251223 SSURGO points...
Processed 42530/251223 SSURGO points...
Processed 42540/251223 SSURGO points...
Processed 42550/251223 SSURGO points...
Processed 42560/251223 SSURGO points...
Processed 42570/251223 SSURGO points...
Processed 42580/251223 SSURGO points...
Processed 42590/251223 SSURGO points...
Processed 42600/251223 SSURGO points...
Processed 42610/251223 SSURGO points...
Processed 42620/251223 SSURGO points...
Processed 42630/251223 SSURGO points...
Processed 42640/251223 SSURGO points...
Processed 42650/251223 SSURGO points...
Processed 42660/251223 SSURGO points...
Processed 42670/251223 SSURGO points...
Processed 42680/251223 SSURGO points...
Processed 42690/251223 SSURGO points...
Processed 42700/251223 SSURGO points...
Processed 42710/251223 SSURGO points...
Processed 42720/251223 SSURGO points...
Processed 42730/251223 SSURGO points...
Processed 42740/251223 SSURGO points...
Processed 42750/251223 SSURGO points...
Processed 42760/251223 SSURGO points...
Processed 42770/251223 SSURGO points...
Processed 42780/251223 SSURGO points...
Processed 42790/251223 SSURGO points...
Processed 42800/251223 SSURGO points...
Processed 42810/251223 SSURGO points...
Processed 42820/251223 SSURGO points...
Processed 42830/251223 SSURGO points...
Processed 42840/251223 SSURGO points...
Processed 42850/251223 SSURGO points...
Processed 42860/251223 SSURGO points...
Processed 42870/251223 SSURGO points...
Processed 42880/251223 SSURGO points...
Processed 42890/251223 SSURGO points...
Processed 42900/251223 SSURGO points...
Processed 42910/251223 SSURGO points...
Processed 42920/251223 SSURGO points...
Processed 42930/251223 SSURGO points...
Processed 42940/251223 SSURGO points...
Processed 42950/251223 SSURGO points...
Processed 42960/251223 SSURGO points...
Processed 42970/251223 SSURGO points...
Processed 42980/251223 SSURGO points...
Processed 42990/251223 SSURGO points...
Processed 43000/251223 SSURGO points...
Processed 43010/251223 SSURGO points...
Processed 43020/251223 SSURGO points...
Processed 43030/251223 SSURGO points...
Processed 43040/251223 SSURGO points...
Processed 43050/251223 SSURGO points...
Processed 43060/251223 SSURGO points...
Processed 43070/251223 SSURGO points...
Processed 43080/251223 SSURGO points...
Processed 43090/251223 SSURGO points...
Processed 43100/251223 SSURGO points...
Processed 43110/251223 SSURGO points...
Processed 43120/251223 SSURGO points...
Processed 43130/251223 SSURGO points...
Processed 43140/251223 SSURGO points...
Processed 43150/251223 SSURGO points...
Processed 43160/251223 SSURGO points...
Processed 43170/251223 SSURGO points...
Processed 43180/251223 SSURGO points...
Processed 43190/251223 SSURGO points...
Processed 43200/251223 SSURGO points...
Processed 43210/251223 SSURGO points...
Processed 43220/251223 SSURGO points...
Processed 43230/251223 SSURGO points...
Processed 43240/251223 SSURGO points...
Processed 43250/251223 SSURGO points...
Processed 43260/251223 SSURGO points...
Processed 43270/251223 SSURGO points...
Processed 43280/251223 SSURGO points...
Processed 43290/251223 SSURGO points...
Processed 43300/251223 SSURGO points...
Processed 43310/251223 SSURGO points...
Processed 43320/251223 SSURGO points...
Processed 43330/251223 SSURGO points...
Processed 43340/251223 SSURGO points...
Processed 43350/251223 SSURGO points...
Processed 43360/251223 SSURGO points...
Processed 43370/251223 SSURGO points...
Processed 43380/251223 SSURGO points...
Processed 43390/251223 SSURGO points...
Processed 43400/251223 SSURGO points...
Processed 43410/251223 SSURGO points...
Processed 43420/251223 SSURGO points...
Processed 43430/251223 SSURGO points...
Processed 43440/251223 SSURGO points...
Processed 43450/251223 SSURGO points...
Processed 43460/251223 SSURGO points...
Processed 43470/251223 SSURGO points...
Processed 43480/251223 SSURGO points...
Processed 43490/251223 SSURGO points...
Processed 43500/251223 SSURGO points...
Processed 43510/251223 SSURGO points...
Processed 43520/251223 SSURGO points...
Processed 43530/251223 SSURGO points...
Processed 43540/251223 SSURGO points...
Processed 43550/251223 SSURGO points...
Processed 43560/251223 SSURGO points...
Processed 43570/251223 SSURGO points...
Processed 43580/251223 SSURGO points...
Processed 43590/251223 SSURGO points...
Processed 43600/251223 SSURGO points...
Processed 43610/251223 SSURGO points...
Processed 43620/251223 SSURGO points...
Processed 43630/251223 SSURGO points...
Processed 43640/251223 SSURGO points...
Processed 43650/251223 SSURGO points...
Processed 43660/251223 SSURGO points...
Processed 43670/251223 SSURGO points...
Processed 43680/251223 SSURGO points...
Processed 43690/251223 SSURGO points...
Processed 43700/251223 SSURGO points...
Processed 43710/251223 SSURGO points...
Processed 43720/251223 SSURGO points...
Processed 43730/251223 SSURGO points...
Processed 43740/251223 SSURGO points...
Processed 43750/251223 SSURGO points...
Processed 43760/251223 SSURGO points...
Processed 43770/251223 SSURGO points...
Processed 43780/251223 SSURGO points...
Processed 43790/251223 SSURGO points...
Processed 43800/251223 SSURGO points...
Processed 43810/251223 SSURGO points...
Processed 43820/251223 SSURGO points...
Processed 43830/251223 SSURGO points...
Processed 43840/251223 SSURGO points...
Processed 43850/251223 SSURGO points...
Processed 43860/251223 SSURGO points...
Processed 43870/251223 SSURGO points...
Processed 43880/251223 SSURGO points...
Processed 43890/251223 SSURGO points...
Processed 43900/251223 SSURGO points...
Processed 43910/251223 SSURGO points...
Processed 43920/251223 SSURGO points...
Processed 43930/251223 SSURGO points...
Processed 43940/251223 SSURGO points...
Processed 43950/251223 SSURGO points...
Processed 43960/251223 SSURGO points...
Processed 43970/251223 SSURGO points...
Processed 43980/251223 SSURGO points...
Processed 43990/251223 SSURGO points...
Processed 44000/251223 SSURGO points...
Processed 44010/251223 SSURGO points...
Processed 44020/251223 SSURGO points...
Processed 44030/251223 SSURGO points...
Processed 44040/251223 SSURGO points...
Processed 44050/251223 SSURGO points...
Processed 44060/251223 SSURGO points...
Processed 44070/251223 SSURGO points...
Processed 44080/251223 SSURGO points...
Processed 44090/251223 SSURGO points...
Processed 44100/251223 SSURGO points...
Processed 44110/251223 SSURGO points...
Processed 44120/251223 SSURGO points...
Processed 44130/251223 SSURGO points...
Processed 44140/251223 SSURGO points...
Processed 44150/251223 SSURGO points...
Processed 44160/251223 SSURGO points...
Processed 44170/251223 SSURGO points...
Processed 44180/251223 SSURGO points...
Processed 44190/251223 SSURGO points...
Processed 44200/251223 SSURGO points...
Processed 44210/251223 SSURGO points...
Processed 44220/251223 SSURGO points...
Processed 44230/251223 SSURGO points...
Processed 44240/251223 SSURGO points...
Processed 44250/251223 SSURGO points...
Processed 44260/251223 SSURGO points...
Processed 44270/251223 SSURGO points...
Processed 44280/251223 SSURGO points...
Processed 44290/251223 SSURGO points...
Processed 44300/251223 SSURGO points...
Processed 44310/251223 SSURGO points...
Processed 44320/251223 SSURGO points...
Processed 44330/251223 SSURGO points...
Processed 44340/251223 SSURGO points...
Processed 44350/251223 SSURGO points...
Processed 44360/251223 SSURGO points...
Processed 44370/251223 SSURGO points...
Processed 44380/251223 SSURGO points...
Processed 44390/251223 SSURGO points...
Processed 44400/251223 SSURGO points...
Processed 44410/251223 SSURGO points...
Processed 44420/251223 SSURGO points...
Processed 44430/251223 SSURGO points...
Processed 44440/251223 SSURGO points...
Processed 44450/251223 SSURGO points...
Processed 44460/251223 SSURGO points...
Processed 44470/251223 SSURGO points...
Processed 44480/251223 SSURGO points...
Processed 44490/251223 SSURGO points...
Processed 44500/251223 SSURGO points...
Processed 44510/251223 SSURGO points...
Processed 44520/251223 SSURGO points...
Processed 44530/251223 SSURGO points...
Processed 44540/251223 SSURGO points...
Processed 44550/251223 SSURGO points...
Processed 44560/251223 SSURGO points...
Processed 44570/251223 SSURGO points...
Processed 44580/251223 SSURGO points...
Processed 44590/251223 SSURGO points...
Processed 44600/251223 SSURGO points...
Processed 44610/251223 SSURGO points...
Processed 44620/251223 SSURGO points...
Processed 44630/251223 SSURGO points...
Processed 44640/251223 SSURGO points...
Processed 44650/251223 SSURGO points...
Processed 44660/251223 SSURGO points...
Processed 44670/251223 SSURGO points...
Processed 44680/251223 SSURGO points...
Processed 44690/251223 SSURGO points...
Processed 44700/251223 SSURGO points...
Processed 44710/251223 SSURGO points...
Processed 44720/251223 SSURGO points...
Processed 44730/251223 SSURGO points...
Processed 44740/251223 SSURGO points...
Processed 44750/251223 SSURGO points...
Processed 44760/251223 SSURGO points...
Processed 44770/251223 SSURGO points...
Processed 44780/251223 SSURGO points...
Processed 44790/251223 SSURGO points...
Processed 44800/251223 SSURGO points...
Processed 44810/251223 SSURGO points...
Processed 44820/251223 SSURGO points...
Processed 44830/251223 SSURGO points...
Processed 44840/251223 SSURGO points...
Processed 44850/251223 SSURGO points...
Processed 44860/251223 SSURGO points...
Processed 44870/251223 SSURGO points...
Processed 44880/251223 SSURGO points...
Processed 44890/251223 SSURGO points...
Processed 44900/251223 SSURGO points...
Processed 44910/251223 SSURGO points...
Processed 44920/251223 SSURGO points...
Processed 44930/251223 SSURGO points...
Processed 44940/251223 SSURGO points...
Processed 44950/251223 SSURGO points...
Processed 44960/251223 SSURGO points...
Processed 44970/251223 SSURGO points...
Processed 44980/251223 SSURGO points...
Processed 44990/251223 SSURGO points...
Processed 45000/251223 SSURGO points...
Processed 45010/251223 SSURGO points...
Processed 45020/251223 SSURGO points...
Processed 45030/251223 SSURGO points...
Processed 45040/251223 SSURGO points...
Processed 45050/251223 SSURGO points...
Processed 45060/251223 SSURGO points...
Processed 45070/251223 SSURGO points...
Processed 45080/251223 SSURGO points...
Processed 45090/251223 SSURGO points...
Processed 45100/251223 SSURGO points...
Processed 45110/251223 SSURGO points...
Processed 45120/251223 SSURGO points...
Processed 45130/251223 SSURGO points...
Processed 45140/251223 SSURGO points...
Processed 45150/251223 SSURGO points...
Processed 45160/251223 SSURGO points...
Processed 45170/251223 SSURGO points...
Processed 45180/251223 SSURGO points...
Processed 45190/251223 SSURGO points...
Processed 45200/251223 SSURGO points...
Processed 45210/251223 SSURGO points...
Processed 45220/251223 SSURGO points...
Processed 45230/251223 SSURGO points...
Processed 45240/251223 SSURGO points...
Processed 45250/251223 SSURGO points...
Processed 45260/251223 SSURGO points...
Processed 45270/251223 SSURGO points...
Processed 45280/251223 SSURGO points...
Processed 45290/251223 SSURGO points...
Processed 45300/251223 SSURGO points...
Processed 45310/251223 SSURGO points...
Processed 45320/251223 SSURGO points...
Processed 45330/251223 SSURGO points...
Processed 45340/251223 SSURGO points...
Processed 45350/251223 SSURGO points...
Processed 45360/251223 SSURGO points...
Processed 45370/251223 SSURGO points...
Processed 45380/251223 SSURGO points...
Processed 45390/251223 SSURGO points...
Processed 45400/251223 SSURGO points...
Processed 45410/251223 SSURGO points...
Processed 45420/251223 SSURGO points...
Processed 45430/251223 SSURGO points...
Processed 45440/251223 SSURGO points...
Processed 45450/251223 SSURGO points...
Processed 45460/251223 SSURGO points...
Processed 45470/251223 SSURGO points...
Processed 45480/251223 SSURGO points...
Processed 45490/251223 SSURGO points...
Processed 45500/251223 SSURGO points...
Processed 45510/251223 SSURGO points...
Processed 45520/251223 SSURGO points...
Processed 45530/251223 SSURGO points...
Processed 45540/251223 SSURGO points...
Processed 45550/251223 SSURGO points...
Processed 45560/251223 SSURGO points...
Processed 45570/251223 SSURGO points...
Processed 45580/251223 SSURGO points...
Processed 45590/251223 SSURGO points...
Processed 45600/251223 SSURGO points...
Processed 45610/251223 SSURGO points...
Processed 45620/251223 SSURGO points...
Processed 45630/251223 SSURGO points...
Processed 45640/251223 SSURGO points...
Processed 45650/251223 SSURGO points...
Processed 45660/251223 SSURGO points...
Processed 45670/251223 SSURGO points...
Processed 45680/251223 SSURGO points...
Processed 45690/251223 SSURGO points...
Processed 45700/251223 SSURGO points...
Processed 45710/251223 SSURGO points...
Processed 45720/251223 SSURGO points...
Processed 45730/251223 SSURGO points...
Processed 45740/251223 SSURGO points...
Processed 45750/251223 SSURGO points...
Processed 45760/251223 SSURGO points...
Processed 45770/251223 SSURGO points...
Processed 45780/251223 SSURGO points...
Processed 45790/251223 SSURGO points...
Processed 45800/251223 SSURGO points...
Processed 45810/251223 SSURGO points...
Processed 45820/251223 SSURGO points...
Processed 45830/251223 SSURGO points...
Processed 45840/251223 SSURGO points...
Processed 45850/251223 SSURGO points...
Processed 45860/251223 SSURGO points...
Processed 45870/251223 SSURGO points...
Processed 45880/251223 SSURGO points...
Processed 45890/251223 SSURGO points...
Processed 45900/251223 SSURGO points...
Processed 45910/251223 SSURGO points...
Processed 45920/251223 SSURGO points...
Processed 45930/251223 SSURGO points...
Processed 45940/251223 SSURGO points...
Processed 45950/251223 SSURGO points...
Processed 45960/251223 SSURGO points...
Processed 45970/251223 SSURGO points...
Processed 45980/251223 SSURGO points...
Processed 45990/251223 SSURGO points...
Processed 46000/251223 SSURGO points...
Processed 46010/251223 SSURGO points...
Processed 46020/251223 SSURGO points...
Processed 46030/251223 SSURGO points...
Processed 46040/251223 SSURGO points...
Processed 46050/251223 SSURGO points...
Processed 46060/251223 SSURGO points...
Processed 46070/251223 SSURGO points...
Processed 46080/251223 SSURGO points...
Processed 46090/251223 SSURGO points...
Processed 46100/251223 SSURGO points...
Processed 46110/251223 SSURGO points...
Processed 46120/251223 SSURGO points...
Processed 46130/251223 SSURGO points...
Processed 46140/251223 SSURGO points...
Processed 46150/251223 SSURGO points...
Processed 46160/251223 SSURGO points...
Processed 46170/251223 SSURGO points...
Processed 46180/251223 SSURGO points...
Processed 46190/251223 SSURGO points...
Processed 46200/251223 SSURGO points...
Processed 46210/251223 SSURGO points...
Processed 46220/251223 SSURGO points...
Processed 46230/251223 SSURGO points...
Processed 46240/251223 SSURGO points...
Processed 46250/251223 SSURGO points...
Processed 46260/251223 SSURGO points...
Processed 46270/251223 SSURGO points...
Processed 46280/251223 SSURGO points...
Processed 46290/251223 SSURGO points...
Processed 46300/251223 SSURGO points...
Processed 46310/251223 SSURGO points...
Processed 46320/251223 SSURGO points...
Processed 46330/251223 SSURGO points...
Processed 46340/251223 SSURGO points...
Processed 46350/251223 SSURGO points...
Processed 46360/251223 SSURGO points...
Processed 46370/251223 SSURGO points...
Processed 46380/251223 SSURGO points...
Processed 46390/251223 SSURGO points...
Processed 46400/251223 SSURGO points...
Processed 46410/251223 SSURGO points...
Processed 46420/251223 SSURGO points...
Processed 46430/251223 SSURGO points...
Processed 46440/251223 SSURGO points...
Processed 46450/251223 SSURGO points...
Processed 46460/251223 SSURGO points...
Processed 46470/251223 SSURGO points...
Processed 46480/251223 SSURGO points...
Processed 46490/251223 SSURGO points...
Processed 46500/251223 SSURGO points...
Processed 46510/251223 SSURGO points...
Processed 46520/251223 SSURGO points...
Processed 46530/251223 SSURGO points...
Processed 46540/251223 SSURGO points...
Processed 46550/251223 SSURGO points...
Processed 46560/251223 SSURGO points...
Processed 46570/251223 SSURGO points...
Processed 46580/251223 SSURGO points...
Processed 46590/251223 SSURGO points...
Processed 46600/251223 SSURGO points...
Processed 46610/251223 SSURGO points...
Processed 46620/251223 SSURGO points...
Processed 46630/251223 SSURGO points...
Processed 46640/251223 SSURGO points...
Processed 46650/251223 SSURGO points...
Processed 46660/251223 SSURGO points...
Processed 46670/251223 SSURGO points...
Processed 46680/251223 SSURGO points...
Processed 46690/251223 SSURGO points...
Processed 46700/251223 SSURGO points...
Processed 46710/251223 SSURGO points...
Processed 46720/251223 SSURGO points...
Processed 46730/251223 SSURGO points...
Processed 46740/251223 SSURGO points...
Processed 46750/251223 SSURGO points...
Processed 46760/251223 SSURGO points...
Processed 46770/251223 SSURGO points...
Processed 46780/251223 SSURGO points...
Processed 46790/251223 SSURGO points...
Processed 46800/251223 SSURGO points...
Processed 46810/251223 SSURGO points...
Processed 46820/251223 SSURGO points...
Processed 46830/251223 SSURGO points...
Processed 46840/251223 SSURGO points...
Processed 46850/251223 SSURGO points...
Processed 46860/251223 SSURGO points...
Processed 46870/251223 SSURGO points...
Processed 46880/251223 SSURGO points...
Processed 46890/251223 SSURGO points...
Processed 46900/251223 SSURGO points...
Processed 46910/251223 SSURGO points...
Processed 46920/251223 SSURGO points...
Processed 46930/251223 SSURGO points...
Processed 46940/251223 SSURGO points...
Processed 46950/251223 SSURGO points...
Processed 46960/251223 SSURGO points...
Processed 46970/251223 SSURGO points...
Processed 46980/251223 SSURGO points...
Processed 46990/251223 SSURGO points...
Processed 47000/251223 SSURGO points...
Processed 47010/251223 SSURGO points...
Processed 47020/251223 SSURGO points...
Processed 47030/251223 SSURGO points...
Processed 47040/251223 SSURGO points...
Processed 47050/251223 SSURGO points...
Processed 47060/251223 SSURGO points...
Processed 47070/251223 SSURGO points...
Processed 47080/251223 SSURGO points...
Processed 47090/251223 SSURGO points...
Processed 47100/251223 SSURGO points...
Processed 47110/251223 SSURGO points...
Processed 47120/251223 SSURGO points...
Processed 47130/251223 SSURGO points...
Processed 47140/251223 SSURGO points...
Processed 47150/251223 SSURGO points...
Processed 47160/251223 SSURGO points...
Processed 47170/251223 SSURGO points...
Processed 47180/251223 SSURGO points...
Processed 47190/251223 SSURGO points...
Processed 47200/251223 SSURGO points...
Processed 47210/251223 SSURGO points...
Processed 47220/251223 SSURGO points...
Processed 47230/251223 SSURGO points...
Processed 47240/251223 SSURGO points...
Processed 47250/251223 SSURGO points...
Processed 47260/251223 SSURGO points...
Processed 47270/251223 SSURGO points...
Processed 47280/251223 SSURGO points...
Processed 47290/251223 SSURGO points...
Processed 47300/251223 SSURGO points...
Processed 47310/251223 SSURGO points...
Processed 47320/251223 SSURGO points...
Processed 47330/251223 SSURGO points...
Processed 47340/251223 SSURGO points...
Processed 47350/251223 SSURGO points...
Processed 47360/251223 SSURGO points...
Processed 47370/251223 SSURGO points...
Processed 47380/251223 SSURGO points...
Processed 47390/251223 SSURGO points...
Processed 47400/251223 SSURGO points...
Processed 47410/251223 SSURGO points...
Processed 47420/251223 SSURGO points...
Processed 47430/251223 SSURGO points...
Processed 47440/251223 SSURGO points...
Processed 47450/251223 SSURGO points...
Processed 47460/251223 SSURGO points...
Processed 47470/251223 SSURGO points...
Processed 47480/251223 SSURGO points...
Processed 47490/251223 SSURGO points...
Processed 47500/251223 SSURGO points...
Processed 47510/251223 SSURGO points...
Processed 47520/251223 SSURGO points...
Processed 47530/251223 SSURGO points...
Processed 47540/251223 SSURGO points...
Processed 47550/251223 SSURGO points...
Processed 47560/251223 SSURGO points...
Processed 47570/251223 SSURGO points...
Processed 47580/251223 SSURGO points...
Processed 47590/251223 SSURGO points...
Processed 47600/251223 SSURGO points...
Processed 47610/251223 SSURGO points...
Processed 47620/251223 SSURGO points...
Processed 47630/251223 SSURGO points...
Processed 47640/251223 SSURGO points...
Processed 47650/251223 SSURGO points...
Processed 47660/251223 SSURGO points...
Processed 47670/251223 SSURGO points...
Processed 47680/251223 SSURGO points...
Processed 47690/251223 SSURGO points...
Processed 47700/251223 SSURGO points...
Processed 47710/251223 SSURGO points...
Processed 47720/251223 SSURGO points...
Processed 47730/251223 SSURGO points...
Processed 47740/251223 SSURGO points...
Processed 47750/251223 SSURGO points...
Processed 47760/251223 SSURGO points...
Processed 47770/251223 SSURGO points...
Processed 47780/251223 SSURGO points...
Processed 47790/251223 SSURGO points...
Processed 47800/251223 SSURGO points...
Processed 47810/251223 SSURGO points...
Processed 47820/251223 SSURGO points...
Processed 47830/251223 SSURGO points...
Processed 47840/251223 SSURGO points...
Processed 47850/251223 SSURGO points...
Processed 47860/251223 SSURGO points...
Processed 47870/251223 SSURGO points...
Processed 47880/251223 SSURGO points...
Processed 47890/251223 SSURGO points...
Processed 47900/251223 SSURGO points...
Processed 47910/251223 SSURGO points...
Processed 47920/251223 SSURGO points...
Processed 47930/251223 SSURGO points...
Processed 47940/251223 SSURGO points...
Processed 47950/251223 SSURGO points...
Processed 47960/251223 SSURGO points...
Processed 47970/251223 SSURGO points...
Processed 47980/251223 SSURGO points...
Processed 47990/251223 SSURGO points...
Processed 48000/251223 SSURGO points...
Processed 48010/251223 SSURGO points...
Processed 48020/251223 SSURGO points...
Processed 48030/251223 SSURGO points...
Processed 48040/251223 SSURGO points...
Processed 48050/251223 SSURGO points...
Processed 48060/251223 SSURGO points...
Processed 48070/251223 SSURGO points...
Processed 48080/251223 SSURGO points...
Processed 48090/251223 SSURGO points...
Processed 48100/251223 SSURGO points...
Processed 48110/251223 SSURGO points...
Processed 48120/251223 SSURGO points...
Processed 48130/251223 SSURGO points...
Processed 48140/251223 SSURGO points...
Processed 48150/251223 SSURGO points...
Processed 48160/251223 SSURGO points...
Processed 48170/251223 SSURGO points...
Processed 48180/251223 SSURGO points...
Processed 48190/251223 SSURGO points...
Processed 48200/251223 SSURGO points...
Processed 48210/251223 SSURGO points...
Processed 48220/251223 SSURGO points...
Processed 48230/251223 SSURGO points...
Processed 48240/251223 SSURGO points...
Processed 48250/251223 SSURGO points...
Processed 48260/251223 SSURGO points...
Processed 48270/251223 SSURGO points...
Processed 48280/251223 SSURGO points...
Processed 48290/251223 SSURGO points...
Processed 48300/251223 SSURGO points...
Processed 48310/251223 SSURGO points...
Processed 48320/251223 SSURGO points...
Processed 48330/251223 SSURGO points...
Processed 48340/251223 SSURGO points...
Processed 48350/251223 SSURGO points...
Processed 48360/251223 SSURGO points...
Processed 48370/251223 SSURGO points...
Processed 48380/251223 SSURGO points...
Processed 48390/251223 SSURGO points...
Processed 48400/251223 SSURGO points...
Processed 48410/251223 SSURGO points...
Processed 48420/251223 SSURGO points...
Processed 48430/251223 SSURGO points...
Processed 48440/251223 SSURGO points...
Processed 48450/251223 SSURGO points...
Processed 48460/251223 SSURGO points...
Processed 48470/251223 SSURGO points...
Processed 48480/251223 SSURGO points...
Processed 48490/251223 SSURGO points...
Processed 48500/251223 SSURGO points...
Processed 48510/251223 SSURGO points...
Processed 48520/251223 SSURGO points...
Processed 48530/251223 SSURGO points...
Processed 48540/251223 SSURGO points...
Processed 48550/251223 SSURGO points...
Processed 48560/251223 SSURGO points...
Processed 48570/251223 SSURGO points...
Processed 48580/251223 SSURGO points...
Processed 48590/251223 SSURGO points...
Processed 48600/251223 SSURGO points...
Processed 48610/251223 SSURGO points...
Processed 48620/251223 SSURGO points...
Processed 48630/251223 SSURGO points...
Processed 48640/251223 SSURGO points...
Processed 48650/251223 SSURGO points...
Processed 48660/251223 SSURGO points...
Processed 48670/251223 SSURGO points...
Processed 48680/251223 SSURGO points...
Processed 48690/251223 SSURGO points...
Processed 48700/251223 SSURGO points...
Processed 48710/251223 SSURGO points...
Processed 48720/251223 SSURGO points...
Processed 48730/251223 SSURGO points...
Processed 48740/251223 SSURGO points...
Processed 48750/251223 SSURGO points...
Processed 48760/251223 SSURGO points...
Processed 48770/251223 SSURGO points...
Processed 48780/251223 SSURGO points...
Processed 48790/251223 SSURGO points...
Processed 48800/251223 SSURGO points...
Processed 48810/251223 SSURGO points...
Processed 48820/251223 SSURGO points...
Processed 48830/251223 SSURGO points...
Processed 48840/251223 SSURGO points...
Processed 48850/251223 SSURGO points...
Processed 48860/251223 SSURGO points...
Processed 48870/251223 SSURGO points...
Processed 48880/251223 SSURGO points...
Processed 48890/251223 SSURGO points...
Processed 48900/251223 SSURGO points...
Processed 48910/251223 SSURGO points...
Processed 48920/251223 SSURGO points...
Processed 48930/251223 SSURGO points...
Processed 48940/251223 SSURGO points...
Processed 48950/251223 SSURGO points...
Processed 48960/251223 SSURGO points...
Processed 48970/251223 SSURGO points...
Processed 48980/251223 SSURGO points...
Processed 48990/251223 SSURGO points...
Processed 49000/251223 SSURGO points...
Processed 49010/251223 SSURGO points...
Processed 49020/251223 SSURGO points...
Processed 49030/251223 SSURGO points...
Processed 49040/251223 SSURGO points...
Processed 49050/251223 SSURGO points...
Processed 49060/251223 SSURGO points...
Processed 49070/251223 SSURGO points...
Processed 49080/251223 SSURGO points...
Processed 49090/251223 SSURGO points...
Processed 49100/251223 SSURGO points...
Processed 49110/251223 SSURGO points...
Processed 49120/251223 SSURGO points...
Processed 49130/251223 SSURGO points...
Processed 49140/251223 SSURGO points...
Processed 49150/251223 SSURGO points...
Processed 49160/251223 SSURGO points...
Processed 49170/251223 SSURGO points...
Processed 49180/251223 SSURGO points...
Processed 49190/251223 SSURGO points...
Processed 49200/251223 SSURGO points...
Processed 49210/251223 SSURGO points...
Processed 49220/251223 SSURGO points...
Processed 49230/251223 SSURGO points...
Processed 49240/251223 SSURGO points...
Processed 49250/251223 SSURGO points...
Processed 49260/251223 SSURGO points...
Processed 49270/251223 SSURGO points...
Processed 49280/251223 SSURGO points...
Processed 49290/251223 SSURGO points...
Processed 49300/251223 SSURGO points...
Processed 49310/251223 SSURGO points...
Processed 49320/251223 SSURGO points...
Processed 49330/251223 SSURGO points...
Processed 49340/251223 SSURGO points...
Processed 49350/251223 SSURGO points...
Processed 49360/251223 SSURGO points...
Processed 49370/251223 SSURGO points...
Processed 49380/251223 SSURGO points...
Processed 49390/251223 SSURGO points...
Processed 49400/251223 SSURGO points...
Processed 49410/251223 SSURGO points...
Processed 49420/251223 SSURGO points...
Processed 49430/251223 SSURGO points...
Processed 49440/251223 SSURGO points...
Processed 49450/251223 SSURGO points...
Processed 49460/251223 SSURGO points...
Processed 49470/251223 SSURGO points...
Processed 49480/251223 SSURGO points...
Processed 49490/251223 SSURGO points...
Processed 49500/251223 SSURGO points...
Processed 49510/251223 SSURGO points...
Processed 49520/251223 SSURGO points...
Processed 49530/251223 SSURGO points...
Processed 49540/251223 SSURGO points...
Processed 49550/251223 SSURGO points...
Processed 49560/251223 SSURGO points...
Processed 49570/251223 SSURGO points...
Processed 49580/251223 SSURGO points...
Processed 49590/251223 SSURGO points...
Processed 49600/251223 SSURGO points...
Processed 49610/251223 SSURGO points...
Processed 49620/251223 SSURGO points...
Processed 49630/251223 SSURGO points...
Processed 49640/251223 SSURGO points...
Processed 49650/251223 SSURGO points...
Processed 49660/251223 SSURGO points...
Processed 49670/251223 SSURGO points...
Processed 49680/251223 SSURGO points...
Processed 49690/251223 SSURGO points...
Processed 49700/251223 SSURGO points...
Processed 49710/251223 SSURGO points...
Processed 49720/251223 SSURGO points...
Processed 49730/251223 SSURGO points...
Processed 49740/251223 SSURGO points...
Processed 49750/251223 SSURGO points...
Processed 49760/251223 SSURGO points...
Processed 49770/251223 SSURGO points...
Processed 49780/251223 SSURGO points...
Processed 49790/251223 SSURGO points...
Processed 49800/251223 SSURGO points...
Processed 49810/251223 SSURGO points...
Processed 49820/251223 SSURGO points...
Processed 49830/251223 SSURGO points...
Processed 49840/251223 SSURGO points...
Processed 49850/251223 SSURGO points...
Processed 49860/251223 SSURGO points...
Processed 49870/251223 SSURGO points...
Processed 49880/251223 SSURGO points...
Processed 49890/251223 SSURGO points...
Processed 49900/251223 SSURGO points...
Processed 49910/251223 SSURGO points...
Processed 49920/251223 SSURGO points...
Processed 49930/251223 SSURGO points...
Processed 49940/251223 SSURGO points...
Processed 49950/251223 SSURGO points...
Processed 49960/251223 SSURGO points...
Processed 49970/251223 SSURGO points...
Processed 49980/251223 SSURGO points...
Processed 49990/251223 SSURGO points...
Processed 50000/251223 SSURGO points...
Processed 50010/251223 SSURGO points...
Processed 50020/251223 SSURGO points...
Processed 50030/251223 SSURGO points...
Processed 50040/251223 SSURGO points...
Processed 50050/251223 SSURGO points...
Processed 50060/251223 SSURGO points...
Processed 50070/251223 SSURGO points...
Processed 50080/251223 SSURGO points...
Processed 50090/251223 SSURGO points...
Processed 50100/251223 SSURGO points...
Processed 50110/251223 SSURGO points...
Processed 50120/251223 SSURGO points...
Processed 50130/251223 SSURGO points...
Processed 50140/251223 SSURGO points...
Processed 50150/251223 SSURGO points...
Processed 50160/251223 SSURGO points...
Processed 50170/251223 SSURGO points...
Processed 50180/251223 SSURGO points...
Processed 50190/251223 SSURGO points...
Processed 50200/251223 SSURGO points...
Processed 50210/251223 SSURGO points...
Processed 50220/251223 SSURGO points...
Processed 50230/251223 SSURGO points...
Processed 50240/251223 SSURGO points...
Processed 50250/251223 SSURGO points...
Processed 50260/251223 SSURGO points...
Processed 50270/251223 SSURGO points...
Processed 50280/251223 SSURGO points...
Processed 50290/251223 SSURGO points...
Processed 50300/251223 SSURGO points...
Processed 50310/251223 SSURGO points...
Processed 50320/251223 SSURGO points...
Processed 50330/251223 SSURGO points...
Processed 50340/251223 SSURGO points...
Processed 50350/251223 SSURGO points...
Processed 50360/251223 SSURGO points...
Processed 50370/251223 SSURGO points...
Processed 50380/251223 SSURGO points...
Processed 50390/251223 SSURGO points...
Processed 50400/251223 SSURGO points...
Processed 50410/251223 SSURGO points...
Processed 50420/251223 SSURGO points...
Processed 50430/251223 SSURGO points...
Processed 50440/251223 SSURGO points...
Processed 50450/251223 SSURGO points...
Processed 50460/251223 SSURGO points...
Processed 50470/251223 SSURGO points...
Processed 50480/251223 SSURGO points...
Processed 50490/251223 SSURGO points...
Processed 50500/251223 SSURGO points...
Processed 50510/251223 SSURGO points...
Processed 50520/251223 SSURGO points...
Processed 50530/251223 SSURGO points...
Processed 50540/251223 SSURGO points...
Processed 50550/251223 SSURGO points...
Processed 50560/251223 SSURGO points...
Processed 50570/251223 SSURGO points...
Processed 50580/251223 SSURGO points...
Processed 50590/251223 SSURGO points...
Processed 50600/251223 SSURGO points...
Processed 50610/251223 SSURGO points...
Processed 50620/251223 SSURGO points...
Processed 50630/251223 SSURGO points...
Processed 50640/251223 SSURGO points...
Processed 50650/251223 SSURGO points...
Processed 50660/251223 SSURGO points...
Processed 50670/251223 SSURGO points...
Processed 50680/251223 SSURGO points...
Processed 50690/251223 SSURGO points...
Processed 50700/251223 SSURGO points...
Processed 50710/251223 SSURGO points...
Processed 50720/251223 SSURGO points...
Processed 50730/251223 SSURGO points...
Processed 50740/251223 SSURGO points...
Processed 50750/251223 SSURGO points...
Processed 50760/251223 SSURGO points...
Processed 50770/251223 SSURGO points...
Processed 50780/251223 SSURGO points...
Processed 50790/251223 SSURGO points...
Processed 50800/251223 SSURGO points...
Processed 50810/251223 SSURGO points...
Processed 50820/251223 SSURGO points...
Processed 50830/251223 SSURGO points...
Processed 50840/251223 SSURGO points...
Processed 50850/251223 SSURGO points...
Processed 50860/251223 SSURGO points...
Processed 50870/251223 SSURGO points...
Processed 50880/251223 SSURGO points...
Processed 50890/251223 SSURGO points...
Processed 50900/251223 SSURGO points...
Processed 50910/251223 SSURGO points...
Processed 50920/251223 SSURGO points...
Processed 50930/251223 SSURGO points...
Processed 50940/251223 SSURGO points...
Processed 50950/251223 SSURGO points...
Processed 50960/251223 SSURGO points...
Processed 50970/251223 SSURGO points...
Processed 50980/251223 SSURGO points...
Processed 50990/251223 SSURGO points...
Processed 51000/251223 SSURGO points...
Processed 51010/251223 SSURGO points...
Processed 51020/251223 SSURGO points...
Processed 51030/251223 SSURGO points...
Processed 51040/251223 SSURGO points...
Processed 51050/251223 SSURGO points...
Processed 51060/251223 SSURGO points...
Processed 51070/251223 SSURGO points...
Processed 51080/251223 SSURGO points...
Processed 51090/251223 SSURGO points...
Processed 51100/251223 SSURGO points...
Processed 51110/251223 SSURGO points...
Processed 51120/251223 SSURGO points...
Processed 51130/251223 SSURGO points...
Processed 51140/251223 SSURGO points...
Processed 51150/251223 SSURGO points...
Processed 51160/251223 SSURGO points...
Processed 51170/251223 SSURGO points...
Processed 51180/251223 SSURGO points...
Processed 51190/251223 SSURGO points...
Processed 51200/251223 SSURGO points...
Processed 51210/251223 SSURGO points...
Processed 51220/251223 SSURGO points...
Processed 51230/251223 SSURGO points...
Processed 51240/251223 SSURGO points...
Processed 51250/251223 SSURGO points...
Processed 51260/251223 SSURGO points...
Processed 51270/251223 SSURGO points...
Processed 51280/251223 SSURGO points...
Processed 51290/251223 SSURGO points...
Processed 51300/251223 SSURGO points...
Processed 51310/251223 SSURGO points...
Processed 51320/251223 SSURGO points...
Processed 51330/251223 SSURGO points...
Processed 51340/251223 SSURGO points...
Processed 51350/251223 SSURGO points...
Processed 51360/251223 SSURGO points...
Processed 51370/251223 SSURGO points...
Processed 51380/251223 SSURGO points...
Processed 51390/251223 SSURGO points...
Processed 51400/251223 SSURGO points...
Processed 51410/251223 SSURGO points...
Processed 51420/251223 SSURGO points...
Processed 51430/251223 SSURGO points...
Processed 51440/251223 SSURGO points...
Processed 51450/251223 SSURGO points...
Processed 51460/251223 SSURGO points...
Processed 51470/251223 SSURGO points...
Processed 51480/251223 SSURGO points...
Processed 51490/251223 SSURGO points...
Processed 51500/251223 SSURGO points...
Processed 51510/251223 SSURGO points...
Processed 51520/251223 SSURGO points...
Processed 51530/251223 SSURGO points...
Processed 51540/251223 SSURGO points...
Processed 51550/251223 SSURGO points...
Processed 51560/251223 SSURGO points...
Processed 51570/251223 SSURGO points...
Processed 51580/251223 SSURGO points...
Processed 51590/251223 SSURGO points...
Processed 51600/251223 SSURGO points...
Processed 51610/251223 SSURGO points...
Processed 51620/251223 SSURGO points...
Processed 51630/251223 SSURGO points...
Processed 51640/251223 SSURGO points...
Processed 51650/251223 SSURGO points...
Processed 51660/251223 SSURGO points...
Processed 51670/251223 SSURGO points...
Processed 51680/251223 SSURGO points...
Processed 51690/251223 SSURGO points...
Processed 51700/251223 SSURGO points...
Processed 51710/251223 SSURGO points...
Processed 51720/251223 SSURGO points...
Processed 51730/251223 SSURGO points...
Processed 51740/251223 SSURGO points...
Processed 51750/251223 SSURGO points...
Processed 51760/251223 SSURGO points...
Processed 51770/251223 SSURGO points...
Processed 51780/251223 SSURGO points...
Processed 51790/251223 SSURGO points...
Processed 51800/251223 SSURGO points...
Processed 51810/251223 SSURGO points...
Processed 51820/251223 SSURGO points...
Processed 51830/251223 SSURGO points...
Processed 51840/251223 SSURGO points...
Processed 51850/251223 SSURGO points...
Processed 51860/251223 SSURGO points...
Processed 51870/251223 SSURGO points...
Processed 51880/251223 SSURGO points...
Processed 51890/251223 SSURGO points...
Processed 51900/251223 SSURGO points...
Processed 51910/251223 SSURGO points...
Processed 51920/251223 SSURGO points...
Processed 51930/251223 SSURGO points...
Processed 51940/251223 SSURGO points...
Processed 51950/251223 SSURGO points...
Processed 51960/251223 SSURGO points...
Processed 51970/251223 SSURGO points...
Processed 51980/251223 SSURGO points...
Processed 51990/251223 SSURGO points...
Processed 52000/251223 SSURGO points...
Processed 52010/251223 SSURGO points...
Processed 52020/251223 SSURGO points...
Processed 52030/251223 SSURGO points...
Processed 52040/251223 SSURGO points...
Processed 52050/251223 SSURGO points...
Processed 52060/251223 SSURGO points...
Processed 52070/251223 SSURGO points...
Processed 52080/251223 SSURGO points...
Processed 52090/251223 SSURGO points...
Processed 52100/251223 SSURGO points...
Processed 52110/251223 SSURGO points...
Processed 52120/251223 SSURGO points...
Processed 52130/251223 SSURGO points...
Processed 52140/251223 SSURGO points...
Processed 52150/251223 SSURGO points...
Processed 52160/251223 SSURGO points...
Processed 52170/251223 SSURGO points...
Processed 52180/251223 SSURGO points...
Processed 52190/251223 SSURGO points...
Processed 52200/251223 SSURGO points...
Processed 52210/251223 SSURGO points...
Processed 52220/251223 SSURGO points...
Processed 52230/251223 SSURGO points...
Processed 52240/251223 SSURGO points...
Processed 52250/251223 SSURGO points...
Processed 52260/251223 SSURGO points...
Processed 52270/251223 SSURGO points...
Processed 52280/251223 SSURGO points...
Processed 52290/251223 SSURGO points...
Processed 52300/251223 SSURGO points...
Processed 52310/251223 SSURGO points...
Processed 52320/251223 SSURGO points...
Processed 52330/251223 SSURGO points...
Processed 52340/251223 SSURGO points...
Processed 52350/251223 SSURGO points...
Processed 52360/251223 SSURGO points...
Processed 52370/251223 SSURGO points...
Processed 52380/251223 SSURGO points...
Processed 52390/251223 SSURGO points...
Processed 52400/251223 SSURGO points...
Processed 52410/251223 SSURGO points...
Processed 52420/251223 SSURGO points...
Processed 52430/251223 SSURGO points...
Processed 52440/251223 SSURGO points...
Processed 52450/251223 SSURGO points...
Processed 52460/251223 SSURGO points...
Processed 52470/251223 SSURGO points...
Processed 52480/251223 SSURGO points...
Processed 52490/251223 SSURGO points...
Processed 52500/251223 SSURGO points...
Processed 52510/251223 SSURGO points...
Processed 52520/251223 SSURGO points...
Processed 52530/251223 SSURGO points...
Processed 52540/251223 SSURGO points...
Processed 52550/251223 SSURGO points...
Processed 52560/251223 SSURGO points...
Processed 52570/251223 SSURGO points...
Processed 52580/251223 SSURGO points...
Processed 52590/251223 SSURGO points...
Processed 52600/251223 SSURGO points...
Processed 52610/251223 SSURGO points...
Processed 52620/251223 SSURGO points...
Processed 52630/251223 SSURGO points...
Processed 52640/251223 SSURGO points...
Processed 52650/251223 SSURGO points...
Processed 52660/251223 SSURGO points...
Processed 52670/251223 SSURGO points...
Processed 52680/251223 SSURGO points...
Processed 52690/251223 SSURGO points...
Processed 52700/251223 SSURGO points...
Processed 52710/251223 SSURGO points...
Processed 52720/251223 SSURGO points...
Processed 52730/251223 SSURGO points...
Processed 52740/251223 SSURGO points...
Processed 52750/251223 SSURGO points...
Processed 52760/251223 SSURGO points...
Processed 52770/251223 SSURGO points...
Processed 52780/251223 SSURGO points...
Processed 52790/251223 SSURGO points...
Processed 52800/251223 SSURGO points...
Processed 52810/251223 SSURGO points...
Processed 52820/251223 SSURGO points...
Processed 52830/251223 SSURGO points...
Processed 52840/251223 SSURGO points...
Processed 52850/251223 SSURGO points...
Processed 52860/251223 SSURGO points...
Processed 52870/251223 SSURGO points...
Processed 52880/251223 SSURGO points...
Processed 52890/251223 SSURGO points...
Processed 52900/251223 SSURGO points...
Processed 52910/251223 SSURGO points...
Processed 52920/251223 SSURGO points...
Processed 52930/251223 SSURGO points...
Processed 52940/251223 SSURGO points...
Processed 52950/251223 SSURGO points...
Processed 52960/251223 SSURGO points...
Processed 52970/251223 SSURGO points...
Processed 52980/251223 SSURGO points...
Processed 52990/251223 SSURGO points...
Processed 53000/251223 SSURGO points...
Processed 53010/251223 SSURGO points...
Processed 53020/251223 SSURGO points...
Processed 53030/251223 SSURGO points...
Processed 53040/251223 SSURGO points...
Processed 53050/251223 SSURGO points...
Processed 53060/251223 SSURGO points...
Processed 53070/251223 SSURGO points...
Processed 53080/251223 SSURGO points...
Processed 53090/251223 SSURGO points...
Processed 53100/251223 SSURGO points...
Processed 53110/251223 SSURGO points...
Processed 53120/251223 SSURGO points...
Processed 53130/251223 SSURGO points...
Processed 53140/251223 SSURGO points...
Processed 53150/251223 SSURGO points...
Processed 53160/251223 SSURGO points...
Processed 53170/251223 SSURGO points...
Processed 53180/251223 SSURGO points...
Processed 53190/251223 SSURGO points...
Processed 53200/251223 SSURGO points...
Processed 53210/251223 SSURGO points...
Processed 53220/251223 SSURGO points...
Processed 53230/251223 SSURGO points...
Processed 53240/251223 SSURGO points...
Processed 53250/251223 SSURGO points...
Processed 53260/251223 SSURGO points...
Processed 53270/251223 SSURGO points...
Processed 53280/251223 SSURGO points...
Processed 53290/251223 SSURGO points...
Processed 53300/251223 SSURGO points...
Processed 53310/251223 SSURGO points...
Processed 53320/251223 SSURGO points...
Processed 53330/251223 SSURGO points...
Processed 53340/251223 SSURGO points...
Processed 53350/251223 SSURGO points...
Processed 53360/251223 SSURGO points...
Processed 53370/251223 SSURGO points...
Processed 53380/251223 SSURGO points...
Processed 53390/251223 SSURGO points...
Processed 53400/251223 SSURGO points...
Processed 53410/251223 SSURGO points...
Processed 53420/251223 SSURGO points...
Processed 53430/251223 SSURGO points...
Processed 53440/251223 SSURGO points...
Processed 53450/251223 SSURGO points...
Processed 53460/251223 SSURGO points...
Processed 53470/251223 SSURGO points...
Processed 53480/251223 SSURGO points...
Processed 53490/251223 SSURGO points...
Processed 53500/251223 SSURGO points...
Processed 53510/251223 SSURGO points...
Processed 53520/251223 SSURGO points...
Processed 53530/251223 SSURGO points...
Processed 53540/251223 SSURGO points...
Processed 53550/251223 SSURGO points...
Processed 53560/251223 SSURGO points...
Processed 53570/251223 SSURGO points...
Processed 53580/251223 SSURGO points...
Processed 53590/251223 SSURGO points...
Processed 53600/251223 SSURGO points...
Processed 53610/251223 SSURGO points...
Processed 53620/251223 SSURGO points...
Processed 53630/251223 SSURGO points...
Processed 53640/251223 SSURGO points...
Processed 53650/251223 SSURGO points...
Processed 53660/251223 SSURGO points...
Processed 53670/251223 SSURGO points...
Processed 53680/251223 SSURGO points...
Processed 53690/251223 SSURGO points...
Processed 53700/251223 SSURGO points...
Processed 53710/251223 SSURGO points...
Processed 53720/251223 SSURGO points...
Processed 53730/251223 SSURGO points...
Processed 53740/251223 SSURGO points...
Processed 53750/251223 SSURGO points...
Processed 53760/251223 SSURGO points...
Processed 53770/251223 SSURGO points...
Processed 53780/251223 SSURGO points...
Processed 53790/251223 SSURGO points...
Processed 53800/251223 SSURGO points...
Processed 53810/251223 SSURGO points...
Processed 53820/251223 SSURGO points...
Processed 53830/251223 SSURGO points...
Processed 53840/251223 SSURGO points...
Processed 53850/251223 SSURGO points...
Processed 53860/251223 SSURGO points...
Processed 53870/251223 SSURGO points...
Processed 53880/251223 SSURGO points...
Processed 53890/251223 SSURGO points...
Processed 53900/251223 SSURGO points...
Processed 53910/251223 SSURGO points...
Processed 53920/251223 SSURGO points...
Processed 53930/251223 SSURGO points...
Processed 53940/251223 SSURGO points...
Processed 53950/251223 SSURGO points...
Processed 53960/251223 SSURGO points...
Processed 53970/251223 SSURGO points...
Processed 53980/251223 SSURGO points...
Processed 53990/251223 SSURGO points...
Processed 54000/251223 SSURGO points...
Processed 54010/251223 SSURGO points...
Processed 54020/251223 SSURGO points...
Processed 54030/251223 SSURGO points...
Processed 54040/251223 SSURGO points...
Processed 54050/251223 SSURGO points...
Processed 54060/251223 SSURGO points...
Processed 54070/251223 SSURGO points...
Processed 54080/251223 SSURGO points...
Processed 54090/251223 SSURGO points...
Processed 54100/251223 SSURGO points...
Processed 54110/251223 SSURGO points...
Processed 54120/251223 SSURGO points...
Processed 54130/251223 SSURGO points...
Processed 54140/251223 SSURGO points...
Processed 54150/251223 SSURGO points...
Processed 54160/251223 SSURGO points...
Processed 54170/251223 SSURGO points...
Processed 54180/251223 SSURGO points...
Processed 54190/251223 SSURGO points...
Processed 54200/251223 SSURGO points...
Processed 54210/251223 SSURGO points...
Processed 54220/251223 SSURGO points...
Processed 54230/251223 SSURGO points...
Processed 54240/251223 SSURGO points...
Processed 54250/251223 SSURGO points...
Processed 54260/251223 SSURGO points...
Processed 54270/251223 SSURGO points...
Processed 54280/251223 SSURGO points...
Processed 54290/251223 SSURGO points...
Processed 54300/251223 SSURGO points...
Processed 54310/251223 SSURGO points...
Processed 54320/251223 SSURGO points...
Processed 54330/251223 SSURGO points...
Processed 54340/251223 SSURGO points...
Processed 54350/251223 SSURGO points...
Processed 54360/251223 SSURGO points...
Processed 54370/251223 SSURGO points...
Processed 54380/251223 SSURGO points...
Processed 54390/251223 SSURGO points...
Processed 54400/251223 SSURGO points...
Processed 54410/251223 SSURGO points...
Processed 54420/251223 SSURGO points...
Processed 54430/251223 SSURGO points...
Processed 54440/251223 SSURGO points...
Processed 54450/251223 SSURGO points...
Processed 54460/251223 SSURGO points...
Processed 54470/251223 SSURGO points...
Processed 54480/251223 SSURGO points...
Processed 54490/251223 SSURGO points...
Processed 54500/251223 SSURGO points...
Processed 54510/251223 SSURGO points...
Processed 54520/251223 SSURGO points...
Processed 54530/251223 SSURGO points...
Processed 54540/251223 SSURGO points...
Processed 54550/251223 SSURGO points...
Processed 54560/251223 SSURGO points...
Processed 54570/251223 SSURGO points...
Processed 54580/251223 SSURGO points...
Processed 54590/251223 SSURGO points...
Processed 54600/251223 SSURGO points...
Processed 54610/251223 SSURGO points...
Processed 54620/251223 SSURGO points...
Processed 54630/251223 SSURGO points...
Processed 54640/251223 SSURGO points...
Processed 54650/251223 SSURGO points...
Processed 54660/251223 SSURGO points...
Processed 54670/251223 SSURGO points...
Processed 54680/251223 SSURGO points...
Processed 54690/251223 SSURGO points...
Processed 54700/251223 SSURGO points...
Processed 54710/251223 SSURGO points...
Processed 54720/251223 SSURGO points...
Processed 54730/251223 SSURGO points...
Processed 54740/251223 SSURGO points...
Processed 54750/251223 SSURGO points...
Processed 54760/251223 SSURGO points...
Processed 54770/251223 SSURGO points...
Processed 54780/251223 SSURGO points...
Processed 54790/251223 SSURGO points...
Processed 54800/251223 SSURGO points...
Processed 54810/251223 SSURGO points...
Processed 54820/251223 SSURGO points...
Processed 54830/251223 SSURGO points...
Processed 54840/251223 SSURGO points...
Processed 54850/251223 SSURGO points...
Processed 54860/251223 SSURGO points...
Processed 54870/251223 SSURGO points...
Processed 54880/251223 SSURGO points...
Processed 54890/251223 SSURGO points...
Processed 54900/251223 SSURGO points...
Processed 54910/251223 SSURGO points...
Processed 54920/251223 SSURGO points...
Processed 54930/251223 SSURGO points...
Processed 54940/251223 SSURGO points...
Processed 54950/251223 SSURGO points...
Processed 54960/251223 SSURGO points...
Processed 54970/251223 SSURGO points...
Processed 54980/251223 SSURGO points...
Processed 54990/251223 SSURGO points...
Processed 55000/251223 SSURGO points...
Processed 55010/251223 SSURGO points...
Processed 55020/251223 SSURGO points...
Processed 55030/251223 SSURGO points...
Processed 55040/251223 SSURGO points...
Processed 55050/251223 SSURGO points...
Processed 55060/251223 SSURGO points...
Processed 55070/251223 SSURGO points...
Processed 55080/251223 SSURGO points...
Processed 55090/251223 SSURGO points...
Processed 55100/251223 SSURGO points...
Processed 55110/251223 SSURGO points...
Processed 55120/251223 SSURGO points...
Processed 55130/251223 SSURGO points...
Processed 55140/251223 SSURGO points...
Processed 55150/251223 SSURGO points...
Processed 55160/251223 SSURGO points...
Processed 55170/251223 SSURGO points...
Processed 55180/251223 SSURGO points...
Processed 55190/251223 SSURGO points...
Processed 55200/251223 SSURGO points...
Processed 55210/251223 SSURGO points...
Processed 55220/251223 SSURGO points...
Processed 55230/251223 SSURGO points...
Processed 55240/251223 SSURGO points...
Processed 55250/251223 SSURGO points...
Processed 55260/251223 SSURGO points...
Processed 55270/251223 SSURGO points...
Processed 55280/251223 SSURGO points...
Processed 55290/251223 SSURGO points...
Processed 55300/251223 SSURGO points...
Processed 55310/251223 SSURGO points...
Processed 55320/251223 SSURGO points...
Processed 55330/251223 SSURGO points...
Processed 55340/251223 SSURGO points...
Processed 55350/251223 SSURGO points...
Processed 55360/251223 SSURGO points...
Processed 55370/251223 SSURGO points...
Processed 55380/251223 SSURGO points...
Processed 55390/251223 SSURGO points...
Processed 55400/251223 SSURGO points...
Processed 55410/251223 SSURGO points...
Processed 55420/251223 SSURGO points...
Processed 55430/251223 SSURGO points...
Processed 55440/251223 SSURGO points...
Processed 55450/251223 SSURGO points...
Processed 55460/251223 SSURGO points...
Processed 55470/251223 SSURGO points...
Processed 55480/251223 SSURGO points...
Processed 55490/251223 SSURGO points...
Processed 55500/251223 SSURGO points...
Processed 55510/251223 SSURGO points...
Processed 55520/251223 SSURGO points...
Processed 55530/251223 SSURGO points...
Processed 55540/251223 SSURGO points...
Processed 55550/251223 SSURGO points...
Processed 55560/251223 SSURGO points...
Processed 55570/251223 SSURGO points...
Processed 55580/251223 SSURGO points...
Processed 55590/251223 SSURGO points...
Processed 55600/251223 SSURGO points...
Processed 55610/251223 SSURGO points...
Processed 55620/251223 SSURGO points...
Processed 55630/251223 SSURGO points...
Processed 55640/251223 SSURGO points...
Processed 55650/251223 SSURGO points...
Processed 55660/251223 SSURGO points...
Processed 55670/251223 SSURGO points...
Processed 55680/251223 SSURGO points...
Processed 55690/251223 SSURGO points...
Processed 55700/251223 SSURGO points...
Processed 55710/251223 SSURGO points...
Processed 55720/251223 SSURGO points...
Processed 55730/251223 SSURGO points...
Processed 55740/251223 SSURGO points...
Processed 55750/251223 SSURGO points...
Processed 55760/251223 SSURGO points...
Processed 55770/251223 SSURGO points...
Processed 55780/251223 SSURGO points...
Processed 55790/251223 SSURGO points...
Processed 55800/251223 SSURGO points...
Processed 55810/251223 SSURGO points...
Processed 55820/251223 SSURGO points...
Processed 55830/251223 SSURGO points...
Processed 55840/251223 SSURGO points...
Processed 55850/251223 SSURGO points...
Processed 55860/251223 SSURGO points...
Processed 55870/251223 SSURGO points...
Processed 55880/251223 SSURGO points...
Processed 55890/251223 SSURGO points...
Processed 55900/251223 SSURGO points...
Processed 55910/251223 SSURGO points...
Processed 55920/251223 SSURGO points...
Processed 55930/251223 SSURGO points...
Processed 55940/251223 SSURGO points...
Processed 55950/251223 SSURGO points...
Processed 55960/251223 SSURGO points...
Processed 55970/251223 SSURGO points...
Processed 55980/251223 SSURGO points...
Processed 55990/251223 SSURGO points...
Processed 56000/251223 SSURGO points...
Processed 56010/251223 SSURGO points...
Processed 56020/251223 SSURGO points...
Processed 56030/251223 SSURGO points...
Processed 56040/251223 SSURGO points...
Processed 56050/251223 SSURGO points...
Processed 56060/251223 SSURGO points...
Processed 56070/251223 SSURGO points...
Processed 56080/251223 SSURGO points...
Processed 56090/251223 SSURGO points...
Processed 56100/251223 SSURGO points...
Processed 56110/251223 SSURGO points...
Processed 56120/251223 SSURGO points...
Processed 56130/251223 SSURGO points...
Processed 56140/251223 SSURGO points...
Processed 56150/251223 SSURGO points...
Processed 56160/251223 SSURGO points...
Processed 56170/251223 SSURGO points...
Processed 56180/251223 SSURGO points...
Processed 56190/251223 SSURGO points...
Processed 56200/251223 SSURGO points...
Processed 56210/251223 SSURGO points...
Processed 56220/251223 SSURGO points...
Processed 56230/251223 SSURGO points...
Processed 56240/251223 SSURGO points...
Processed 56250/251223 SSURGO points...
Processed 56260/251223 SSURGO points...
Processed 56270/251223 SSURGO points...
Processed 56280/251223 SSURGO points...
Processed 56290/251223 SSURGO points...
Processed 56300/251223 SSURGO points...
Processed 56310/251223 SSURGO points...
Processed 56320/251223 SSURGO points...
Processed 56330/251223 SSURGO points...
Processed 56340/251223 SSURGO points...
Processed 56350/251223 SSURGO points...
Processed 56360/251223 SSURGO points...
Processed 56370/251223 SSURGO points...
Processed 56380/251223 SSURGO points...
Processed 56390/251223 SSURGO points...
Processed 56400/251223 SSURGO points...
Processed 56410/251223 SSURGO points...
Processed 56420/251223 SSURGO points...
Processed 56430/251223 SSURGO points...
Processed 56440/251223 SSURGO points...
Processed 56450/251223 SSURGO points...
Processed 56460/251223 SSURGO points...
Processed 56470/251223 SSURGO points...
Processed 56480/251223 SSURGO points...
Processed 56490/251223 SSURGO points...
Processed 56500/251223 SSURGO points...
Processed 56510/251223 SSURGO points...
Processed 56520/251223 SSURGO points...
Processed 56530/251223 SSURGO points...
Processed 56540/251223 SSURGO points...
Processed 56550/251223 SSURGO points...
Processed 56560/251223 SSURGO points...
Processed 56570/251223 SSURGO points...
Processed 56580/251223 SSURGO points...
Processed 56590/251223 SSURGO points...
Processed 56600/251223 SSURGO points...
Processed 56610/251223 SSURGO points...
Processed 56620/251223 SSURGO points...
Processed 56630/251223 SSURGO points...
Processed 56640/251223 SSURGO points...
Processed 56650/251223 SSURGO points...
Processed 56660/251223 SSURGO points...
Processed 56670/251223 SSURGO points...
Processed 56680/251223 SSURGO points...
Processed 56690/251223 SSURGO points...
Processed 56700/251223 SSURGO points...
Processed 56710/251223 SSURGO points...
Processed 56720/251223 SSURGO points...
Processed 56730/251223 SSURGO points...
Processed 56740/251223 SSURGO points...
Processed 56750/251223 SSURGO points...
Processed 56760/251223 SSURGO points...
Processed 56770/251223 SSURGO points...
Processed 56780/251223 SSURGO points...
Processed 56790/251223 SSURGO points...
Processed 56800/251223 SSURGO points...
Processed 56810/251223 SSURGO points...
Processed 56820/251223 SSURGO points...
Processed 56830/251223 SSURGO points...
Processed 56840/251223 SSURGO points...
Processed 56850/251223 SSURGO points...
Processed 56860/251223 SSURGO points...
Processed 56870/251223 SSURGO points...
Processed 56880/251223 SSURGO points...
Processed 56890/251223 SSURGO points...
Processed 56900/251223 SSURGO points...
Processed 56910/251223 SSURGO points...
Processed 56920/251223 SSURGO points...
Processed 56930/251223 SSURGO points...
Processed 56940/251223 SSURGO points...
Processed 56950/251223 SSURGO points...
Processed 56960/251223 SSURGO points...
Processed 56970/251223 SSURGO points...
Processed 56980/251223 SSURGO points...
Processed 56990/251223 SSURGO points...
Processed 57000/251223 SSURGO points...
Processed 57010/251223 SSURGO points...
Processed 57020/251223 SSURGO points...
Processed 57030/251223 SSURGO points...
Processed 57040/251223 SSURGO points...
Processed 57050/251223 SSURGO points...
Processed 57060/251223 SSURGO points...
Processed 57070/251223 SSURGO points...
Processed 57080/251223 SSURGO points...
Processed 57090/251223 SSURGO points...
Processed 57100/251223 SSURGO points...
Processed 57110/251223 SSURGO points...
Processed 57120/251223 SSURGO points...
Processed 57130/251223 SSURGO points...
Processed 57140/251223 SSURGO points...
Processed 57150/251223 SSURGO points...
Processed 57160/251223 SSURGO points...
Processed 57170/251223 SSURGO points...
Processed 57180/251223 SSURGO points...
Processed 57190/251223 SSURGO points...
Processed 57200/251223 SSURGO points...
Processed 57210/251223 SSURGO points...
Processed 57220/251223 SSURGO points...
Processed 57230/251223 SSURGO points...
Processed 57240/251223 SSURGO points...
Processed 57250/251223 SSURGO points...
Processed 57260/251223 SSURGO points...
Processed 57270/251223 SSURGO points...
Processed 57280/251223 SSURGO points...
Processed 57290/251223 SSURGO points...
Processed 57300/251223 SSURGO points...
Processed 57310/251223 SSURGO points...
Processed 57320/251223 SSURGO points...
Processed 57330/251223 SSURGO points...
Processed 57340/251223 SSURGO points...
Processed 57350/251223 SSURGO points...
Processed 57360/251223 SSURGO points...
Processed 57370/251223 SSURGO points...
Processed 57380/251223 SSURGO points...
Processed 57390/251223 SSURGO points...
Processed 57400/251223 SSURGO points...
Processed 57410/251223 SSURGO points...
Processed 57420/251223 SSURGO points...
Processed 57430/251223 SSURGO points...
Processed 57440/251223 SSURGO points...
Processed 57450/251223 SSURGO points...
Processed 57460/251223 SSURGO points...
Processed 57470/251223 SSURGO points...
Processed 57480/251223 SSURGO points...
Processed 57490/251223 SSURGO points...
Processed 57500/251223 SSURGO points...
Processed 57510/251223 SSURGO points...
Processed 57520/251223 SSURGO points...
Processed 57530/251223 SSURGO points...
Processed 57540/251223 SSURGO points...
Processed 57550/251223 SSURGO points...
Processed 57560/251223 SSURGO points...
Processed 57570/251223 SSURGO points...
Processed 57580/251223 SSURGO points...
Processed 57590/251223 SSURGO points...
Processed 57600/251223 SSURGO points...
Processed 57610/251223 SSURGO points...
Processed 57620/251223 SSURGO points...
Processed 57630/251223 SSURGO points...
Processed 57640/251223 SSURGO points...
Processed 57650/251223 SSURGO points...
Processed 57660/251223 SSURGO points...
Processed 57670/251223 SSURGO points...
Processed 57680/251223 SSURGO points...
Processed 57690/251223 SSURGO points...
Processed 57700/251223 SSURGO points...
Processed 57710/251223 SSURGO points...
Processed 57720/251223 SSURGO points...
Processed 57730/251223 SSURGO points...
Processed 57740/251223 SSURGO points...
Processed 57750/251223 SSURGO points...
Processed 57760/251223 SSURGO points...
Processed 57770/251223 SSURGO points...
Processed 57780/251223 SSURGO points...
Processed 57790/251223 SSURGO points...
Processed 57800/251223 SSURGO points...
Processed 57810/251223 SSURGO points...
Processed 57820/251223 SSURGO points...
Processed 57830/251223 SSURGO points...
Processed 57840/251223 SSURGO points...
Processed 57850/251223 SSURGO points...
Processed 57860/251223 SSURGO points...
Processed 57870/251223 SSURGO points...
Processed 57880/251223 SSURGO points...
Processed 57890/251223 SSURGO points...
Processed 57900/251223 SSURGO points...
Processed 57910/251223 SSURGO points...
Processed 57920/251223 SSURGO points...
Processed 57930/251223 SSURGO points...
Processed 57940/251223 SSURGO points...
Processed 57950/251223 SSURGO points...
Processed 57960/251223 SSURGO points...
Processed 57970/251223 SSURGO points...
Processed 57980/251223 SSURGO points...
Processed 57990/251223 SSURGO points...
Processed 58000/251223 SSURGO points...
Processed 58010/251223 SSURGO points...
Processed 58020/251223 SSURGO points...
Processed 58030/251223 SSURGO points...
Processed 58040/251223 SSURGO points...
Processed 58050/251223 SSURGO points...
Processed 58060/251223 SSURGO points...
Processed 58070/251223 SSURGO points...
Processed 58080/251223 SSURGO points...
Processed 58090/251223 SSURGO points...
Processed 58100/251223 SSURGO points...
Processed 58110/251223 SSURGO points...
Processed 58120/251223 SSURGO points...
Processed 58130/251223 SSURGO points...
Processed 58140/251223 SSURGO points...
Processed 58150/251223 SSURGO points...
Processed 58160/251223 SSURGO points...
Processed 58170/251223 SSURGO points...
Processed 58180/251223 SSURGO points...
Processed 58190/251223 SSURGO points...
Processed 58200/251223 SSURGO points...
Processed 58210/251223 SSURGO points...
Processed 58220/251223 SSURGO points...
Processed 58230/251223 SSURGO points...
Processed 58240/251223 SSURGO points...
Processed 58250/251223 SSURGO points...
Processed 58260/251223 SSURGO points...
Processed 58270/251223 SSURGO points...
Processed 58280/251223 SSURGO points...
Processed 58290/251223 SSURGO points...
Processed 58300/251223 SSURGO points...
Processed 58310/251223 SSURGO points...
Processed 58320/251223 SSURGO points...
Processed 58330/251223 SSURGO points...
Processed 58340/251223 SSURGO points...
Processed 58350/251223 SSURGO points...
Processed 58360/251223 SSURGO points...
Processed 58370/251223 SSURGO points...
Processed 58380/251223 SSURGO points...
Processed 58390/251223 SSURGO points...
Processed 58400/251223 SSURGO points...
Processed 58410/251223 SSURGO points...
Processed 58420/251223 SSURGO points...
Processed 58430/251223 SSURGO points...
Processed 58440/251223 SSURGO points...
Processed 58450/251223 SSURGO points...
Processed 58460/251223 SSURGO points...
Processed 58470/251223 SSURGO points...
Processed 58480/251223 SSURGO points...
Processed 58490/251223 SSURGO points...
Processed 58500/251223 SSURGO points...
Processed 58510/251223 SSURGO points...
Processed 58520/251223 SSURGO points...
Processed 58530/251223 SSURGO points...
Processed 58540/251223 SSURGO points...
Processed 58550/251223 SSURGO points...
Processed 58560/251223 SSURGO points...
Processed 58570/251223 SSURGO points...
Processed 58580/251223 SSURGO points...
Processed 58590/251223 SSURGO points...
Processed 58600/251223 SSURGO points...
Processed 58610/251223 SSURGO points...
Processed 58620/251223 SSURGO points...
Processed 58630/251223 SSURGO points...
Processed 58640/251223 SSURGO points...
Processed 58650/251223 SSURGO points...
Processed 58660/251223 SSURGO points...
Processed 58670/251223 SSURGO points...
Processed 58680/251223 SSURGO points...
Processed 58690/251223 SSURGO points...
Processed 58700/251223 SSURGO points...
Processed 58710/251223 SSURGO points...
Processed 58720/251223 SSURGO points...
Processed 58730/251223 SSURGO points...
Processed 58740/251223 SSURGO points...
Processed 58750/251223 SSURGO points...
Processed 58760/251223 SSURGO points...
Processed 58770/251223 SSURGO points...
Processed 58780/251223 SSURGO points...
Processed 58790/251223 SSURGO points...
Processed 58800/251223 SSURGO points...
Processed 58810/251223 SSURGO points...
Processed 58820/251223 SSURGO points...
Processed 58830/251223 SSURGO points...
Processed 58840/251223 SSURGO points...
Processed 58850/251223 SSURGO points...
Processed 58860/251223 SSURGO points...
Processed 58870/251223 SSURGO points...
Processed 58880/251223 SSURGO points...
Processed 58890/251223 SSURGO points...
Processed 58900/251223 SSURGO points...
Processed 58910/251223 SSURGO points...
Processed 58920/251223 SSURGO points...
Processed 58930/251223 SSURGO points...
Processed 58940/251223 SSURGO points...
Processed 58950/251223 SSURGO points...
Processed 58960/251223 SSURGO points...
Processed 58970/251223 SSURGO points...
Processed 58980/251223 SSURGO points...
Processed 58990/251223 SSURGO points...
Processed 59000/251223 SSURGO points...
Processed 59010/251223 SSURGO points...
Processed 59020/251223 SSURGO points...
Processed 59030/251223 SSURGO points...
Processed 59040/251223 SSURGO points...
Processed 59050/251223 SSURGO points...
Processed 59060/251223 SSURGO points...
Processed 59070/251223 SSURGO points...
Processed 59080/251223 SSURGO points...
Processed 59090/251223 SSURGO points...
Processed 59100/251223 SSURGO points...
Processed 59110/251223 SSURGO points...
Processed 59120/251223 SSURGO points...
Processed 59130/251223 SSURGO points...
Processed 59140/251223 SSURGO points...
Processed 59150/251223 SSURGO points...
Processed 59160/251223 SSURGO points...
Processed 59170/251223 SSURGO points...
Processed 59180/251223 SSURGO points...
Processed 59190/251223 SSURGO points...
Processed 59200/251223 SSURGO points...
Processed 59210/251223 SSURGO points...
Processed 59220/251223 SSURGO points...
Processed 59230/251223 SSURGO points...
Processed 59240/251223 SSURGO points...
Processed 59250/251223 SSURGO points...
Processed 59260/251223 SSURGO points...
Processed 59270/251223 SSURGO points...
Processed 59280/251223 SSURGO points...
Processed 59290/251223 SSURGO points...
Processed 59300/251223 SSURGO points...
Processed 59310/251223 SSURGO points...
Processed 59320/251223 SSURGO points...
Processed 59330/251223 SSURGO points...
Processed 59340/251223 SSURGO points...
Processed 59350/251223 SSURGO points...
Processed 59360/251223 SSURGO points...
Processed 59370/251223 SSURGO points...
Processed 59380/251223 SSURGO points...
Processed 59390/251223 SSURGO points...
Processed 59400/251223 SSURGO points...
Processed 59410/251223 SSURGO points...
Processed 59420/251223 SSURGO points...
Processed 59430/251223 SSURGO points...
Processed 59440/251223 SSURGO points...
Processed 59450/251223 SSURGO points...
Processed 59460/251223 SSURGO points...
Processed 59470/251223 SSURGO points...
Processed 59480/251223 SSURGO points...
Processed 59490/251223 SSURGO points...
Processed 59500/251223 SSURGO points...
Processed 59510/251223 SSURGO points...
Processed 59520/251223 SSURGO points...
Processed 59530/251223 SSURGO points...
Processed 59540/251223 SSURGO points...
Processed 59550/251223 SSURGO points...
Processed 59560/251223 SSURGO points...
Processed 59570/251223 SSURGO points...
Processed 59580/251223 SSURGO points...
Processed 59590/251223 SSURGO points...
Processed 59600/251223 SSURGO points...
Processed 59610/251223 SSURGO points...
Processed 59620/251223 SSURGO points...
Processed 59630/251223 SSURGO points...
Processed 59640/251223 SSURGO points...
Processed 59650/251223 SSURGO points...
Processed 59660/251223 SSURGO points...
Processed 59670/251223 SSURGO points...
Processed 59680/251223 SSURGO points...
Processed 59690/251223 SSURGO points...
Processed 59700/251223 SSURGO points...
Processed 59710/251223 SSURGO points...
Processed 59720/251223 SSURGO points...
Processed 59730/251223 SSURGO points...
Processed 59740/251223 SSURGO points...
Processed 59750/251223 SSURGO points...
Processed 59760/251223 SSURGO points...
Processed 59770/251223 SSURGO points...
Processed 59780/251223 SSURGO points...
Processed 59790/251223 SSURGO points...
Processed 59800/251223 SSURGO points...
Processed 59810/251223 SSURGO points...
Processed 59820/251223 SSURGO points...
Processed 59830/251223 SSURGO points...
Processed 59840/251223 SSURGO points...
Processed 59850/251223 SSURGO points...
Processed 59860/251223 SSURGO points...
Processed 59870/251223 SSURGO points...
Processed 59880/251223 SSURGO points...
Processed 59890/251223 SSURGO points...
Processed 59900/251223 SSURGO points...
Processed 59910/251223 SSURGO points...
Processed 59920/251223 SSURGO points...
Processed 59930/251223 SSURGO points...
Processed 59940/251223 SSURGO points...
Processed 59950/251223 SSURGO points...
Processed 59960/251223 SSURGO points...
Processed 59970/251223 SSURGO points...
Processed 59980/251223 SSURGO points...
Processed 59990/251223 SSURGO points...
Processed 60000/251223 SSURGO points...
Processed 60010/251223 SSURGO points...
Processed 60020/251223 SSURGO points...
Processed 60030/251223 SSURGO points...
Processed 60040/251223 SSURGO points...
Processed 60050/251223 SSURGO points...
Processed 60060/251223 SSURGO points...
Processed 60070/251223 SSURGO points...
Processed 60080/251223 SSURGO points...
Processed 60090/251223 SSURGO points...
Processed 60100/251223 SSURGO points...
Processed 60110/251223 SSURGO points...
Processed 60120/251223 SSURGO points...
Processed 60130/251223 SSURGO points...
Processed 60140/251223 SSURGO points...
Processed 60150/251223 SSURGO points...
Processed 60160/251223 SSURGO points...
Processed 60170/251223 SSURGO points...
Processed 60180/251223 SSURGO points...
Processed 60190/251223 SSURGO points...
Processed 60200/251223 SSURGO points...
Processed 60210/251223 SSURGO points...
Processed 60220/251223 SSURGO points...
Processed 60230/251223 SSURGO points...
Processed 60240/251223 SSURGO points...
Processed 60250/251223 SSURGO points...
Processed 60260/251223 SSURGO points...
Processed 60270/251223 SSURGO points...
Processed 60280/251223 SSURGO points...
Processed 60290/251223 SSURGO points...
Processed 60300/251223 SSURGO points...
Processed 60310/251223 SSURGO points...
Processed 60320/251223 SSURGO points...
Processed 60330/251223 SSURGO points...
Processed 60340/251223 SSURGO points...
Processed 60350/251223 SSURGO points...
Processed 60360/251223 SSURGO points...
Processed 60370/251223 SSURGO points...
Processed 60380/251223 SSURGO points...
Processed 60390/251223 SSURGO points...
Processed 60400/251223 SSURGO points...
Processed 60410/251223 SSURGO points...
Processed 60420/251223 SSURGO points...
Processed 60430/251223 SSURGO points...
Processed 60440/251223 SSURGO points...
Processed 60450/251223 SSURGO points...
Processed 60460/251223 SSURGO points...
Processed 60470/251223 SSURGO points...
Processed 60480/251223 SSURGO points...
Processed 60490/251223 SSURGO points...
Processed 60500/251223 SSURGO points...
Processed 60510/251223 SSURGO points...
Processed 60520/251223 SSURGO points...
Processed 60530/251223 SSURGO points...
Processed 60540/251223 SSURGO points...
Processed 60550/251223 SSURGO points...
Processed 60560/251223 SSURGO points...
Processed 60570/251223 SSURGO points...
Processed 60580/251223 SSURGO points...
Processed 60590/251223 SSURGO points...
Processed 60600/251223 SSURGO points...
Processed 60610/251223 SSURGO points...
Processed 60620/251223 SSURGO points...
Processed 60630/251223 SSURGO points...
Processed 60640/251223 SSURGO points...
Processed 60650/251223 SSURGO points...
Processed 60660/251223 SSURGO points...
Processed 60670/251223 SSURGO points...
Processed 60680/251223 SSURGO points...
Processed 60690/251223 SSURGO points...
Processed 60700/251223 SSURGO points...
Processed 60710/251223 SSURGO points...
Processed 60720/251223 SSURGO points...
Processed 60730/251223 SSURGO points...
Processed 60740/251223 SSURGO points...
Processed 60750/251223 SSURGO points...
Processed 60760/251223 SSURGO points...
Processed 60770/251223 SSURGO points...
Processed 60780/251223 SSURGO points...
Processed 60790/251223 SSURGO points...
Processed 60800/251223 SSURGO points...
Processed 60810/251223 SSURGO points...
Processed 60820/251223 SSURGO points...
Processed 60830/251223 SSURGO points...
Processed 60840/251223 SSURGO points...
Processed 60850/251223 SSURGO points...
Processed 60860/251223 SSURGO points...
Processed 60870/251223 SSURGO points...
Processed 60880/251223 SSURGO points...
Processed 60890/251223 SSURGO points...
Processed 60900/251223 SSURGO points...
Processed 60910/251223 SSURGO points...
Processed 60920/251223 SSURGO points...
Processed 60930/251223 SSURGO points...
Processed 60940/251223 SSURGO points...
Processed 60950/251223 SSURGO points...
Processed 60960/251223 SSURGO points...
Processed 60970/251223 SSURGO points...
Processed 60980/251223 SSURGO points...
Processed 60990/251223 SSURGO points...
Processed 61000/251223 SSURGO points...
Processed 61010/251223 SSURGO points...
Processed 61020/251223 SSURGO points...
Processed 61030/251223 SSURGO points...
Processed 61040/251223 SSURGO points...
Processed 61050/251223 SSURGO points...
Processed 61060/251223 SSURGO points...
Processed 61070/251223 SSURGO points...
Processed 61080/251223 SSURGO points...
Processed 61090/251223 SSURGO points...
Processed 61100/251223 SSURGO points...
Processed 61110/251223 SSURGO points...
Processed 61120/251223 SSURGO points...
Processed 61130/251223 SSURGO points...
Processed 61140/251223 SSURGO points...
Processed 61150/251223 SSURGO points...
Processed 61160/251223 SSURGO points...
Processed 61170/251223 SSURGO points...
Processed 61180/251223 SSURGO points...
Processed 61190/251223 SSURGO points...
Processed 61200/251223 SSURGO points...
Processed 61210/251223 SSURGO points...
Processed 61220/251223 SSURGO points...
Processed 61230/251223 SSURGO points...
Processed 61240/251223 SSURGO points...
Processed 61250/251223 SSURGO points...
Processed 61260/251223 SSURGO points...
Processed 61270/251223 SSURGO points...
Processed 61280/251223 SSURGO points...
Processed 61290/251223 SSURGO points...
Processed 61300/251223 SSURGO points...
Processed 61310/251223 SSURGO points...
Processed 61320/251223 SSURGO points...
Processed 61330/251223 SSURGO points...
Processed 61340/251223 SSURGO points...
Processed 61350/251223 SSURGO points...
Processed 61360/251223 SSURGO points...
Processed 61370/251223 SSURGO points...
Processed 61380/251223 SSURGO points...
Processed 61390/251223 SSURGO points...
Processed 61400/251223 SSURGO points...
Processed 61410/251223 SSURGO points...
Processed 61420/251223 SSURGO points...
Processed 61430/251223 SSURGO points...
Processed 61440/251223 SSURGO points...
Processed 61450/251223 SSURGO points...
Processed 61460/251223 SSURGO points...
Processed 61470/251223 SSURGO points...
Processed 61480/251223 SSURGO points...
Processed 61490/251223 SSURGO points...
Processed 61500/251223 SSURGO points...
Processed 61510/251223 SSURGO points...
Processed 61520/251223 SSURGO points...
Processed 61530/251223 SSURGO points...
Processed 61540/251223 SSURGO points...
Processed 61550/251223 SSURGO points...
Processed 61560/251223 SSURGO points...
Processed 61570/251223 SSURGO points...
Processed 61580/251223 SSURGO points...
Processed 61590/251223 SSURGO points...
Processed 61600/251223 SSURGO points...
Processed 61610/251223 SSURGO points...
Processed 61620/251223 SSURGO points...
Processed 61630/251223 SSURGO points...
Processed 61640/251223 SSURGO points...
Processed 61650/251223 SSURGO points...
Processed 61660/251223 SSURGO points...
Processed 61670/251223 SSURGO points...
Processed 61680/251223 SSURGO points...
Processed 61690/251223 SSURGO points...
Processed 61700/251223 SSURGO points...
Processed 61710/251223 SSURGO points...
Processed 61720/251223 SSURGO points...
Processed 61730/251223 SSURGO points...
Processed 61740/251223 SSURGO points...
Processed 61750/251223 SSURGO points...
Processed 61760/251223 SSURGO points...
Processed 61770/251223 SSURGO points...
Processed 61780/251223 SSURGO points...
Processed 61790/251223 SSURGO points...
Processed 61800/251223 SSURGO points...
Processed 61810/251223 SSURGO points...
Processed 61820/251223 SSURGO points...
Processed 61830/251223 SSURGO points...
Processed 61840/251223 SSURGO points...
Processed 61850/251223 SSURGO points...
Processed 61860/251223 SSURGO points...
Processed 61870/251223 SSURGO points...
Processed 61880/251223 SSURGO points...
Processed 61890/251223 SSURGO points...
Processed 61900/251223 SSURGO points...
Processed 61910/251223 SSURGO points...
Processed 61920/251223 SSURGO points...
Processed 61930/251223 SSURGO points...
Processed 61940/251223 SSURGO points...
Processed 61950/251223 SSURGO points...
Processed 61960/251223 SSURGO points...
Processed 61970/251223 SSURGO points...
Processed 61980/251223 SSURGO points...
Processed 61990/251223 SSURGO points...
Processed 62000/251223 SSURGO points...
Processed 62010/251223 SSURGO points...
Processed 62020/251223 SSURGO points...
Processed 62030/251223 SSURGO points...
Processed 62040/251223 SSURGO points...
Processed 62050/251223 SSURGO points...
Processed 62060/251223 SSURGO points...
Processed 62070/251223 SSURGO points...
Processed 62080/251223 SSURGO points...
Processed 62090/251223 SSURGO points...
Processed 62100/251223 SSURGO points...
Processed 62110/251223 SSURGO points...
Processed 62120/251223 SSURGO points...
Processed 62130/251223 SSURGO points...
Processed 62140/251223 SSURGO points...
Processed 62150/251223 SSURGO points...
Processed 62160/251223 SSURGO points...
Processed 62170/251223 SSURGO points...
Processed 62180/251223 SSURGO points...
Processed 62190/251223 SSURGO points...
Processed 62200/251223 SSURGO points...
Processed 62210/251223 SSURGO points...
Processed 62220/251223 SSURGO points...
Processed 62230/251223 SSURGO points...
Processed 62240/251223 SSURGO points...
Processed 62250/251223 SSURGO points...
Processed 62260/251223 SSURGO points...
Processed 62270/251223 SSURGO points...
Processed 62280/251223 SSURGO points...
Processed 62290/251223 SSURGO points...
Processed 62300/251223 SSURGO points...
Processed 62310/251223 SSURGO points...
Processed 62320/251223 SSURGO points...
Processed 62330/251223 SSURGO points...
Processed 62340/251223 SSURGO points...
Processed 62350/251223 SSURGO points...
Processed 62360/251223 SSURGO points...
Processed 62370/251223 SSURGO points...
Processed 62380/251223 SSURGO points...
Processed 62390/251223 SSURGO points...
Processed 62400/251223 SSURGO points...
Processed 62410/251223 SSURGO points...
Processed 62420/251223 SSURGO points...
Processed 62430/251223 SSURGO points...
Processed 62440/251223 SSURGO points...
Processed 62450/251223 SSURGO points...
Processed 62460/251223 SSURGO points...
Processed 62470/251223 SSURGO points...
Processed 62480/251223 SSURGO points...
Processed 62490/251223 SSURGO points...
Processed 62500/251223 SSURGO points...
Processed 62510/251223 SSURGO points...
Processed 62520/251223 SSURGO points...
Processed 62530/251223 SSURGO points...
Processed 62540/251223 SSURGO points...
Processed 62550/251223 SSURGO points...
Processed 62560/251223 SSURGO points...
Processed 62570/251223 SSURGO points...
Processed 62580/251223 SSURGO points...
Processed 62590/251223 SSURGO points...
Processed 62600/251223 SSURGO points...
Processed 62610/251223 SSURGO points...
Processed 62620/251223 SSURGO points...
Processed 62630/251223 SSURGO points...
Processed 62640/251223 SSURGO points...
Processed 62650/251223 SSURGO points...
Processed 62660/251223 SSURGO points...
Processed 62670/251223 SSURGO points...
Processed 62680/251223 SSURGO points...
Processed 62690/251223 SSURGO points...
Processed 62700/251223 SSURGO points...
Processed 62710/251223 SSURGO points...
Processed 62720/251223 SSURGO points...
Processed 62730/251223 SSURGO points...
Processed 62740/251223 SSURGO points...
Processed 62750/251223 SSURGO points...
Processed 62760/251223 SSURGO points...
Processed 62770/251223 SSURGO points...
Processed 62780/251223 SSURGO points...
Processed 62790/251223 SSURGO points...
Processed 62800/251223 SSURGO points...
Processed 62810/251223 SSURGO points...
Processed 62820/251223 SSURGO points...
Processed 62830/251223 SSURGO points...
Processed 62840/251223 SSURGO points...
Processed 62850/251223 SSURGO points...
Processed 62860/251223 SSURGO points...
Processed 62870/251223 SSURGO points...
Processed 62880/251223 SSURGO points...
Processed 62890/251223 SSURGO points...
Processed 62900/251223 SSURGO points...
Processed 62910/251223 SSURGO points...
Processed 62920/251223 SSURGO points...
Processed 62930/251223 SSURGO points...
Processed 62940/251223 SSURGO points...
Processed 62950/251223 SSURGO points...
Processed 62960/251223 SSURGO points...
Processed 62970/251223 SSURGO points...
Processed 62980/251223 SSURGO points...
Processed 62990/251223 SSURGO points...
Processed 63000/251223 SSURGO points...
Processed 63010/251223 SSURGO points...
Processed 63020/251223 SSURGO points...
Processed 63030/251223 SSURGO points...
Processed 63040/251223 SSURGO points...
Processed 63050/251223 SSURGO points...
Processed 63060/251223 SSURGO points...
Processed 63070/251223 SSURGO points...
Processed 63080/251223 SSURGO points...
Processed 63090/251223 SSURGO points...
Processed 63100/251223 SSURGO points...
Processed 63110/251223 SSURGO points...
Processed 63120/251223 SSURGO points...
Processed 63130/251223 SSURGO points...
Processed 63140/251223 SSURGO points...
Processed 63150/251223 SSURGO points...
Processed 63160/251223 SSURGO points...
Processed 63170/251223 SSURGO points...
Processed 63180/251223 SSURGO points...
Processed 63190/251223 SSURGO points...
Processed 63200/251223 SSURGO points...
Processed 63210/251223 SSURGO points...
Processed 63220/251223 SSURGO points...
Processed 63230/251223 SSURGO points...
Processed 63240/251223 SSURGO points...
Processed 63250/251223 SSURGO points...
Processed 63260/251223 SSURGO points...
Processed 63270/251223 SSURGO points...
Processed 63280/251223 SSURGO points...
Processed 63290/251223 SSURGO points...
Processed 63300/251223 SSURGO points...
Processed 63310/251223 SSURGO points...
Processed 63320/251223 SSURGO points...
Processed 63330/251223 SSURGO points...
Processed 63340/251223 SSURGO points...
Processed 63350/251223 SSURGO points...
Processed 63360/251223 SSURGO points...
Processed 63370/251223 SSURGO points...
Processed 63380/251223 SSURGO points...
Processed 63390/251223 SSURGO points...
Processed 63400/251223 SSURGO points...
Processed 63410/251223 SSURGO points...
Processed 63420/251223 SSURGO points...
Processed 63430/251223 SSURGO points...
Processed 63440/251223 SSURGO points...
Processed 63450/251223 SSURGO points...
Processed 63460/251223 SSURGO points...
Processed 63470/251223 SSURGO points...
Processed 63480/251223 SSURGO points...
Processed 63490/251223 SSURGO points...
Processed 63500/251223 SSURGO points...
Processed 63510/251223 SSURGO points...
Processed 63520/251223 SSURGO points...
Processed 63530/251223 SSURGO points...
Processed 63540/251223 SSURGO points...
Processed 63550/251223 SSURGO points...
Processed 63560/251223 SSURGO points...
Processed 63570/251223 SSURGO points...
Processed 63580/251223 SSURGO points...
Processed 63590/251223 SSURGO points...
Processed 63600/251223 SSURGO points...
Processed 63610/251223 SSURGO points...
Processed 63620/251223 SSURGO points...
Processed 63630/251223 SSURGO points...
Processed 63640/251223 SSURGO points...
Processed 63650/251223 SSURGO points...
Processed 63660/251223 SSURGO points...
Processed 63670/251223 SSURGO points...
Processed 63680/251223 SSURGO points...
Processed 63690/251223 SSURGO points...
Processed 63700/251223 SSURGO points...
Processed 63710/251223 SSURGO points...
Processed 63720/251223 SSURGO points...
Processed 63730/251223 SSURGO points...
Processed 63740/251223 SSURGO points...
Processed 63750/251223 SSURGO points...
Processed 63760/251223 SSURGO points...
Processed 63770/251223 SSURGO points...
Processed 63780/251223 SSURGO points...
Processed 63790/251223 SSURGO points...
Processed 63800/251223 SSURGO points...
Processed 63810/251223 SSURGO points...
Processed 63820/251223 SSURGO points...
Processed 63830/251223 SSURGO points...
Processed 63840/251223 SSURGO points...
Processed 63850/251223 SSURGO points...
Processed 63860/251223 SSURGO points...
Processed 63870/251223 SSURGO points...
Processed 63880/251223 SSURGO points...
Processed 63890/251223 SSURGO points...
Processed 63900/251223 SSURGO points...
Processed 63910/251223 SSURGO points...
Processed 63920/251223 SSURGO points...
Processed 63930/251223 SSURGO points...
Processed 63940/251223 SSURGO points...
Processed 63950/251223 SSURGO points...
Processed 63960/251223 SSURGO points...
Processed 63970/251223 SSURGO points...
Processed 63980/251223 SSURGO points...
Processed 63990/251223 SSURGO points...
Processed 64000/251223 SSURGO points...
Processed 64010/251223 SSURGO points...
Processed 64020/251223 SSURGO points...
Processed 64030/251223 SSURGO points...
Processed 64040/251223 SSURGO points...
Processed 64050/251223 SSURGO points...
Processed 64060/251223 SSURGO points...
Processed 64070/251223 SSURGO points...
Processed 64080/251223 SSURGO points...
Processed 64090/251223 SSURGO points...
Processed 64100/251223 SSURGO points...
Processed 64110/251223 SSURGO points...
Processed 64120/251223 SSURGO points...
Processed 64130/251223 SSURGO points...
Processed 64140/251223 SSURGO points...
Processed 64150/251223 SSURGO points...
Processed 64160/251223 SSURGO points...
Processed 64170/251223 SSURGO points...
Processed 64180/251223 SSURGO points...
Processed 64190/251223 SSURGO points...
Processed 64200/251223 SSURGO points...
Processed 64210/251223 SSURGO points...
Processed 64220/251223 SSURGO points...
Processed 64230/251223 SSURGO points...
Processed 64240/251223 SSURGO points...
Processed 64250/251223 SSURGO points...
Processed 64260/251223 SSURGO points...
Processed 64270/251223 SSURGO points...
Processed 64280/251223 SSURGO points...
Processed 64290/251223 SSURGO points...
Processed 64300/251223 SSURGO points...
Processed 64310/251223 SSURGO points...
Processed 64320/251223 SSURGO points...
Processed 64330/251223 SSURGO points...
Processed 64340/251223 SSURGO points...
Processed 64350/251223 SSURGO points...
Processed 64360/251223 SSURGO points...
Processed 64370/251223 SSURGO points...
Processed 64380/251223 SSURGO points...
Processed 64390/251223 SSURGO points...
Processed 64400/251223 SSURGO points...
Processed 64410/251223 SSURGO points...
Processed 64420/251223 SSURGO points...
Processed 64430/251223 SSURGO points...
Processed 64440/251223 SSURGO points...
Processed 64450/251223 SSURGO points...
Processed 64460/251223 SSURGO points...
Processed 64470/251223 SSURGO points...
Processed 64480/251223 SSURGO points...
Processed 64490/251223 SSURGO points...
Processed 64500/251223 SSURGO points...
Processed 64510/251223 SSURGO points...
Processed 64520/251223 SSURGO points...
Processed 64530/251223 SSURGO points...
Processed 64540/251223 SSURGO points...
Processed 64550/251223 SSURGO points...
Processed 64560/251223 SSURGO points...
Processed 64570/251223 SSURGO points...
Processed 64580/251223 SSURGO points...
Processed 64590/251223 SSURGO points...
Processed 64600/251223 SSURGO points...
Processed 64610/251223 SSURGO points...
Processed 64620/251223 SSURGO points...
Processed 64630/251223 SSURGO points...
Processed 64640/251223 SSURGO points...
Processed 64650/251223 SSURGO points...
Processed 64660/251223 SSURGO points...
Processed 64670/251223 SSURGO points...
Processed 64680/251223 SSURGO points...
Processed 64690/251223 SSURGO points...
Processed 64700/251223 SSURGO points...
Processed 64710/251223 SSURGO points...
Processed 64720/251223 SSURGO points...
Processed 64730/251223 SSURGO points...
Processed 64740/251223 SSURGO points...
Processed 64750/251223 SSURGO points...
Processed 64760/251223 SSURGO points...
Processed 64770/251223 SSURGO points...
Processed 64780/251223 SSURGO points...
Processed 64790/251223 SSURGO points...
Processed 64800/251223 SSURGO points...
Processed 64810/251223 SSURGO points...
Processed 64820/251223 SSURGO points...
Processed 64830/251223 SSURGO points...
Processed 64840/251223 SSURGO points...
Processed 64850/251223 SSURGO points...
Processed 64860/251223 SSURGO points...
Processed 64870/251223 SSURGO points...
Processed 64880/251223 SSURGO points...
Processed 64890/251223 SSURGO points...
Processed 64900/251223 SSURGO points...
Processed 64910/251223 SSURGO points...
Processed 64920/251223 SSURGO points...
Processed 64930/251223 SSURGO points...
Processed 64940/251223 SSURGO points...
Processed 64950/251223 SSURGO points...
Processed 64960/251223 SSURGO points...
Processed 64970/251223 SSURGO points...
Processed 64980/251223 SSURGO points...
Processed 64990/251223 SSURGO points...
Processed 65000/251223 SSURGO points...
Processed 65010/251223 SSURGO points...
Processed 65020/251223 SSURGO points...
Processed 65030/251223 SSURGO points...
Processed 65040/251223 SSURGO points...
Processed 65050/251223 SSURGO points...
Processed 65060/251223 SSURGO points...
Processed 65070/251223 SSURGO points...
Processed 65080/251223 SSURGO points...
Processed 65090/251223 SSURGO points...
Processed 65100/251223 SSURGO points...
Processed 65110/251223 SSURGO points...
Processed 65120/251223 SSURGO points...
Processed 65130/251223 SSURGO points...
Processed 65140/251223 SSURGO points...
Processed 65150/251223 SSURGO points...
Processed 65160/251223 SSURGO points...
Processed 65170/251223 SSURGO points...
Processed 65180/251223 SSURGO points...
Processed 65190/251223 SSURGO points...
Processed 65200/251223 SSURGO points...
Processed 65210/251223 SSURGO points...
Processed 65220/251223 SSURGO points...
Processed 65230/251223 SSURGO points...
Processed 65240/251223 SSURGO points...
Processed 65250/251223 SSURGO points...
Processed 65260/251223 SSURGO points...
Processed 65270/251223 SSURGO points...
Processed 65280/251223 SSURGO points...
Processed 65290/251223 SSURGO points...
Processed 65300/251223 SSURGO points...
Processed 65310/251223 SSURGO points...
Processed 65320/251223 SSURGO points...
Processed 65330/251223 SSURGO points...
Processed 65340/251223 SSURGO points...
Processed 65350/251223 SSURGO points...
Processed 65360/251223 SSURGO points...
Processed 65370/251223 SSURGO points...
Processed 65380/251223 SSURGO points...
Processed 65390/251223 SSURGO points...
Processed 65400/251223 SSURGO points...
Processed 65410/251223 SSURGO points...
Processed 65420/251223 SSURGO points...
Processed 65430/251223 SSURGO points...
Processed 65440/251223 SSURGO points...
Processed 65450/251223 SSURGO points...
Processed 65460/251223 SSURGO points...
Processed 65470/251223 SSURGO points...
Processed 65480/251223 SSURGO points...
Processed 65490/251223 SSURGO points...
Processed 65500/251223 SSURGO points...
Processed 65510/251223 SSURGO points...
Processed 65520/251223 SSURGO points...
Processed 65530/251223 SSURGO points...
Processed 65540/251223 SSURGO points...
Processed 65550/251223 SSURGO points...
Processed 65560/251223 SSURGO points...
Processed 65570/251223 SSURGO points...
Processed 65580/251223 SSURGO points...
Processed 65590/251223 SSURGO points...
Processed 65600/251223 SSURGO points...
Processed 65610/251223 SSURGO points...
Processed 65620/251223 SSURGO points...
Processed 65630/251223 SSURGO points...
Processed 65640/251223 SSURGO points...
Processed 65650/251223 SSURGO points...
Processed 65660/251223 SSURGO points...
Processed 65670/251223 SSURGO points...
Processed 65680/251223 SSURGO points...
Processed 65690/251223 SSURGO points...
Processed 65700/251223 SSURGO points...
Processed 65710/251223 SSURGO points...
Processed 65720/251223 SSURGO points...
Processed 65730/251223 SSURGO points...
Processed 65740/251223 SSURGO points...
Processed 65750/251223 SSURGO points...
Processed 65760/251223 SSURGO points...
Processed 65770/251223 SSURGO points...
Processed 65780/251223 SSURGO points...
Processed 65790/251223 SSURGO points...
Processed 65800/251223 SSURGO points...
Processed 65810/251223 SSURGO points...
Processed 65820/251223 SSURGO points...
Processed 65830/251223 SSURGO points...
Processed 65840/251223 SSURGO points...
Processed 65850/251223 SSURGO points...
Processed 65860/251223 SSURGO points...
Processed 65870/251223 SSURGO points...
Processed 65880/251223 SSURGO points...
Processed 65890/251223 SSURGO points...
Processed 65900/251223 SSURGO points...
Processed 65910/251223 SSURGO points...
Processed 65920/251223 SSURGO points...
Processed 65930/251223 SSURGO points...
Processed 65940/251223 SSURGO points...
Processed 65950/251223 SSURGO points...
Processed 65960/251223 SSURGO points...
Processed 65970/251223 SSURGO points...
Processed 65980/251223 SSURGO points...
Processed 65990/251223 SSURGO points...
Processed 66000/251223 SSURGO points...
Processed 66010/251223 SSURGO points...
Processed 66020/251223 SSURGO points...
Processed 66030/251223 SSURGO points...
Processed 66040/251223 SSURGO points...
Processed 66050/251223 SSURGO points...
Processed 66060/251223 SSURGO points...
Processed 66070/251223 SSURGO points...
Processed 66080/251223 SSURGO points...
Processed 66090/251223 SSURGO points...
Processed 66100/251223 SSURGO points...
Processed 66110/251223 SSURGO points...
Processed 66120/251223 SSURGO points...
Processed 66130/251223 SSURGO points...
Processed 66140/251223 SSURGO points...
Processed 66150/251223 SSURGO points...
Processed 66160/251223 SSURGO points...
Processed 66170/251223 SSURGO points...
Processed 66180/251223 SSURGO points...
Processed 66190/251223 SSURGO points...
Processed 66200/251223 SSURGO points...
Processed 66210/251223 SSURGO points...
Processed 66220/251223 SSURGO points...
Processed 66230/251223 SSURGO points...
Processed 66240/251223 SSURGO points...
Processed 66250/251223 SSURGO points...
Processed 66260/251223 SSURGO points...
Processed 66270/251223 SSURGO points...
Processed 66280/251223 SSURGO points...
Processed 66290/251223 SSURGO points...
Processed 66300/251223 SSURGO points...
Processed 66310/251223 SSURGO points...
Processed 66320/251223 SSURGO points...
Processed 66330/251223 SSURGO points...
Processed 66340/251223 SSURGO points...
Processed 66350/251223 SSURGO points...
Processed 66360/251223 SSURGO points...
Processed 66370/251223 SSURGO points...
Processed 66380/251223 SSURGO points...
Processed 66390/251223 SSURGO points...
Processed 66400/251223 SSURGO points...
Processed 66410/251223 SSURGO points...
Processed 66420/251223 SSURGO points...
Processed 66430/251223 SSURGO points...
Processed 66440/251223 SSURGO points...
Processed 66450/251223 SSURGO points...
Processed 66460/251223 SSURGO points...
Processed 66470/251223 SSURGO points...
Processed 66480/251223 SSURGO points...
Processed 66490/251223 SSURGO points...
Processed 66500/251223 SSURGO points...
Processed 66510/251223 SSURGO points...
Processed 66520/251223 SSURGO points...
Processed 66530/251223 SSURGO points...
Processed 66540/251223 SSURGO points...
Processed 66550/251223 SSURGO points...
Processed 66560/251223 SSURGO points...
Processed 66570/251223 SSURGO points...
Processed 66580/251223 SSURGO points...
Processed 66590/251223 SSURGO points...
Processed 66600/251223 SSURGO points...
Processed 66610/251223 SSURGO points...
Processed 66620/251223 SSURGO points...
Processed 66630/251223 SSURGO points...
Processed 66640/251223 SSURGO points...
Processed 66650/251223 SSURGO points...
Processed 66660/251223 SSURGO points...
Processed 66670/251223 SSURGO points...
Processed 66680/251223 SSURGO points...
Processed 66690/251223 SSURGO points...
Processed 66700/251223 SSURGO points...
Processed 66710/251223 SSURGO points...
Processed 66720/251223 SSURGO points...
Processed 66730/251223 SSURGO points...
Processed 66740/251223 SSURGO points...
Processed 66750/251223 SSURGO points...
Processed 66760/251223 SSURGO points...
Processed 66770/251223 SSURGO points...
Processed 66780/251223 SSURGO points...
Processed 66790/251223 SSURGO points...
Processed 66800/251223 SSURGO points...
Processed 66810/251223 SSURGO points...
Processed 66820/251223 SSURGO points...
Processed 66830/251223 SSURGO points...
Processed 66840/251223 SSURGO points...
Processed 66850/251223 SSURGO points...
Processed 66860/251223 SSURGO points...
Processed 66870/251223 SSURGO points...
Processed 66880/251223 SSURGO points...
Processed 66890/251223 SSURGO points...
Processed 66900/251223 SSURGO points...
Processed 66910/251223 SSURGO points...
Processed 66920/251223 SSURGO points...
Processed 66930/251223 SSURGO points...
Processed 66940/251223 SSURGO points...
Processed 66950/251223 SSURGO points...
Processed 66960/251223 SSURGO points...
Processed 66970/251223 SSURGO points...
Processed 66980/251223 SSURGO points...
Processed 66990/251223 SSURGO points...
Processed 67000/251223 SSURGO points...
Processed 67010/251223 SSURGO points...
Processed 67020/251223 SSURGO points...
Processed 67030/251223 SSURGO points...
Processed 67040/251223 SSURGO points...
Processed 67050/251223 SSURGO points...
Processed 67060/251223 SSURGO points...
Processed 67070/251223 SSURGO points...
Processed 67080/251223 SSURGO points...
Processed 67090/251223 SSURGO points...
Processed 67100/251223 SSURGO points...
Processed 67110/251223 SSURGO points...
Processed 67120/251223 SSURGO points...
Processed 67130/251223 SSURGO points...
Processed 67140/251223 SSURGO points...
Processed 67150/251223 SSURGO points...
Processed 67160/251223 SSURGO points...
Processed 67170/251223 SSURGO points...
Processed 67180/251223 SSURGO points...
Processed 67190/251223 SSURGO points...
Processed 67200/251223 SSURGO points...
Processed 67210/251223 SSURGO points...
Processed 67220/251223 SSURGO points...
Processed 67230/251223 SSURGO points...
Processed 67240/251223 SSURGO points...
Processed 67250/251223 SSURGO points...
Processed 67260/251223 SSURGO points...
Processed 67270/251223 SSURGO points...
Processed 67280/251223 SSURGO points...
Processed 67290/251223 SSURGO points...
Processed 67300/251223 SSURGO points...
Processed 67310/251223 SSURGO points...
Processed 67320/251223 SSURGO points...
Processed 67330/251223 SSURGO points...
Processed 67340/251223 SSURGO points...
Processed 67350/251223 SSURGO points...
Processed 67360/251223 SSURGO points...
Processed 67370/251223 SSURGO points...
Processed 67380/251223 SSURGO points...
Processed 67390/251223 SSURGO points...
Processed 67400/251223 SSURGO points...
Processed 67410/251223 SSURGO points...
Processed 67420/251223 SSURGO points...
Processed 67430/251223 SSURGO points...
Processed 67440/251223 SSURGO points...
Processed 67450/251223 SSURGO points...
Processed 67460/251223 SSURGO points...
Processed 67470/251223 SSURGO points...
Processed 67480/251223 SSURGO points...
Processed 67490/251223 SSURGO points...
Processed 67500/251223 SSURGO points...
Processed 67510/251223 SSURGO points...
Processed 67520/251223 SSURGO points...
Processed 67530/251223 SSURGO points...
Processed 67540/251223 SSURGO points...
Processed 67550/251223 SSURGO points...
Processed 67560/251223 SSURGO points...
Processed 67570/251223 SSURGO points...
Processed 67580/251223 SSURGO points...
Processed 67590/251223 SSURGO points...
Processed 67600/251223 SSURGO points...
Processed 67610/251223 SSURGO points...
Processed 67620/251223 SSURGO points...
Processed 67630/251223 SSURGO points...
Processed 67640/251223 SSURGO points...
Processed 67650/251223 SSURGO points...
Processed 67660/251223 SSURGO points...
Processed 67670/251223 SSURGO points...
Processed 67680/251223 SSURGO points...
Processed 67690/251223 SSURGO points...
Processed 67700/251223 SSURGO points...
Processed 67710/251223 SSURGO points...
Processed 67720/251223 SSURGO points...
Processed 67730/251223 SSURGO points...
Processed 67740/251223 SSURGO points...
Processed 67750/251223 SSURGO points...
Processed 67760/251223 SSURGO points...
Processed 67770/251223 SSURGO points...
Processed 67780/251223 SSURGO points...
Processed 67790/251223 SSURGO points...
Processed 67800/251223 SSURGO points...
Processed 67810/251223 SSURGO points...
Processed 67820/251223 SSURGO points...
Processed 67830/251223 SSURGO points...
Processed 67840/251223 SSURGO points...
Processed 67850/251223 SSURGO points...
Processed 67860/251223 SSURGO points...
Processed 67870/251223 SSURGO points...
Processed 67880/251223 SSURGO points...
Processed 67890/251223 SSURGO points...
Processed 67900/251223 SSURGO points...
Processed 67910/251223 SSURGO points...
Processed 67920/251223 SSURGO points...
Processed 67930/251223 SSURGO points...
Processed 67940/251223 SSURGO points...
Processed 67950/251223 SSURGO points...
Processed 67960/251223 SSURGO points...
Processed 67970/251223 SSURGO points...
Processed 67980/251223 SSURGO points...
Processed 67990/251223 SSURGO points...
Processed 68000/251223 SSURGO points...
Processed 68010/251223 SSURGO points...
Processed 68020/251223 SSURGO points...
Processed 68030/251223 SSURGO points...
Processed 68040/251223 SSURGO points...
Processed 68050/251223 SSURGO points...
Processed 68060/251223 SSURGO points...
Processed 68070/251223 SSURGO points...
Processed 68080/251223 SSURGO points...
Processed 68090/251223 SSURGO points...
Processed 68100/251223 SSURGO points...
Processed 68110/251223 SSURGO points...
Processed 68120/251223 SSURGO points...
Processed 68130/251223 SSURGO points...
Processed 68140/251223 SSURGO points...
Processed 68150/251223 SSURGO points...
Processed 68160/251223 SSURGO points...
Processed 68170/251223 SSURGO points...
Processed 68180/251223 SSURGO points...
Processed 68190/251223 SSURGO points...
Processed 68200/251223 SSURGO points...
Processed 68210/251223 SSURGO points...
Processed 68220/251223 SSURGO points...
Processed 68230/251223 SSURGO points...
Processed 68240/251223 SSURGO points...
Processed 68250/251223 SSURGO points...
Processed 68260/251223 SSURGO points...
Processed 68270/251223 SSURGO points...
Processed 68280/251223 SSURGO points...
Processed 68290/251223 SSURGO points...
Processed 68300/251223 SSURGO points...
Processed 68310/251223 SSURGO points...
Processed 68320/251223 SSURGO points...
Processed 68330/251223 SSURGO points...
Processed 68340/251223 SSURGO points...
Processed 68350/251223 SSURGO points...
Processed 68360/251223 SSURGO points...
Processed 68370/251223 SSURGO points...
Processed 68380/251223 SSURGO points...
Processed 68390/251223 SSURGO points...
Processed 68400/251223 SSURGO points...
Processed 68410/251223 SSURGO points...
Processed 68420/251223 SSURGO points...
Processed 68430/251223 SSURGO points...
Processed 68440/251223 SSURGO points...
Processed 68450/251223 SSURGO points...
Processed 68460/251223 SSURGO points...
Processed 68470/251223 SSURGO points...
Processed 68480/251223 SSURGO points...
Processed 68490/251223 SSURGO points...
Processed 68500/251223 SSURGO points...
Processed 68510/251223 SSURGO points...
Processed 68520/251223 SSURGO points...
Processed 68530/251223 SSURGO points...
Processed 68540/251223 SSURGO points...
Processed 68550/251223 SSURGO points...
Processed 68560/251223 SSURGO points...
Processed 68570/251223 SSURGO points...
Processed 68580/251223 SSURGO points...
Processed 68590/251223 SSURGO points...
Processed 68600/251223 SSURGO points...
Processed 68610/251223 SSURGO points...
Processed 68620/251223 SSURGO points...
Processed 68630/251223 SSURGO points...
Processed 68640/251223 SSURGO points...
Processed 68650/251223 SSURGO points...
Processed 68660/251223 SSURGO points...
Processed 68670/251223 SSURGO points...
Processed 68680/251223 SSURGO points...
Processed 68690/251223 SSURGO points...
Processed 68700/251223 SSURGO points...
Processed 68710/251223 SSURGO points...
Processed 68720/251223 SSURGO points...
Processed 68730/251223 SSURGO points...
Processed 68740/251223 SSURGO points...
Processed 68750/251223 SSURGO points...
Processed 68760/251223 SSURGO points...
Processed 68770/251223 SSURGO points...
Processed 68780/251223 SSURGO points...
Processed 68790/251223 SSURGO points...
Processed 68800/251223 SSURGO points...
Processed 68810/251223 SSURGO points...
Processed 68820/251223 SSURGO points...
Processed 68830/251223 SSURGO points...
Processed 68840/251223 SSURGO points...
Processed 68850/251223 SSURGO points...
Processed 68860/251223 SSURGO points...
Processed 68870/251223 SSURGO points...
Processed 68880/251223 SSURGO points...
Processed 68890/251223 SSURGO points...
Processed 68900/251223 SSURGO points...
Processed 68910/251223 SSURGO points...
Processed 68920/251223 SSURGO points...
Processed 68930/251223 SSURGO points...
Processed 68940/251223 SSURGO points...
Processed 68950/251223 SSURGO points...
Processed 68960/251223 SSURGO points...
Processed 68970/251223 SSURGO points...
Processed 68980/251223 SSURGO points...
Processed 68990/251223 SSURGO points...
Processed 69000/251223 SSURGO points...
Processed 69010/251223 SSURGO points...
Processed 69020/251223 SSURGO points...
Processed 69030/251223 SSURGO points...
Processed 69040/251223 SSURGO points...
Processed 69050/251223 SSURGO points...
Processed 69060/251223 SSURGO points...
Processed 69070/251223 SSURGO points...
Processed 69080/251223 SSURGO points...
Processed 69090/251223 SSURGO points...
Processed 69100/251223 SSURGO points...
Processed 69110/251223 SSURGO points...
Processed 69120/251223 SSURGO points...
Processed 69130/251223 SSURGO points...
Processed 69140/251223 SSURGO points...
Processed 69150/251223 SSURGO points...
Processed 69160/251223 SSURGO points...
Processed 69170/251223 SSURGO points...
Processed 69180/251223 SSURGO points...
Processed 69190/251223 SSURGO points...
Processed 69200/251223 SSURGO points...
Processed 69210/251223 SSURGO points...
Processed 69220/251223 SSURGO points...
Processed 69230/251223 SSURGO points...
Processed 69240/251223 SSURGO points...
Processed 69250/251223 SSURGO points...
Processed 69260/251223 SSURGO points...
Processed 69270/251223 SSURGO points...
Processed 69280/251223 SSURGO points...
Processed 69290/251223 SSURGO points...
Processed 69300/251223 SSURGO points...
Processed 69310/251223 SSURGO points...
Processed 69320/251223 SSURGO points...
Processed 69330/251223 SSURGO points...
Processed 69340/251223 SSURGO points...
Processed 69350/251223 SSURGO points...
Processed 69360/251223 SSURGO points...
Processed 69370/251223 SSURGO points...
Processed 69380/251223 SSURGO points...
Processed 69390/251223 SSURGO points...
Processed 69400/251223 SSURGO points...
Processed 69410/251223 SSURGO points...
Processed 69420/251223 SSURGO points...
Processed 69430/251223 SSURGO points...
Processed 69440/251223 SSURGO points...
Processed 69450/251223 SSURGO points...
Processed 69460/251223 SSURGO points...
Processed 69470/251223 SSURGO points...
Processed 69480/251223 SSURGO points...
Processed 69490/251223 SSURGO points...
Processed 69500/251223 SSURGO points...
Processed 69510/251223 SSURGO points...
Processed 69520/251223 SSURGO points...
Processed 69530/251223 SSURGO points...
Processed 69540/251223 SSURGO points...
Processed 69550/251223 SSURGO points...
Processed 69560/251223 SSURGO points...
Processed 69570/251223 SSURGO points...
Processed 69580/251223 SSURGO points...
Processed 69590/251223 SSURGO points...
Processed 69600/251223 SSURGO points...
Processed 69610/251223 SSURGO points...
Processed 69620/251223 SSURGO points...
Processed 69630/251223 SSURGO points...
Processed 69640/251223 SSURGO points...
Processed 69650/251223 SSURGO points...
Processed 69660/251223 SSURGO points...
Processed 69670/251223 SSURGO points...
Processed 69680/251223 SSURGO points...
Processed 69690/251223 SSURGO points...
Processed 69700/251223 SSURGO points...
Processed 69710/251223 SSURGO points...
Processed 69720/251223 SSURGO points...
Processed 69730/251223 SSURGO points...
Processed 69740/251223 SSURGO points...
Processed 69750/251223 SSURGO points...
Processed 69760/251223 SSURGO points...
Processed 69770/251223 SSURGO points...
Processed 69780/251223 SSURGO points...
Processed 69790/251223 SSURGO points...
Processed 69800/251223 SSURGO points...
Processed 69810/251223 SSURGO points...
Processed 69820/251223 SSURGO points...
Processed 69830/251223 SSURGO points...
Processed 69840/251223 SSURGO points...
Processed 69850/251223 SSURGO points...
Processed 69860/251223 SSURGO points...
Processed 69870/251223 SSURGO points...
Processed 69880/251223 SSURGO points...
Processed 69890/251223 SSURGO points...
Processed 69900/251223 SSURGO points...
Processed 69910/251223 SSURGO points...
Processed 69920/251223 SSURGO points...
Processed 69930/251223 SSURGO points...
Processed 69940/251223 SSURGO points...
Processed 69950/251223 SSURGO points...
Processed 69960/251223 SSURGO points...
Processed 69970/251223 SSURGO points...
Processed 69980/251223 SSURGO points...
Processed 69990/251223 SSURGO points...
Processed 70000/251223 SSURGO points...
Processed 70010/251223 SSURGO points...
Processed 70020/251223 SSURGO points...
Processed 70030/251223 SSURGO points...
Processed 70040/251223 SSURGO points...
Processed 70050/251223 SSURGO points...
Processed 70060/251223 SSURGO points...
Processed 70070/251223 SSURGO points...
Processed 70080/251223 SSURGO points...
Processed 70090/251223 SSURGO points...
Processed 70100/251223 SSURGO points...
Processed 70110/251223 SSURGO points...
Processed 70120/251223 SSURGO points...
Processed 70130/251223 SSURGO points...
Processed 70140/251223 SSURGO points...
Processed 70150/251223 SSURGO points...
Processed 70160/251223 SSURGO points...
Processed 70170/251223 SSURGO points...
Processed 70180/251223 SSURGO points...
Processed 70190/251223 SSURGO points...
Processed 70200/251223 SSURGO points...
Processed 70210/251223 SSURGO points...
Processed 70220/251223 SSURGO points...
Processed 70230/251223 SSURGO points...
Processed 70240/251223 SSURGO points...
Processed 70250/251223 SSURGO points...
Processed 70260/251223 SSURGO points...
Processed 70270/251223 SSURGO points...
Processed 70280/251223 SSURGO points...
Processed 70290/251223 SSURGO points...
Processed 70300/251223 SSURGO points...
Processed 70310/251223 SSURGO points...
Processed 70320/251223 SSURGO points...
Processed 70330/251223 SSURGO points...
Processed 70340/251223 SSURGO points...
Processed 70350/251223 SSURGO points...
Processed 70360/251223 SSURGO points...
Processed 70370/251223 SSURGO points...
Processed 70380/251223 SSURGO points...
Processed 70390/251223 SSURGO points...
Processed 70400/251223 SSURGO points...
Processed 70410/251223 SSURGO points...
Processed 70420/251223 SSURGO points...
Processed 70430/251223 SSURGO points...
Processed 70440/251223 SSURGO points...
Processed 70450/251223 SSURGO points...
Processed 70460/251223 SSURGO points...
Processed 70470/251223 SSURGO points...
Processed 70480/251223 SSURGO points...
Processed 70490/251223 SSURGO points...
Processed 70500/251223 SSURGO points...
Processed 70510/251223 SSURGO points...
Processed 70520/251223 SSURGO points...
Processed 70530/251223 SSURGO points...
Processed 70540/251223 SSURGO points...
Processed 70550/251223 SSURGO points...
Processed 70560/251223 SSURGO points...
Processed 70570/251223 SSURGO points...
Processed 70580/251223 SSURGO points...
Processed 70590/251223 SSURGO points...
Processed 70600/251223 SSURGO points...
Processed 70610/251223 SSURGO points...
Processed 70620/251223 SSURGO points...
Processed 70630/251223 SSURGO points...
Processed 70640/251223 SSURGO points...
Processed 70650/251223 SSURGO points...
Processed 70660/251223 SSURGO points...
Processed 70670/251223 SSURGO points...
Processed 70680/251223 SSURGO points...
Processed 70690/251223 SSURGO points...
Processed 70700/251223 SSURGO points...
Processed 70710/251223 SSURGO points...
Processed 70720/251223 SSURGO points...
Processed 70730/251223 SSURGO points...
Processed 70740/251223 SSURGO points...
Processed 70750/251223 SSURGO points...
Processed 70760/251223 SSURGO points...
Processed 70770/251223 SSURGO points...
Processed 70780/251223 SSURGO points...
Processed 70790/251223 SSURGO points...
Processed 70800/251223 SSURGO points...
Processed 70810/251223 SSURGO points...
Processed 70820/251223 SSURGO points...
Processed 70830/251223 SSURGO points...
Processed 70840/251223 SSURGO points...
Processed 70850/251223 SSURGO points...
Processed 70860/251223 SSURGO points...
Processed 70870/251223 SSURGO points...
Processed 70880/251223 SSURGO points...
Processed 70890/251223 SSURGO points...
Processed 70900/251223 SSURGO points...
Processed 70910/251223 SSURGO points...
Processed 70920/251223 SSURGO points...
Processed 70930/251223 SSURGO points...
Processed 70940/251223 SSURGO points...
Processed 70950/251223 SSURGO points...
Processed 70960/251223 SSURGO points...
Processed 70970/251223 SSURGO points...
Processed 70980/251223 SSURGO points...
Processed 70990/251223 SSURGO points...
Processed 71000/251223 SSURGO points...
Processed 71010/251223 SSURGO points...
Processed 71020/251223 SSURGO points...
Processed 71030/251223 SSURGO points...
Processed 71040/251223 SSURGO points...
Processed 71050/251223 SSURGO points...
Processed 71060/251223 SSURGO points...
Processed 71070/251223 SSURGO points...
Processed 71080/251223 SSURGO points...
Processed 71090/251223 SSURGO points...
Processed 71100/251223 SSURGO points...
Processed 71110/251223 SSURGO points...
Processed 71120/251223 SSURGO points...
Processed 71130/251223 SSURGO points...
Processed 71140/251223 SSURGO points...
Processed 71150/251223 SSURGO points...
Processed 71160/251223 SSURGO points...
Processed 71170/251223 SSURGO points...
Processed 71180/251223 SSURGO points...
Processed 71190/251223 SSURGO points...
Processed 71200/251223 SSURGO points...
Processed 71210/251223 SSURGO points...
Processed 71220/251223 SSURGO points...
Processed 71230/251223 SSURGO points...
Processed 71240/251223 SSURGO points...
Processed 71250/251223 SSURGO points...
Processed 71260/251223 SSURGO points...
Processed 71270/251223 SSURGO points...
Processed 71280/251223 SSURGO points...
Processed 71290/251223 SSURGO points...
Processed 71300/251223 SSURGO points...
Processed 71310/251223 SSURGO points...
Processed 71320/251223 SSURGO points...
Processed 71330/251223 SSURGO points...
Processed 71340/251223 SSURGO points...
Processed 71350/251223 SSURGO points...
Processed 71360/251223 SSURGO points...
Processed 71370/251223 SSURGO points...
Processed 71380/251223 SSURGO points...
Processed 71390/251223 SSURGO points...
Processed 71400/251223 SSURGO points...
Processed 71410/251223 SSURGO points...
Processed 71420/251223 SSURGO points...
Processed 71430/251223 SSURGO points...
Processed 71440/251223 SSURGO points...
Processed 71450/251223 SSURGO points...
Processed 71460/251223 SSURGO points...
Processed 71470/251223 SSURGO points...
Processed 71480/251223 SSURGO points...
Processed 71490/251223 SSURGO points...
Processed 71500/251223 SSURGO points...
Processed 71510/251223 SSURGO points...
Processed 71520/251223 SSURGO points...
Processed 71530/251223 SSURGO points...
Processed 71540/251223 SSURGO points...
Processed 71550/251223 SSURGO points...
Processed 71560/251223 SSURGO points...
Processed 71570/251223 SSURGO points...
Processed 71580/251223 SSURGO points...
Processed 71590/251223 SSURGO points...
Processed 71600/251223 SSURGO points...
Processed 71610/251223 SSURGO points...
Processed 71620/251223 SSURGO points...
Processed 71630/251223 SSURGO points...
Processed 71640/251223 SSURGO points...
Processed 71650/251223 SSURGO points...
Processed 71660/251223 SSURGO points...
Processed 71670/251223 SSURGO points...
Processed 71680/251223 SSURGO points...
Processed 71690/251223 SSURGO points...
Processed 71700/251223 SSURGO points...
Processed 71710/251223 SSURGO points...
Processed 71720/251223 SSURGO points...
Processed 71730/251223 SSURGO points...
Processed 71740/251223 SSURGO points...
Processed 71750/251223 SSURGO points...
Processed 71760/251223 SSURGO points...
Processed 71770/251223 SSURGO points...
Processed 71780/251223 SSURGO points...
Processed 71790/251223 SSURGO points...
Processed 71800/251223 SSURGO points...
Processed 71810/251223 SSURGO points...
Processed 71820/251223 SSURGO points...
Processed 71830/251223 SSURGO points...
Processed 71840/251223 SSURGO points...
Processed 71850/251223 SSURGO points...
Processed 71860/251223 SSURGO points...
Processed 71870/251223 SSURGO points...
Processed 71880/251223 SSURGO points...
Processed 71890/251223 SSURGO points...
Processed 71900/251223 SSURGO points...
Processed 71910/251223 SSURGO points...
Processed 71920/251223 SSURGO points...
Processed 71930/251223 SSURGO points...
Processed 71940/251223 SSURGO points...
Processed 71950/251223 SSURGO points...
Processed 71960/251223 SSURGO points...
Processed 71970/251223 SSURGO points...
Processed 71980/251223 SSURGO points...
Processed 71990/251223 SSURGO points...
Processed 72000/251223 SSURGO points...
Processed 72010/251223 SSURGO points...
Processed 72020/251223 SSURGO points...
Processed 72030/251223 SSURGO points...
Processed 72040/251223 SSURGO points...
Processed 72050/251223 SSURGO points...
Processed 72060/251223 SSURGO points...
Processed 72070/251223 SSURGO points...
Processed 72080/251223 SSURGO points...
Processed 72090/251223 SSURGO points...
Processed 72100/251223 SSURGO points...
Processed 72110/251223 SSURGO points...
Processed 72120/251223 SSURGO points...
Processed 72130/251223 SSURGO points...
Processed 72140/251223 SSURGO points...
Processed 72150/251223 SSURGO points...
Processed 72160/251223 SSURGO points...
Processed 72170/251223 SSURGO points...
Processed 72180/251223 SSURGO points...
Processed 72190/251223 SSURGO points...
Processed 72200/251223 SSURGO points...
Processed 72210/251223 SSURGO points...
Processed 72220/251223 SSURGO points...
Processed 72230/251223 SSURGO points...
Processed 72240/251223 SSURGO points...
Processed 72250/251223 SSURGO points...
Processed 72260/251223 SSURGO points...
Processed 72270/251223 SSURGO points...
Processed 72280/251223 SSURGO points...
Processed 72290/251223 SSURGO points...
Processed 72300/251223 SSURGO points...
Processed 72310/251223 SSURGO points...
Processed 72320/251223 SSURGO points...
Processed 72330/251223 SSURGO points...
Processed 72340/251223 SSURGO points...
Processed 72350/251223 SSURGO points...
Processed 72360/251223 SSURGO points...
Processed 72370/251223 SSURGO points...
Processed 72380/251223 SSURGO points...
Processed 72390/251223 SSURGO points...
Processed 72400/251223 SSURGO points...
Processed 72410/251223 SSURGO points...
Processed 72420/251223 SSURGO points...
Processed 72430/251223 SSURGO points...
Processed 72440/251223 SSURGO points...
Processed 72450/251223 SSURGO points...
Processed 72460/251223 SSURGO points...
Processed 72470/251223 SSURGO points...
Processed 72480/251223 SSURGO points...
Processed 72490/251223 SSURGO points...
Processed 72500/251223 SSURGO points...
Processed 72510/251223 SSURGO points...
Processed 72520/251223 SSURGO points...
Processed 72530/251223 SSURGO points...
Processed 72540/251223 SSURGO points...
Processed 72550/251223 SSURGO points...
Processed 72560/251223 SSURGO points...
Processed 72570/251223 SSURGO points...
Processed 72580/251223 SSURGO points...
Processed 72590/251223 SSURGO points...
Processed 72600/251223 SSURGO points...
Processed 72610/251223 SSURGO points...
Processed 72620/251223 SSURGO points...
Processed 72630/251223 SSURGO points...
Processed 72640/251223 SSURGO points...
Processed 72650/251223 SSURGO points...
Processed 72660/251223 SSURGO points...
Processed 72670/251223 SSURGO points...
Processed 72680/251223 SSURGO points...
Processed 72690/251223 SSURGO points...
Processed 72700/251223 SSURGO points...
Processed 72710/251223 SSURGO points...
Processed 72720/251223 SSURGO points...
Processed 72730/251223 SSURGO points...
Processed 72740/251223 SSURGO points...
Processed 72750/251223 SSURGO points...
Processed 72760/251223 SSURGO points...
Processed 72770/251223 SSURGO points...
Processed 72780/251223 SSURGO points...
Processed 72790/251223 SSURGO points...
Processed 72800/251223 SSURGO points...
Processed 72810/251223 SSURGO points...
Processed 72820/251223 SSURGO points...
Processed 72830/251223 SSURGO points...
Processed 72840/251223 SSURGO points...
Processed 72850/251223 SSURGO points...
Processed 72860/251223 SSURGO points...
Processed 72870/251223 SSURGO points...
Processed 72880/251223 SSURGO points...
Processed 72890/251223 SSURGO points...
Processed 72900/251223 SSURGO points...
Processed 72910/251223 SSURGO points...
Processed 72920/251223 SSURGO points...
Processed 72930/251223 SSURGO points...
Processed 72940/251223 SSURGO points...
Processed 72950/251223 SSURGO points...
Processed 72960/251223 SSURGO points...
Processed 72970/251223 SSURGO points...
Processed 72980/251223 SSURGO points...
Processed 72990/251223 SSURGO points...
Processed 73000/251223 SSURGO points...
Processed 73010/251223 SSURGO points...
Processed 73020/251223 SSURGO points...
Processed 73030/251223 SSURGO points...
Processed 73040/251223 SSURGO points...
Processed 73050/251223 SSURGO points...
Processed 73060/251223 SSURGO points...
Processed 73070/251223 SSURGO points...
Processed 73080/251223 SSURGO points...
Processed 73090/251223 SSURGO points...
Processed 73100/251223 SSURGO points...
Processed 73110/251223 SSURGO points...
Processed 73120/251223 SSURGO points...
Processed 73130/251223 SSURGO points...
Processed 73140/251223 SSURGO points...
Processed 73150/251223 SSURGO points...
Processed 73160/251223 SSURGO points...
Processed 73170/251223 SSURGO points...
Processed 73180/251223 SSURGO points...
Processed 73190/251223 SSURGO points...
Processed 73200/251223 SSURGO points...
Processed 73210/251223 SSURGO points...
Processed 73220/251223 SSURGO points...
Processed 73230/251223 SSURGO points...
Processed 73240/251223 SSURGO points...
Processed 73250/251223 SSURGO points...
Processed 73260/251223 SSURGO points...
Processed 73270/251223 SSURGO points...
Processed 73280/251223 SSURGO points...
Processed 73290/251223 SSURGO points...
Processed 73300/251223 SSURGO points...
Processed 73310/251223 SSURGO points...
Processed 73320/251223 SSURGO points...
Processed 73330/251223 SSURGO points...
Processed 73340/251223 SSURGO points...
Processed 73350/251223 SSURGO points...
Processed 73360/251223 SSURGO points...
Processed 73370/251223 SSURGO points...
Processed 73380/251223 SSURGO points...
Processed 73390/251223 SSURGO points...
Processed 73400/251223 SSURGO points...
Processed 73410/251223 SSURGO points...
Processed 73420/251223 SSURGO points...
Processed 73430/251223 SSURGO points...
Processed 73440/251223 SSURGO points...
Processed 73450/251223 SSURGO points...
Processed 73460/251223 SSURGO points...
Processed 73470/251223 SSURGO points...
Processed 73480/251223 SSURGO points...
Processed 73490/251223 SSURGO points...
Processed 73500/251223 SSURGO points...
Processed 73510/251223 SSURGO points...
Processed 73520/251223 SSURGO points...
Processed 73530/251223 SSURGO points...
Processed 73540/251223 SSURGO points...
Processed 73550/251223 SSURGO points...
Processed 73560/251223 SSURGO points...
Processed 73570/251223 SSURGO points...
Processed 73580/251223 SSURGO points...
Processed 73590/251223 SSURGO points...
Processed 73600/251223 SSURGO points...
Processed 73610/251223 SSURGO points...
Processed 73620/251223 SSURGO points...
Processed 73630/251223 SSURGO points...
Processed 73640/251223 SSURGO points...
Processed 73650/251223 SSURGO points...
Processed 73660/251223 SSURGO points...
Processed 73670/251223 SSURGO points...
Processed 73680/251223 SSURGO points...
Processed 73690/251223 SSURGO points...
Processed 73700/251223 SSURGO points...
Processed 73710/251223 SSURGO points...
Processed 73720/251223 SSURGO points...
Processed 73730/251223 SSURGO points...
Processed 73740/251223 SSURGO points...
Processed 73750/251223 SSURGO points...
Processed 73760/251223 SSURGO points...
Processed 73770/251223 SSURGO points...
Processed 73780/251223 SSURGO points...
Processed 73790/251223 SSURGO points...
Processed 73800/251223 SSURGO points...
Processed 73810/251223 SSURGO points...
Processed 73820/251223 SSURGO points...
Processed 73830/251223 SSURGO points...
Processed 73840/251223 SSURGO points...
Processed 73850/251223 SSURGO points...
Processed 73860/251223 SSURGO points...
Processed 73870/251223 SSURGO points...
Processed 73880/251223 SSURGO points...
Processed 73890/251223 SSURGO points...
Processed 73900/251223 SSURGO points...
Processed 73910/251223 SSURGO points...
Processed 73920/251223 SSURGO points...
Processed 73930/251223 SSURGO points...
Processed 73940/251223 SSURGO points...
Processed 73950/251223 SSURGO points...
Processed 73960/251223 SSURGO points...
Processed 73970/251223 SSURGO points...
Processed 73980/251223 SSURGO points...
Processed 73990/251223 SSURGO points...
Processed 74000/251223 SSURGO points...
Processed 74010/251223 SSURGO points...
Processed 74020/251223 SSURGO points...
Processed 74030/251223 SSURGO points...
Processed 74040/251223 SSURGO points...
Processed 74050/251223 SSURGO points...
Processed 74060/251223 SSURGO points...
Processed 74070/251223 SSURGO points...
Processed 74080/251223 SSURGO points...
Processed 74090/251223 SSURGO points...
Processed 74100/251223 SSURGO points...
Processed 74110/251223 SSURGO points...
Processed 74120/251223 SSURGO points...
Processed 74130/251223 SSURGO points...
Processed 74140/251223 SSURGO points...
Processed 74150/251223 SSURGO points...
Processed 74160/251223 SSURGO points...
Processed 74170/251223 SSURGO points...
Processed 74180/251223 SSURGO points...
Processed 74190/251223 SSURGO points...
Processed 74200/251223 SSURGO points...
Processed 74210/251223 SSURGO points...
Processed 74220/251223 SSURGO points...
Processed 74230/251223 SSURGO points...
Processed 74240/251223 SSURGO points...
Processed 74250/251223 SSURGO points...
Processed 74260/251223 SSURGO points...
Processed 74270/251223 SSURGO points...
Processed 74280/251223 SSURGO points...
Processed 74290/251223 SSURGO points...
Processed 74300/251223 SSURGO points...
Processed 74310/251223 SSURGO points...
Processed 74320/251223 SSURGO points...
Processed 74330/251223 SSURGO points...
Processed 74340/251223 SSURGO points...
Processed 74350/251223 SSURGO points...
Processed 74360/251223 SSURGO points...
Processed 74370/251223 SSURGO points...
Processed 74380/251223 SSURGO points...
Processed 74390/251223 SSURGO points...
Processed 74400/251223 SSURGO points...
Processed 74410/251223 SSURGO points...
Processed 74420/251223 SSURGO points...
Processed 74430/251223 SSURGO points...
Processed 74440/251223 SSURGO points...
Processed 74450/251223 SSURGO points...
Processed 74460/251223 SSURGO points...
Processed 74470/251223 SSURGO points...
Processed 74480/251223 SSURGO points...
Processed 74490/251223 SSURGO points...
Processed 74500/251223 SSURGO points...
Processed 74510/251223 SSURGO points...
Processed 74520/251223 SSURGO points...
Processed 74530/251223 SSURGO points...
Processed 74540/251223 SSURGO points...
Processed 74550/251223 SSURGO points...
Processed 74560/251223 SSURGO points...
Processed 74570/251223 SSURGO points...
Processed 74580/251223 SSURGO points...
Processed 74590/251223 SSURGO points...
Processed 74600/251223 SSURGO points...
Processed 74610/251223 SSURGO points...
Processed 74620/251223 SSURGO points...
Processed 74630/251223 SSURGO points...
Processed 74640/251223 SSURGO points...
Processed 74650/251223 SSURGO points...
Processed 74660/251223 SSURGO points...
Processed 74670/251223 SSURGO points...
Processed 74680/251223 SSURGO points...
Processed 74690/251223 SSURGO points...
Processed 74700/251223 SSURGO points...
Processed 74710/251223 SSURGO points...
Processed 74720/251223 SSURGO points...
Processed 74730/251223 SSURGO points...
Processed 74740/251223 SSURGO points...
Processed 74750/251223 SSURGO points...
Processed 74760/251223 SSURGO points...
Processed 74770/251223 SSURGO points...
Processed 74780/251223 SSURGO points...
Processed 74790/251223 SSURGO points...
Processed 74800/251223 SSURGO points...
Processed 74810/251223 SSURGO points...
Processed 74820/251223 SSURGO points...
Processed 74830/251223 SSURGO points...
Processed 74840/251223 SSURGO points...
Processed 74850/251223 SSURGO points...
Processed 74860/251223 SSURGO points...
Processed 74870/251223 SSURGO points...
Processed 74880/251223 SSURGO points...
Processed 74890/251223 SSURGO points...
Processed 74900/251223 SSURGO points...
Processed 74910/251223 SSURGO points...
Processed 74920/251223 SSURGO points...
Processed 74930/251223 SSURGO points...
Processed 74940/251223 SSURGO points...
Processed 74950/251223 SSURGO points...
Processed 74960/251223 SSURGO points...
Processed 74970/251223 SSURGO points...
Processed 74980/251223 SSURGO points...
Processed 74990/251223 SSURGO points...
Processed 75000/251223 SSURGO points...
Processed 75010/251223 SSURGO points...
Processed 75020/251223 SSURGO points...
Processed 75030/251223 SSURGO points...
Processed 75040/251223 SSURGO points...
Processed 75050/251223 SSURGO points...
Processed 75060/251223 SSURGO points...
Processed 75070/251223 SSURGO points...
Processed 75080/251223 SSURGO points...
Processed 75090/251223 SSURGO points...
Processed 75100/251223 SSURGO points...
Processed 75110/251223 SSURGO points...
Processed 75120/251223 SSURGO points...
Processed 75130/251223 SSURGO points...
Processed 75140/251223 SSURGO points...
Processed 75150/251223 SSURGO points...
Processed 75160/251223 SSURGO points...
Processed 75170/251223 SSURGO points...
Processed 75180/251223 SSURGO points...
Processed 75190/251223 SSURGO points...
Processed 75200/251223 SSURGO points...
Processed 75210/251223 SSURGO points...
Processed 75220/251223 SSURGO points...
Processed 75230/251223 SSURGO points...
Processed 75240/251223 SSURGO points...
Processed 75250/251223 SSURGO points...
Processed 75260/251223 SSURGO points...
Processed 75270/251223 SSURGO points...
Processed 75280/251223 SSURGO points...
Processed 75290/251223 SSURGO points...
Processed 75300/251223 SSURGO points...
Processed 75310/251223 SSURGO points...
Processed 75320/251223 SSURGO points...
Processed 75330/251223 SSURGO points...
Processed 75340/251223 SSURGO points...
Processed 75350/251223 SSURGO points...
Processed 75360/251223 SSURGO points...
Processed 75370/251223 SSURGO points...
Processed 75380/251223 SSURGO points...
Processed 75390/251223 SSURGO points...
Processed 75400/251223 SSURGO points...
Processed 75410/251223 SSURGO points...
Processed 75420/251223 SSURGO points...
Processed 75430/251223 SSURGO points...
Processed 75440/251223 SSURGO points...
Processed 75450/251223 SSURGO points...
Processed 75460/251223 SSURGO points...
Processed 75470/251223 SSURGO points...
Processed 75480/251223 SSURGO points...
Processed 75490/251223 SSURGO points...
Processed 75500/251223 SSURGO points...
Processed 75510/251223 SSURGO points...
Processed 75520/251223 SSURGO points...
Processed 75530/251223 SSURGO points...
Processed 75540/251223 SSURGO points...
Processed 75550/251223 SSURGO points...
Processed 75560/251223 SSURGO points...
Processed 75570/251223 SSURGO points...
Processed 75580/251223 SSURGO points...
Processed 75590/251223 SSURGO points...
Processed 75600/251223 SSURGO points...
Processed 75610/251223 SSURGO points...
Processed 75620/251223 SSURGO points...
Processed 75630/251223 SSURGO points...
Processed 75640/251223 SSURGO points...
Processed 75650/251223 SSURGO points...
Processed 75660/251223 SSURGO points...
Processed 75670/251223 SSURGO points...
Processed 75680/251223 SSURGO points...
Processed 75690/251223 SSURGO points...
Processed 75700/251223 SSURGO points...
Processed 75710/251223 SSURGO points...
Processed 75720/251223 SSURGO points...
Processed 75730/251223 SSURGO points...
Processed 75740/251223 SSURGO points...
Processed 75750/251223 SSURGO points...
Processed 75760/251223 SSURGO points...
Processed 75770/251223 SSURGO points...
Processed 75780/251223 SSURGO points...
Processed 75790/251223 SSURGO points...
Processed 75800/251223 SSURGO points...
Processed 75810/251223 SSURGO points...
Processed 75820/251223 SSURGO points...
Processed 75830/251223 SSURGO points...
Processed 75840/251223 SSURGO points...
Processed 75850/251223 SSURGO points...
Processed 75860/251223 SSURGO points...
Processed 75870/251223 SSURGO points...
Processed 75880/251223 SSURGO points...
Processed 75890/251223 SSURGO points...
Processed 75900/251223 SSURGO points...
Processed 75910/251223 SSURGO points...
Processed 75920/251223 SSURGO points...
Processed 75930/251223 SSURGO points...
Processed 75940/251223 SSURGO points...
Processed 75950/251223 SSURGO points...
Processed 75960/251223 SSURGO points...
Processed 75970/251223 SSURGO points...
Processed 75980/251223 SSURGO points...
Processed 75990/251223 SSURGO points...
Processed 76000/251223 SSURGO points...
Processed 76010/251223 SSURGO points...
Processed 76020/251223 SSURGO points...
Processed 76030/251223 SSURGO points...
Processed 76040/251223 SSURGO points...
Processed 76050/251223 SSURGO points...
Processed 76060/251223 SSURGO points...
Processed 76070/251223 SSURGO points...
Processed 76080/251223 SSURGO points...
Processed 76090/251223 SSURGO points...
Processed 76100/251223 SSURGO points...
Processed 76110/251223 SSURGO points...
Processed 76120/251223 SSURGO points...
Processed 76130/251223 SSURGO points...
Processed 76140/251223 SSURGO points...
Processed 76150/251223 SSURGO points...
Processed 76160/251223 SSURGO points...
Processed 76170/251223 SSURGO points...
Processed 76180/251223 SSURGO points...
Processed 76190/251223 SSURGO points...
Processed 76200/251223 SSURGO points...
Processed 76210/251223 SSURGO points...
Processed 76220/251223 SSURGO points...
Processed 76230/251223 SSURGO points...
Processed 76240/251223 SSURGO points...
Processed 76250/251223 SSURGO points...
Processed 76260/251223 SSURGO points...
Processed 76270/251223 SSURGO points...
Processed 76280/251223 SSURGO points...
Processed 76290/251223 SSURGO points...
Processed 76300/251223 SSURGO points...
Processed 76310/251223 SSURGO points...
Processed 76320/251223 SSURGO points...
Processed 76330/251223 SSURGO points...
Processed 76340/251223 SSURGO points...
Processed 76350/251223 SSURGO points...
Processed 76360/251223 SSURGO points...
Processed 76370/251223 SSURGO points...
Processed 76380/251223 SSURGO points...
Processed 76390/251223 SSURGO points...
Processed 76400/251223 SSURGO points...
Processed 76410/251223 SSURGO points...
Processed 76420/251223 SSURGO points...
Processed 76430/251223 SSURGO points...
Processed 76440/251223 SSURGO points...
Processed 76450/251223 SSURGO points...
Processed 76460/251223 SSURGO points...
Processed 76470/251223 SSURGO points...
Processed 76480/251223 SSURGO points...
Processed 76490/251223 SSURGO points...
Processed 76500/251223 SSURGO points...
Processed 76510/251223 SSURGO points...
Processed 76520/251223 SSURGO points...
Processed 76530/251223 SSURGO points...
Processed 76540/251223 SSURGO points...
Processed 76550/251223 SSURGO points...
Processed 76560/251223 SSURGO points...
Processed 76570/251223 SSURGO points...
Processed 76580/251223 SSURGO points...
Processed 76590/251223 SSURGO points...
Processed 76600/251223 SSURGO points...
Processed 76610/251223 SSURGO points...
Processed 76620/251223 SSURGO points...
Processed 76630/251223 SSURGO points...
Processed 76640/251223 SSURGO points...
Processed 76650/251223 SSURGO points...
Processed 76660/251223 SSURGO points...
Processed 76670/251223 SSURGO points...
Processed 76680/251223 SSURGO points...
Processed 76690/251223 SSURGO points...
Processed 76700/251223 SSURGO points...
Processed 76710/251223 SSURGO points...
Processed 76720/251223 SSURGO points...
Processed 76730/251223 SSURGO points...
Processed 76740/251223 SSURGO points...
Processed 76750/251223 SSURGO points...
Processed 76760/251223 SSURGO points...
Processed 76770/251223 SSURGO points...
Processed 76780/251223 SSURGO points...
Processed 76790/251223 SSURGO points...
Processed 76800/251223 SSURGO points...
Processed 76810/251223 SSURGO points...
Processed 76820/251223 SSURGO points...
Processed 76830/251223 SSURGO points...
Processed 76840/251223 SSURGO points...
Processed 76850/251223 SSURGO points...
Processed 76860/251223 SSURGO points...
Processed 76870/251223 SSURGO points...
Processed 76880/251223 SSURGO points...
Processed 76890/251223 SSURGO points...
Processed 76900/251223 SSURGO points...
Processed 76910/251223 SSURGO points...
Processed 76920/251223 SSURGO points...
Processed 76930/251223 SSURGO points...
Processed 76940/251223 SSURGO points...
Processed 76950/251223 SSURGO points...
Processed 76960/251223 SSURGO points...
Processed 76970/251223 SSURGO points...
Processed 76980/251223 SSURGO points...
Processed 76990/251223 SSURGO points...
Processed 77000/251223 SSURGO points...
Processed 77010/251223 SSURGO points...
Processed 77020/251223 SSURGO points...
Processed 77030/251223 SSURGO points...
Processed 77040/251223 SSURGO points...
Processed 77050/251223 SSURGO points...
Processed 77060/251223 SSURGO points...
Processed 77070/251223 SSURGO points...
Processed 77080/251223 SSURGO points...
Processed 77090/251223 SSURGO points...
Processed 77100/251223 SSURGO points...
Processed 77110/251223 SSURGO points...
Processed 77120/251223 SSURGO points...
Processed 77130/251223 SSURGO points...
Processed 77140/251223 SSURGO points...
Processed 77150/251223 SSURGO points...
Processed 77160/251223 SSURGO points...
Processed 77170/251223 SSURGO points...
Processed 77180/251223 SSURGO points...
Processed 77190/251223 SSURGO points...
Processed 77200/251223 SSURGO points...
Processed 77210/251223 SSURGO points...
Processed 77220/251223 SSURGO points...
Processed 77230/251223 SSURGO points...
Processed 77240/251223 SSURGO points...
Processed 77250/251223 SSURGO points...
Processed 77260/251223 SSURGO points...
Processed 77270/251223 SSURGO points...
Processed 77280/251223 SSURGO points...
Processed 77290/251223 SSURGO points...
Processed 77300/251223 SSURGO points...
Processed 77310/251223 SSURGO points...
Processed 77320/251223 SSURGO points...
Processed 77330/251223 SSURGO points...
Processed 77340/251223 SSURGO points...
Processed 77350/251223 SSURGO points...
Processed 77360/251223 SSURGO points...
Processed 77370/251223 SSURGO points...
Processed 77380/251223 SSURGO points...
Processed 77390/251223 SSURGO points...
Processed 77400/251223 SSURGO points...
Processed 77410/251223 SSURGO points...
Processed 77420/251223 SSURGO points...
Processed 77430/251223 SSURGO points...
Processed 77440/251223 SSURGO points...
Processed 77450/251223 SSURGO points...
Processed 77460/251223 SSURGO points...
Processed 77470/251223 SSURGO points...
Processed 77480/251223 SSURGO points...
Processed 77490/251223 SSURGO points...
Processed 77500/251223 SSURGO points...
Processed 77510/251223 SSURGO points...
Processed 77520/251223 SSURGO points...
Processed 77530/251223 SSURGO points...
Processed 77540/251223 SSURGO points...
Processed 77550/251223 SSURGO points...
Processed 77560/251223 SSURGO points...
Processed 77570/251223 SSURGO points...
Processed 77580/251223 SSURGO points...
Processed 77590/251223 SSURGO points...
Processed 77600/251223 SSURGO points...
Processed 77610/251223 SSURGO points...
Processed 77620/251223 SSURGO points...
Processed 77630/251223 SSURGO points...
Processed 77640/251223 SSURGO points...
Processed 77650/251223 SSURGO points...
Processed 77660/251223 SSURGO points...
Processed 77670/251223 SSURGO points...
Processed 77680/251223 SSURGO points...
Processed 77690/251223 SSURGO points...
Processed 77700/251223 SSURGO points...
Processed 77710/251223 SSURGO points...
Processed 77720/251223 SSURGO points...
Processed 77730/251223 SSURGO points...
Processed 77740/251223 SSURGO points...
Processed 77750/251223 SSURGO points...
Processed 77760/251223 SSURGO points...
Processed 77770/251223 SSURGO points...
Processed 77780/251223 SSURGO points...
Processed 77790/251223 SSURGO points...
Processed 77800/251223 SSURGO points...
Processed 77810/251223 SSURGO points...
Processed 77820/251223 SSURGO points...
Processed 77830/251223 SSURGO points...
Processed 77840/251223 SSURGO points...
Processed 77850/251223 SSURGO points...
Processed 77860/251223 SSURGO points...
Processed 77870/251223 SSURGO points...
Processed 77880/251223 SSURGO points...
Processed 77890/251223 SSURGO points...
Processed 77900/251223 SSURGO points...
Processed 77910/251223 SSURGO points...
Processed 77920/251223 SSURGO points...
Processed 77930/251223 SSURGO points...
Processed 77940/251223 SSURGO points...
Processed 77950/251223 SSURGO points...
Processed 77960/251223 SSURGO points...
Processed 77970/251223 SSURGO points...
Processed 77980/251223 SSURGO points...
Processed 77990/251223 SSURGO points...
Processed 78000/251223 SSURGO points...
Processed 78010/251223 SSURGO points...
Processed 78020/251223 SSURGO points...
Processed 78030/251223 SSURGO points...
Processed 78040/251223 SSURGO points...
Processed 78050/251223 SSURGO points...
Processed 78060/251223 SSURGO points...
Processed 78070/251223 SSURGO points...
Processed 78080/251223 SSURGO points...
Processed 78090/251223 SSURGO points...
Processed 78100/251223 SSURGO points...
Processed 78110/251223 SSURGO points...
Processed 78120/251223 SSURGO points...
Processed 78130/251223 SSURGO points...
Processed 78140/251223 SSURGO points...
Processed 78150/251223 SSURGO points...
Processed 78160/251223 SSURGO points...
Processed 78170/251223 SSURGO points...
Processed 78180/251223 SSURGO points...
Processed 78190/251223 SSURGO points...
Processed 78200/251223 SSURGO points...
Processed 78210/251223 SSURGO points...
Processed 78220/251223 SSURGO points...
Processed 78230/251223 SSURGO points...
Processed 78240/251223 SSURGO points...
Processed 78250/251223 SSURGO points...
Processed 78260/251223 SSURGO points...
Processed 78270/251223 SSURGO points...
Processed 78280/251223 SSURGO points...
Processed 78290/251223 SSURGO points...
Processed 78300/251223 SSURGO points...
Processed 78310/251223 SSURGO points...
Processed 78320/251223 SSURGO points...
Processed 78330/251223 SSURGO points...
Processed 78340/251223 SSURGO points...
Processed 78350/251223 SSURGO points...
Processed 78360/251223 SSURGO points...
Processed 78370/251223 SSURGO points...
Processed 78380/251223 SSURGO points...
Processed 78390/251223 SSURGO points...
Processed 78400/251223 SSURGO points...
Processed 78410/251223 SSURGO points...
Processed 78420/251223 SSURGO points...
Processed 78430/251223 SSURGO points...
Processed 78440/251223 SSURGO points...
Processed 78450/251223 SSURGO points...
Processed 78460/251223 SSURGO points...
Processed 78470/251223 SSURGO points...
Processed 78480/251223 SSURGO points...
Processed 78490/251223 SSURGO points...
Processed 78500/251223 SSURGO points...
Processed 78510/251223 SSURGO points...
Processed 78520/251223 SSURGO points...
Processed 78530/251223 SSURGO points...
Processed 78540/251223 SSURGO points...
Processed 78550/251223 SSURGO points...
Processed 78560/251223 SSURGO points...
Processed 78570/251223 SSURGO points...
Processed 78580/251223 SSURGO points...
Processed 78590/251223 SSURGO points...
Processed 78600/251223 SSURGO points...
Processed 78610/251223 SSURGO points...
Processed 78620/251223 SSURGO points...
Processed 78630/251223 SSURGO points...
Processed 78640/251223 SSURGO points...
Processed 78650/251223 SSURGO points...
Processed 78660/251223 SSURGO points...
Processed 78670/251223 SSURGO points...
Processed 78680/251223 SSURGO points...
Processed 78690/251223 SSURGO points...
Processed 78700/251223 SSURGO points...
Processed 78710/251223 SSURGO points...
Processed 78720/251223 SSURGO points...
Processed 78730/251223 SSURGO points...
Processed 78740/251223 SSURGO points...
Processed 78750/251223 SSURGO points...
Processed 78760/251223 SSURGO points...
Processed 78770/251223 SSURGO points...
Processed 78780/251223 SSURGO points...
Processed 78790/251223 SSURGO points...
Processed 78800/251223 SSURGO points...
Processed 78810/251223 SSURGO points...
Processed 78820/251223 SSURGO points...
Processed 78830/251223 SSURGO points...
Processed 78840/251223 SSURGO points...
Processed 78850/251223 SSURGO points...
Processed 78860/251223 SSURGO points...
Processed 78870/251223 SSURGO points...
Processed 78880/251223 SSURGO points...
Processed 78890/251223 SSURGO points...
Processed 78900/251223 SSURGO points...
Processed 78910/251223 SSURGO points...
Processed 78920/251223 SSURGO points...
Processed 78930/251223 SSURGO points...
Processed 78940/251223 SSURGO points...
Processed 78950/251223 SSURGO points...
Processed 78960/251223 SSURGO points...
Processed 78970/251223 SSURGO points...
Processed 78980/251223 SSURGO points...
Processed 78990/251223 SSURGO points...
Processed 79000/251223 SSURGO points...
Processed 79010/251223 SSURGO points...
Processed 79020/251223 SSURGO points...
Processed 79030/251223 SSURGO points...
Processed 79040/251223 SSURGO points...
Processed 79050/251223 SSURGO points...
Processed 79060/251223 SSURGO points...
Processed 79070/251223 SSURGO points...
Processed 79080/251223 SSURGO points...
Processed 79090/251223 SSURGO points...
Processed 79100/251223 SSURGO points...
Processed 79110/251223 SSURGO points...
Processed 79120/251223 SSURGO points...
Processed 79130/251223 SSURGO points...
Processed 79140/251223 SSURGO points...
Processed 79150/251223 SSURGO points...
Processed 79160/251223 SSURGO points...
Processed 79170/251223 SSURGO points...
Processed 79180/251223 SSURGO points...
Processed 79190/251223 SSURGO points...
Processed 79200/251223 SSURGO points...
Processed 79210/251223 SSURGO points...
Processed 79220/251223 SSURGO points...
Processed 79230/251223 SSURGO points...
Processed 79240/251223 SSURGO points...
Processed 79250/251223 SSURGO points...
Processed 79260/251223 SSURGO points...
Processed 79270/251223 SSURGO points...
Processed 79280/251223 SSURGO points...
Processed 79290/251223 SSURGO points...
Processed 79300/251223 SSURGO points...
Processed 79310/251223 SSURGO points...
Processed 79320/251223 SSURGO points...
Processed 79330/251223 SSURGO points...
Processed 79340/251223 SSURGO points...
Processed 79350/251223 SSURGO points...
Processed 79360/251223 SSURGO points...
Processed 79370/251223 SSURGO points...
Processed 79380/251223 SSURGO points...
Processed 79390/251223 SSURGO points...
Processed 79400/251223 SSURGO points...
Processed 79410/251223 SSURGO points...
Processed 79420/251223 SSURGO points...
Processed 79430/251223 SSURGO points...
Processed 79440/251223 SSURGO points...
Processed 79450/251223 SSURGO points...
Processed 79460/251223 SSURGO points...
Processed 79470/251223 SSURGO points...
Processed 79480/251223 SSURGO points...
Processed 79490/251223 SSURGO points...
Processed 79500/251223 SSURGO points...
Processed 79510/251223 SSURGO points...
Processed 79520/251223 SSURGO points...
Processed 79530/251223 SSURGO points...
Processed 79540/251223 SSURGO points...
Processed 79550/251223 SSURGO points...
Processed 79560/251223 SSURGO points...
Processed 79570/251223 SSURGO points...
Processed 79580/251223 SSURGO points...
Processed 79590/251223 SSURGO points...
Processed 79600/251223 SSURGO points...
Processed 79610/251223 SSURGO points...
Processed 79620/251223 SSURGO points...
Processed 79630/251223 SSURGO points...
Processed 79640/251223 SSURGO points...
Processed 79650/251223 SSURGO points...
Processed 79660/251223 SSURGO points...
Processed 79670/251223 SSURGO points...
Processed 79680/251223 SSURGO points...
Processed 79690/251223 SSURGO points...
Processed 79700/251223 SSURGO points...
Processed 79710/251223 SSURGO points...
Processed 79720/251223 SSURGO points...
Processed 79730/251223 SSURGO points...
Processed 79740/251223 SSURGO points...
Processed 79750/251223 SSURGO points...
Processed 79760/251223 SSURGO points...
Processed 79770/251223 SSURGO points...
Processed 79780/251223 SSURGO points...
Processed 79790/251223 SSURGO points...
Processed 79800/251223 SSURGO points...
Processed 79810/251223 SSURGO points...
Processed 79820/251223 SSURGO points...
Processed 79830/251223 SSURGO points...
Processed 79840/251223 SSURGO points...
Processed 79850/251223 SSURGO points...
Processed 79860/251223 SSURGO points...
Processed 79870/251223 SSURGO points...
Processed 79880/251223 SSURGO points...
Processed 79890/251223 SSURGO points...
Processed 79900/251223 SSURGO points...
Processed 79910/251223 SSURGO points...
Processed 79920/251223 SSURGO points...
Processed 79930/251223 SSURGO points...
Processed 79940/251223 SSURGO points...
Processed 79950/251223 SSURGO points...
Processed 79960/251223 SSURGO points...
Processed 79970/251223 SSURGO points...
Processed 79980/251223 SSURGO points...
Processed 79990/251223 SSURGO points...
Processed 80000/251223 SSURGO points...
Processed 80010/251223 SSURGO points...
Processed 80020/251223 SSURGO points...
Processed 80030/251223 SSURGO points...
Processed 80040/251223 SSURGO points...
Processed 80050/251223 SSURGO points...
Processed 80060/251223 SSURGO points...
Processed 80070/251223 SSURGO points...
Processed 80080/251223 SSURGO points...
Processed 80090/251223 SSURGO points...
Processed 80100/251223 SSURGO points...
Processed 80110/251223 SSURGO points...
Processed 80120/251223 SSURGO points...
Processed 80130/251223 SSURGO points...
Processed 80140/251223 SSURGO points...
Processed 80150/251223 SSURGO points...
Processed 80160/251223 SSURGO points...
Processed 80170/251223 SSURGO points...
Processed 80180/251223 SSURGO points...
Processed 80190/251223 SSURGO points...
Processed 80200/251223 SSURGO points...
Processed 80210/251223 SSURGO points...
Processed 80220/251223 SSURGO points...
Processed 80230/251223 SSURGO points...
Processed 80240/251223 SSURGO points...
Processed 80250/251223 SSURGO points...
Processed 80260/251223 SSURGO points...
Processed 80270/251223 SSURGO points...
Processed 80280/251223 SSURGO points...
Processed 80290/251223 SSURGO points...
Processed 80300/251223 SSURGO points...
Processed 80310/251223 SSURGO points...
Processed 80320/251223 SSURGO points...
Processed 80330/251223 SSURGO points...
Processed 80340/251223 SSURGO points...
Processed 80350/251223 SSURGO points...
Processed 80360/251223 SSURGO points...
Processed 80370/251223 SSURGO points...
Processed 80380/251223 SSURGO points...
Processed 80390/251223 SSURGO points...
Processed 80400/251223 SSURGO points...
Processed 80410/251223 SSURGO points...
Processed 80420/251223 SSURGO points...
Processed 80430/251223 SSURGO points...
Processed 80440/251223 SSURGO points...
Processed 80450/251223 SSURGO points...
Processed 80460/251223 SSURGO points...
Processed 80470/251223 SSURGO points...
Processed 80480/251223 SSURGO points...
Processed 80490/251223 SSURGO points...
Processed 80500/251223 SSURGO points...
Processed 80510/251223 SSURGO points...
Processed 80520/251223 SSURGO points...
Processed 80530/251223 SSURGO points...
Processed 80540/251223 SSURGO points...
Processed 80550/251223 SSURGO points...
Processed 80560/251223 SSURGO points...
Processed 80570/251223 SSURGO points...
Processed 80580/251223 SSURGO points...
Processed 80590/251223 SSURGO points...
Processed 80600/251223 SSURGO points...
Processed 80610/251223 SSURGO points...
Processed 80620/251223 SSURGO points...
Processed 80630/251223 SSURGO points...
Processed 80640/251223 SSURGO points...
Processed 80650/251223 SSURGO points...
Processed 80660/251223 SSURGO points...
Processed 80670/251223 SSURGO points...
Processed 80680/251223 SSURGO points...
Processed 80690/251223 SSURGO points...
Processed 80700/251223 SSURGO points...
Processed 80710/251223 SSURGO points...
Processed 80720/251223 SSURGO points...
Processed 80730/251223 SSURGO points...
Processed 80740/251223 SSURGO points...
Processed 80750/251223 SSURGO points...
Processed 80760/251223 SSURGO points...
Processed 80770/251223 SSURGO points...
Processed 80780/251223 SSURGO points...
Processed 80790/251223 SSURGO points...
Processed 80800/251223 SSURGO points...
Processed 80810/251223 SSURGO points...
Processed 80820/251223 SSURGO points...
Processed 80830/251223 SSURGO points...
Processed 80840/251223 SSURGO points...
Processed 80850/251223 SSURGO points...
Processed 80860/251223 SSURGO points...
Processed 80870/251223 SSURGO points...
Processed 80880/251223 SSURGO points...
Processed 80890/251223 SSURGO points...
Processed 80900/251223 SSURGO points...
Processed 80910/251223 SSURGO points...
Processed 80920/251223 SSURGO points...
Processed 80930/251223 SSURGO points...
Processed 80940/251223 SSURGO points...
Processed 80950/251223 SSURGO points...
Processed 80960/251223 SSURGO points...
Processed 80970/251223 SSURGO points...
Processed 80980/251223 SSURGO points...
Processed 80990/251223 SSURGO points...
Processed 81000/251223 SSURGO points...
Processed 81010/251223 SSURGO points...
Processed 81020/251223 SSURGO points...
Processed 81030/251223 SSURGO points...
Processed 81040/251223 SSURGO points...
Processed 81050/251223 SSURGO points...
Processed 81060/251223 SSURGO points...
Processed 81070/251223 SSURGO points...
Processed 81080/251223 SSURGO points...
Processed 81090/251223 SSURGO points...
Processed 81100/251223 SSURGO points...
Processed 81110/251223 SSURGO points...
Processed 81120/251223 SSURGO points...
Processed 81130/251223 SSURGO points...
Processed 81140/251223 SSURGO points...
Processed 81150/251223 SSURGO points...
Processed 81160/251223 SSURGO points...
Processed 81170/251223 SSURGO points...
Processed 81180/251223 SSURGO points...
Processed 81190/251223 SSURGO points...
Processed 81200/251223 SSURGO points...
Processed 81210/251223 SSURGO points...
Processed 81220/251223 SSURGO points...
Processed 81230/251223 SSURGO points...
Processed 81240/251223 SSURGO points...
Processed 81250/251223 SSURGO points...
Processed 81260/251223 SSURGO points...
Processed 81270/251223 SSURGO points...
Processed 81280/251223 SSURGO points...
Processed 81290/251223 SSURGO points...
Processed 81300/251223 SSURGO points...
Processed 81310/251223 SSURGO points...
Processed 81320/251223 SSURGO points...
Processed 81330/251223 SSURGO points...
Processed 81340/251223 SSURGO points...
Processed 81350/251223 SSURGO points...
Processed 81360/251223 SSURGO points...
Processed 81370/251223 SSURGO points...
Processed 81380/251223 SSURGO points...
Processed 81390/251223 SSURGO points...
Processed 81400/251223 SSURGO points...
Processed 81410/251223 SSURGO points...
Processed 81420/251223 SSURGO points...
Processed 81430/251223 SSURGO points...
Processed 81440/251223 SSURGO points...
Processed 81450/251223 SSURGO points...
Processed 81460/251223 SSURGO points...
Processed 81470/251223 SSURGO points...
Processed 81480/251223 SSURGO points...
Processed 81490/251223 SSURGO points...
Processed 81500/251223 SSURGO points...
Processed 81510/251223 SSURGO points...
Processed 81520/251223 SSURGO points...
Processed 81530/251223 SSURGO points...
Processed 81540/251223 SSURGO points...
Processed 81550/251223 SSURGO points...
Processed 81560/251223 SSURGO points...
Processed 81570/251223 SSURGO points...
Processed 81580/251223 SSURGO points...
Processed 81590/251223 SSURGO points...
Processed 81600/251223 SSURGO points...
Processed 81610/251223 SSURGO points...
Processed 81620/251223 SSURGO points...
Processed 81630/251223 SSURGO points...
Processed 81640/251223 SSURGO points...
Processed 81650/251223 SSURGO points...
Processed 81660/251223 SSURGO points...
Processed 81670/251223 SSURGO points...
Processed 81680/251223 SSURGO points...
Processed 81690/251223 SSURGO points...
Processed 81700/251223 SSURGO points...
Processed 81710/251223 SSURGO points...
Processed 81720/251223 SSURGO points...
Processed 81730/251223 SSURGO points...
Processed 81740/251223 SSURGO points...
Processed 81750/251223 SSURGO points...
Processed 81760/251223 SSURGO points...
Processed 81770/251223 SSURGO points...
Processed 81780/251223 SSURGO points...
Processed 81790/251223 SSURGO points...
Processed 81800/251223 SSURGO points...
Processed 81810/251223 SSURGO points...
Processed 81820/251223 SSURGO points...
Processed 81830/251223 SSURGO points...
Processed 81840/251223 SSURGO points...
Processed 81850/251223 SSURGO points...
Processed 81860/251223 SSURGO points...
Processed 81870/251223 SSURGO points...
Processed 81880/251223 SSURGO points...
Processed 81890/251223 SSURGO points...
Processed 81900/251223 SSURGO points...
Processed 81910/251223 SSURGO points...
Processed 81920/251223 SSURGO points...
Processed 81930/251223 SSURGO points...
Processed 81940/251223 SSURGO points...
Processed 81950/251223 SSURGO points...
Processed 81960/251223 SSURGO points...
Processed 81970/251223 SSURGO points...
Processed 81980/251223 SSURGO points...
Processed 81990/251223 SSURGO points...
Processed 82000/251223 SSURGO points...
Processed 82010/251223 SSURGO points...
Processed 82020/251223 SSURGO points...
Processed 82030/251223 SSURGO points...
Processed 82040/251223 SSURGO points...
Processed 82050/251223 SSURGO points...
Processed 82060/251223 SSURGO points...
Processed 82070/251223 SSURGO points...
Processed 82080/251223 SSURGO points...
Processed 82090/251223 SSURGO points...
Processed 82100/251223 SSURGO points...
Processed 82110/251223 SSURGO points...
Processed 82120/251223 SSURGO points...
Processed 82130/251223 SSURGO points...
Processed 82140/251223 SSURGO points...
Processed 82150/251223 SSURGO points...
Processed 82160/251223 SSURGO points...
Processed 82170/251223 SSURGO points...
Processed 82180/251223 SSURGO points...
Processed 82190/251223 SSURGO points...
Processed 82200/251223 SSURGO points...
Processed 82210/251223 SSURGO points...
Processed 82220/251223 SSURGO points...
Processed 82230/251223 SSURGO points...
Processed 82240/251223 SSURGO points...
Processed 82250/251223 SSURGO points...
Processed 82260/251223 SSURGO points...
Processed 82270/251223 SSURGO points...
Processed 82280/251223 SSURGO points...
Processed 82290/251223 SSURGO points...
Processed 82300/251223 SSURGO points...
Processed 82310/251223 SSURGO points...
Processed 82320/251223 SSURGO points...
Processed 82330/251223 SSURGO points...
Processed 82340/251223 SSURGO points...
Processed 82350/251223 SSURGO points...
Processed 82360/251223 SSURGO points...
Processed 82370/251223 SSURGO points...
Processed 82380/251223 SSURGO points...
Processed 82390/251223 SSURGO points...
Processed 82400/251223 SSURGO points...
Processed 82410/251223 SSURGO points...
Processed 82420/251223 SSURGO points...
Processed 82430/251223 SSURGO points...
Processed 82440/251223 SSURGO points...
Processed 82450/251223 SSURGO points...
Processed 82460/251223 SSURGO points...
Processed 82470/251223 SSURGO points...
Processed 82480/251223 SSURGO points...
Processed 82490/251223 SSURGO points...
Processed 82500/251223 SSURGO points...
Processed 82510/251223 SSURGO points...
Processed 82520/251223 SSURGO points...
Processed 82530/251223 SSURGO points...
Processed 82540/251223 SSURGO points...
Processed 82550/251223 SSURGO points...
Processed 82560/251223 SSURGO points...
Processed 82570/251223 SSURGO points...
Processed 82580/251223 SSURGO points...
Processed 82590/251223 SSURGO points...
Processed 82600/251223 SSURGO points...
Processed 82610/251223 SSURGO points...
Processed 82620/251223 SSURGO points...
Processed 82630/251223 SSURGO points...
Processed 82640/251223 SSURGO points...
Processed 82650/251223 SSURGO points...
Processed 82660/251223 SSURGO points...
Processed 82670/251223 SSURGO points...
Processed 82680/251223 SSURGO points...
Processed 82690/251223 SSURGO points...
Processed 82700/251223 SSURGO points...
Processed 82710/251223 SSURGO points...
Processed 82720/251223 SSURGO points...
Processed 82730/251223 SSURGO points...
Processed 82740/251223 SSURGO points...
Processed 82750/251223 SSURGO points...
Processed 82760/251223 SSURGO points...
Processed 82770/251223 SSURGO points...
Processed 82780/251223 SSURGO points...
Processed 82790/251223 SSURGO points...
Processed 82800/251223 SSURGO points...
Processed 82810/251223 SSURGO points...
Processed 82820/251223 SSURGO points...
Processed 82830/251223 SSURGO points...
Processed 82840/251223 SSURGO points...
Processed 82850/251223 SSURGO points...
Processed 82860/251223 SSURGO points...
Processed 82870/251223 SSURGO points...
Processed 82880/251223 SSURGO points...
Processed 82890/251223 SSURGO points...
Processed 82900/251223 SSURGO points...
Processed 82910/251223 SSURGO points...
Processed 82920/251223 SSURGO points...
Processed 82930/251223 SSURGO points...
Processed 82940/251223 SSURGO points...
Processed 82950/251223 SSURGO points...
Processed 82960/251223 SSURGO points...
Processed 82970/251223 SSURGO points...
Processed 82980/251223 SSURGO points...
Processed 82990/251223 SSURGO points...
Processed 83000/251223 SSURGO points...
Processed 83010/251223 SSURGO points...
Processed 83020/251223 SSURGO points...
Processed 83030/251223 SSURGO points...
Processed 83040/251223 SSURGO points...
Processed 83050/251223 SSURGO points...
Processed 83060/251223 SSURGO points...
Processed 83070/251223 SSURGO points...
Processed 83080/251223 SSURGO points...
Processed 83090/251223 SSURGO points...
Processed 83100/251223 SSURGO points...
Processed 83110/251223 SSURGO points...
Processed 83120/251223 SSURGO points...
Processed 83130/251223 SSURGO points...
Processed 83140/251223 SSURGO points...
Processed 83150/251223 SSURGO points...
Processed 83160/251223 SSURGO points...
Processed 83170/251223 SSURGO points...
Processed 83180/251223 SSURGO points...
Processed 83190/251223 SSURGO points...
Processed 83200/251223 SSURGO points...
Processed 83210/251223 SSURGO points...
Processed 83220/251223 SSURGO points...
Processed 83230/251223 SSURGO points...
Processed 83240/251223 SSURGO points...
Processed 83250/251223 SSURGO points...
Processed 83260/251223 SSURGO points...
Processed 83270/251223 SSURGO points...
Processed 83280/251223 SSURGO points...
Processed 83290/251223 SSURGO points...
Processed 83300/251223 SSURGO points...
Processed 83310/251223 SSURGO points...
Processed 83320/251223 SSURGO points...
Processed 83330/251223 SSURGO points...
Processed 83340/251223 SSURGO points...
Processed 83350/251223 SSURGO points...
Processed 83360/251223 SSURGO points...
Processed 83370/251223 SSURGO points...
Processed 83380/251223 SSURGO points...
Processed 83390/251223 SSURGO points...
Processed 83400/251223 SSURGO points...
Processed 83410/251223 SSURGO points...
Processed 83420/251223 SSURGO points...
Processed 83430/251223 SSURGO points...
Processed 83440/251223 SSURGO points...
Processed 83450/251223 SSURGO points...
Processed 83460/251223 SSURGO points...
Processed 83470/251223 SSURGO points...
Processed 83480/251223 SSURGO points...
Processed 83490/251223 SSURGO points...
Processed 83500/251223 SSURGO points...
Processed 83510/251223 SSURGO points...
Processed 83520/251223 SSURGO points...
Processed 83530/251223 SSURGO points...
Processed 83540/251223 SSURGO points...
Processed 83550/251223 SSURGO points...
Processed 83560/251223 SSURGO points...
Processed 83570/251223 SSURGO points...
Processed 83580/251223 SSURGO points...
Processed 83590/251223 SSURGO points...
Processed 83600/251223 SSURGO points...
Processed 83610/251223 SSURGO points...
Processed 83620/251223 SSURGO points...
Processed 83630/251223 SSURGO points...
Processed 83640/251223 SSURGO points...
Processed 83650/251223 SSURGO points...
Processed 83660/251223 SSURGO points...
Processed 83670/251223 SSURGO points...
Processed 83680/251223 SSURGO points...
Processed 83690/251223 SSURGO points...
Processed 83700/251223 SSURGO points...
Processed 83710/251223 SSURGO points...
Processed 83720/251223 SSURGO points...
Processed 83730/251223 SSURGO points...
Processed 83740/251223 SSURGO points...
Processed 83750/251223 SSURGO points...
Processed 83760/251223 SSURGO points...
Processed 83770/251223 SSURGO points...
Processed 83780/251223 SSURGO points...
Processed 83790/251223 SSURGO points...
Processed 83800/251223 SSURGO points...
Processed 83810/251223 SSURGO points...
Processed 83820/251223 SSURGO points...
Processed 83830/251223 SSURGO points...
Processed 83840/251223 SSURGO points...
Processed 83850/251223 SSURGO points...
Processed 83860/251223 SSURGO points...
Processed 83870/251223 SSURGO points...
Processed 83880/251223 SSURGO points...
Processed 83890/251223 SSURGO points...
Processed 83900/251223 SSURGO points...
Processed 83910/251223 SSURGO points...
Processed 83920/251223 SSURGO points...
Processed 83930/251223 SSURGO points...
Processed 83940/251223 SSURGO points...
Processed 83950/251223 SSURGO points...
Processed 83960/251223 SSURGO points...
Processed 83970/251223 SSURGO points...
Processed 83980/251223 SSURGO points...
Processed 83990/251223 SSURGO points...
Processed 84000/251223 SSURGO points...
Processed 84010/251223 SSURGO points...
Processed 84020/251223 SSURGO points...
Processed 84030/251223 SSURGO points...
Processed 84040/251223 SSURGO points...
Processed 84050/251223 SSURGO points...
Processed 84060/251223 SSURGO points...
Processed 84070/251223 SSURGO points...
Processed 84080/251223 SSURGO points...
Processed 84090/251223 SSURGO points...
Processed 84100/251223 SSURGO points...
Processed 84110/251223 SSURGO points...
Processed 84120/251223 SSURGO points...
Processed 84130/251223 SSURGO points...
Processed 84140/251223 SSURGO points...
Processed 84150/251223 SSURGO points...
Processed 84160/251223 SSURGO points...
Processed 84170/251223 SSURGO points...
Processed 84180/251223 SSURGO points...
Processed 84190/251223 SSURGO points...
Processed 84200/251223 SSURGO points...
Processed 84210/251223 SSURGO points...
Processed 84220/251223 SSURGO points...
Processed 84230/251223 SSURGO points...
Processed 84240/251223 SSURGO points...
Processed 84250/251223 SSURGO points...
Processed 84260/251223 SSURGO points...
Processed 84270/251223 SSURGO points...
Processed 84280/251223 SSURGO points...
Processed 84290/251223 SSURGO points...
Processed 84300/251223 SSURGO points...
Processed 84310/251223 SSURGO points...
Processed 84320/251223 SSURGO points...
Processed 84330/251223 SSURGO points...
Processed 84340/251223 SSURGO points...
Processed 84350/251223 SSURGO points...
Processed 84360/251223 SSURGO points...
Processed 84370/251223 SSURGO points...
Processed 84380/251223 SSURGO points...
Processed 84390/251223 SSURGO points...
Processed 84400/251223 SSURGO points...
Processed 84410/251223 SSURGO points...
Processed 84420/251223 SSURGO points...
Processed 84430/251223 SSURGO points...
Processed 84440/251223 SSURGO points...
Processed 84450/251223 SSURGO points...
Processed 84460/251223 SSURGO points...
Processed 84470/251223 SSURGO points...
Processed 84480/251223 SSURGO points...
Processed 84490/251223 SSURGO points...
Processed 84500/251223 SSURGO points...
Processed 84510/251223 SSURGO points...
Processed 84520/251223 SSURGO points...
Processed 84530/251223 SSURGO points...
Processed 84540/251223 SSURGO points...
Processed 84550/251223 SSURGO points...
Processed 84560/251223 SSURGO points...
Processed 84570/251223 SSURGO points...
Processed 84580/251223 SSURGO points...
Processed 84590/251223 SSURGO points...
Processed 84600/251223 SSURGO points...
Processed 84610/251223 SSURGO points...
Processed 84620/251223 SSURGO points...
Processed 84630/251223 SSURGO points...
Processed 84640/251223 SSURGO points...
Processed 84650/251223 SSURGO points...
Processed 84660/251223 SSURGO points...
Processed 84670/251223 SSURGO points...
Processed 84680/251223 SSURGO points...
Processed 84690/251223 SSURGO points...
Processed 84700/251223 SSURGO points...
Processed 84710/251223 SSURGO points...
Processed 84720/251223 SSURGO points...
Processed 84730/251223 SSURGO points...
Processed 84740/251223 SSURGO points...
Processed 84750/251223 SSURGO points...
Processed 84760/251223 SSURGO points...
Processed 84770/251223 SSURGO points...
Processed 84780/251223 SSURGO points...
Processed 84790/251223 SSURGO points...
Processed 84800/251223 SSURGO points...
Processed 84810/251223 SSURGO points...
Processed 84820/251223 SSURGO points...
Processed 84830/251223 SSURGO points...
Processed 84840/251223 SSURGO points...
Processed 84850/251223 SSURGO points...
Processed 84860/251223 SSURGO points...
Processed 84870/251223 SSURGO points...
Processed 84880/251223 SSURGO points...
Processed 84890/251223 SSURGO points...
Processed 84900/251223 SSURGO points...
Processed 84910/251223 SSURGO points...
Processed 84920/251223 SSURGO points...
Processed 84930/251223 SSURGO points...
Processed 84940/251223 SSURGO points...
Processed 84950/251223 SSURGO points...
Processed 84960/251223 SSURGO points...
Processed 84970/251223 SSURGO points...
Processed 84980/251223 SSURGO points...
Processed 84990/251223 SSURGO points...
Processed 85000/251223 SSURGO points...
Processed 85010/251223 SSURGO points...
Processed 85020/251223 SSURGO points...
Processed 85030/251223 SSURGO points...
Processed 85040/251223 SSURGO points...
Processed 85050/251223 SSURGO points...
Processed 85060/251223 SSURGO points...
Processed 85070/251223 SSURGO points...
Processed 85080/251223 SSURGO points...
Processed 85090/251223 SSURGO points...
Processed 85100/251223 SSURGO points...
Processed 85110/251223 SSURGO points...
Processed 85120/251223 SSURGO points...
Processed 85130/251223 SSURGO points...
Processed 85140/251223 SSURGO points...
Processed 85150/251223 SSURGO points...
Processed 85160/251223 SSURGO points...
Processed 85170/251223 SSURGO points...
Processed 85180/251223 SSURGO points...
Processed 85190/251223 SSURGO points...
Processed 85200/251223 SSURGO points...
Processed 85210/251223 SSURGO points...
Processed 85220/251223 SSURGO points...
Processed 85230/251223 SSURGO points...
Processed 85240/251223 SSURGO points...
Processed 85250/251223 SSURGO points...
Processed 85260/251223 SSURGO points...
Processed 85270/251223 SSURGO points...
Processed 85280/251223 SSURGO points...
Processed 85290/251223 SSURGO points...
Processed 85300/251223 SSURGO points...
Processed 85310/251223 SSURGO points...
Processed 85320/251223 SSURGO points...
Processed 85330/251223 SSURGO points...
Processed 85340/251223 SSURGO points...
Processed 85350/251223 SSURGO points...
Processed 85360/251223 SSURGO points...
Processed 85370/251223 SSURGO points...
Processed 85380/251223 SSURGO points...
Processed 85390/251223 SSURGO points...
Processed 85400/251223 SSURGO points...
Processed 85410/251223 SSURGO points...
Processed 85420/251223 SSURGO points...
Processed 85430/251223 SSURGO points...
Processed 85440/251223 SSURGO points...
Processed 85450/251223 SSURGO points...
Processed 85460/251223 SSURGO points...
Processed 85470/251223 SSURGO points...
Processed 85480/251223 SSURGO points...
Processed 85490/251223 SSURGO points...
Processed 85500/251223 SSURGO points...
Processed 85510/251223 SSURGO points...
Processed 85520/251223 SSURGO points...
Processed 85530/251223 SSURGO points...
Processed 85540/251223 SSURGO points...
Processed 85550/251223 SSURGO points...
Processed 85560/251223 SSURGO points...
Processed 85570/251223 SSURGO points...
Processed 85580/251223 SSURGO points...
Processed 85590/251223 SSURGO points...
Processed 85600/251223 SSURGO points...
Processed 85610/251223 SSURGO points...
Processed 85620/251223 SSURGO points...
Processed 85630/251223 SSURGO points...
Processed 85640/251223 SSURGO points...
Processed 85650/251223 SSURGO points...
Processed 85660/251223 SSURGO points...
Processed 85670/251223 SSURGO points...
Processed 85680/251223 SSURGO points...
Processed 85690/251223 SSURGO points...
Processed 85700/251223 SSURGO points...
Processed 85710/251223 SSURGO points...
Processed 85720/251223 SSURGO points...
Processed 85730/251223 SSURGO points...
Processed 85740/251223 SSURGO points...
Processed 85750/251223 SSURGO points...
Processed 85760/251223 SSURGO points...
Processed 85770/251223 SSURGO points...
Processed 85780/251223 SSURGO points...
Processed 85790/251223 SSURGO points...
Processed 85800/251223 SSURGO points...
Processed 85810/251223 SSURGO points...
Processed 85820/251223 SSURGO points...
Processed 85830/251223 SSURGO points...
Processed 85840/251223 SSURGO points...
Processed 85850/251223 SSURGO points...
Processed 85860/251223 SSURGO points...
Processed 85870/251223 SSURGO points...
Processed 85880/251223 SSURGO points...
Processed 85890/251223 SSURGO points...
Processed 85900/251223 SSURGO points...
Processed 85910/251223 SSURGO points...
Processed 85920/251223 SSURGO points...
Processed 85930/251223 SSURGO points...
Processed 85940/251223 SSURGO points...
Processed 85950/251223 SSURGO points...
Processed 85960/251223 SSURGO points...
Processed 85970/251223 SSURGO points...
Processed 85980/251223 SSURGO points...
Processed 85990/251223 SSURGO points...
Processed 86000/251223 SSURGO points...
Processed 86010/251223 SSURGO points...
Processed 86020/251223 SSURGO points...
Processed 86030/251223 SSURGO points...
Processed 86040/251223 SSURGO points...
Processed 86050/251223 SSURGO points...
Processed 86060/251223 SSURGO points...
Processed 86070/251223 SSURGO points...
Processed 86080/251223 SSURGO points...
Processed 86090/251223 SSURGO points...
Processed 86100/251223 SSURGO points...
Processed 86110/251223 SSURGO points...
Processed 86120/251223 SSURGO points...
Processed 86130/251223 SSURGO points...
Processed 86140/251223 SSURGO points...
Processed 86150/251223 SSURGO points...
Processed 86160/251223 SSURGO points...
Processed 86170/251223 SSURGO points...
Processed 86180/251223 SSURGO points...
Processed 86190/251223 SSURGO points...
Processed 86200/251223 SSURGO points...
Processed 86210/251223 SSURGO points...
Processed 86220/251223 SSURGO points...
Processed 86230/251223 SSURGO points...
Processed 86240/251223 SSURGO points...
Processed 86250/251223 SSURGO points...
Processed 86260/251223 SSURGO points...
Processed 86270/251223 SSURGO points...
Processed 86280/251223 SSURGO points...
Processed 86290/251223 SSURGO points...
Processed 86300/251223 SSURGO points...
Processed 86310/251223 SSURGO points...
Processed 86320/251223 SSURGO points...
Processed 86330/251223 SSURGO points...
Processed 86340/251223 SSURGO points...
Processed 86350/251223 SSURGO points...
Processed 86360/251223 SSURGO points...
Processed 86370/251223 SSURGO points...
Processed 86380/251223 SSURGO points...
Processed 86390/251223 SSURGO points...
Processed 86400/251223 SSURGO points...
Processed 86410/251223 SSURGO points...
Processed 86420/251223 SSURGO points...
Processed 86430/251223 SSURGO points...
Processed 86440/251223 SSURGO points...
Processed 86450/251223 SSURGO points...
Processed 86460/251223 SSURGO points...
Processed 86470/251223 SSURGO points...
Processed 86480/251223 SSURGO points...
Processed 86490/251223 SSURGO points...
Processed 86500/251223 SSURGO points...
Processed 86510/251223 SSURGO points...
Processed 86520/251223 SSURGO points...
Processed 86530/251223 SSURGO points...
Processed 86540/251223 SSURGO points...
Processed 86550/251223 SSURGO points...
Processed 86560/251223 SSURGO points...
Processed 86570/251223 SSURGO points...
Processed 86580/251223 SSURGO points...
Processed 86590/251223 SSURGO points...
Processed 86600/251223 SSURGO points...
Processed 86610/251223 SSURGO points...
Processed 86620/251223 SSURGO points...
Processed 86630/251223 SSURGO points...
Processed 86640/251223 SSURGO points...
Processed 86650/251223 SSURGO points...
Processed 86660/251223 SSURGO points...
Processed 86670/251223 SSURGO points...
Processed 86680/251223 SSURGO points...
Processed 86690/251223 SSURGO points...
Processed 86700/251223 SSURGO points...
Processed 86710/251223 SSURGO points...
Processed 86720/251223 SSURGO points...
Processed 86730/251223 SSURGO points...
Processed 86740/251223 SSURGO points...
Processed 86750/251223 SSURGO points...
Processed 86760/251223 SSURGO points...
Processed 86770/251223 SSURGO points...
Processed 86780/251223 SSURGO points...
Processed 86790/251223 SSURGO points...
Processed 86800/251223 SSURGO points...
Processed 86810/251223 SSURGO points...
Processed 86820/251223 SSURGO points...
Processed 86830/251223 SSURGO points...
Processed 86840/251223 SSURGO points...
Processed 86850/251223 SSURGO points...
Processed 86860/251223 SSURGO points...
Processed 86870/251223 SSURGO points...
Processed 86880/251223 SSURGO points...
Processed 86890/251223 SSURGO points...
Processed 86900/251223 SSURGO points...
Processed 86910/251223 SSURGO points...
Processed 86920/251223 SSURGO points...
Processed 86930/251223 SSURGO points...
Processed 86940/251223 SSURGO points...
Processed 86950/251223 SSURGO points...
Processed 86960/251223 SSURGO points...
Processed 86970/251223 SSURGO points...
Processed 86980/251223 SSURGO points...
Processed 86990/251223 SSURGO points...
Processed 87000/251223 SSURGO points...
Processed 87010/251223 SSURGO points...
Processed 87020/251223 SSURGO points...
Processed 87030/251223 SSURGO points...
Processed 87040/251223 SSURGO points...
Processed 87050/251223 SSURGO points...
Processed 87060/251223 SSURGO points...
Processed 87070/251223 SSURGO points...
Processed 87080/251223 SSURGO points...
Processed 87090/251223 SSURGO points...
Processed 87100/251223 SSURGO points...
Processed 87110/251223 SSURGO points...
Processed 87120/251223 SSURGO points...
Processed 87130/251223 SSURGO points...
Processed 87140/251223 SSURGO points...
Processed 87150/251223 SSURGO points...
Processed 87160/251223 SSURGO points...
Processed 87170/251223 SSURGO points...
Processed 87180/251223 SSURGO points...
Processed 87190/251223 SSURGO points...
Processed 87200/251223 SSURGO points...
Processed 87210/251223 SSURGO points...
Processed 87220/251223 SSURGO points...
Processed 87230/251223 SSURGO points...
Processed 87240/251223 SSURGO points...
Processed 87250/251223 SSURGO points...
Processed 87260/251223 SSURGO points...
Processed 87270/251223 SSURGO points...
Processed 87280/251223 SSURGO points...
Processed 87290/251223 SSURGO points...
Processed 87300/251223 SSURGO points...
Processed 87310/251223 SSURGO points...
Processed 87320/251223 SSURGO points...
Processed 87330/251223 SSURGO points...
Processed 87340/251223 SSURGO points...
Processed 87350/251223 SSURGO points...
Processed 87360/251223 SSURGO points...
Processed 87370/251223 SSURGO points...
Processed 87380/251223 SSURGO points...
Processed 87390/251223 SSURGO points...
Processed 87400/251223 SSURGO points...
Processed 87410/251223 SSURGO points...
Processed 87420/251223 SSURGO points...
Processed 87430/251223 SSURGO points...
Processed 87440/251223 SSURGO points...
Processed 87450/251223 SSURGO points...
Processed 87460/251223 SSURGO points...
Processed 87470/251223 SSURGO points...
Processed 87480/251223 SSURGO points...
Processed 87490/251223 SSURGO points...
Processed 87500/251223 SSURGO points...
Processed 87510/251223 SSURGO points...
Processed 87520/251223 SSURGO points...
Processed 87530/251223 SSURGO points...
Processed 87540/251223 SSURGO points...
Processed 87550/251223 SSURGO points...
Processed 87560/251223 SSURGO points...
Processed 87570/251223 SSURGO points...
Processed 87580/251223 SSURGO points...
Processed 87590/251223 SSURGO points...
Processed 87600/251223 SSURGO points...
Processed 87610/251223 SSURGO points...
Processed 87620/251223 SSURGO points...
Processed 87630/251223 SSURGO points...
Processed 87640/251223 SSURGO points...
Processed 87650/251223 SSURGO points...
Processed 87660/251223 SSURGO points...
Processed 87670/251223 SSURGO points...
Processed 87680/251223 SSURGO points...
Processed 87690/251223 SSURGO points...
Processed 87700/251223 SSURGO points...
Processed 87710/251223 SSURGO points...
Processed 87720/251223 SSURGO points...
Processed 87730/251223 SSURGO points...
Processed 87740/251223 SSURGO points...
Processed 87750/251223 SSURGO points...
Processed 87760/251223 SSURGO points...
Processed 87770/251223 SSURGO points...
Processed 87780/251223 SSURGO points...
Processed 87790/251223 SSURGO points...
Processed 87800/251223 SSURGO points...
Processed 87810/251223 SSURGO points...
Processed 87820/251223 SSURGO points...
Processed 87830/251223 SSURGO points...
Processed 87840/251223 SSURGO points...
Processed 87850/251223 SSURGO points...
Processed 87860/251223 SSURGO points...
Processed 87870/251223 SSURGO points...
Processed 87880/251223 SSURGO points...
Processed 87890/251223 SSURGO points...
Processed 87900/251223 SSURGO points...
Processed 87910/251223 SSURGO points...
Processed 87920/251223 SSURGO points...
Processed 87930/251223 SSURGO points...
Processed 87940/251223 SSURGO points...
Processed 87950/251223 SSURGO points...
Processed 87960/251223 SSURGO points...
Processed 87970/251223 SSURGO points...
Processed 87980/251223 SSURGO points...
Processed 87990/251223 SSURGO points...
Processed 88000/251223 SSURGO points...
Processed 88010/251223 SSURGO points...
Processed 88020/251223 SSURGO points...
Processed 88030/251223 SSURGO points...
Processed 88040/251223 SSURGO points...
Processed 88050/251223 SSURGO points...
Processed 88060/251223 SSURGO points...
Processed 88070/251223 SSURGO points...
Processed 88080/251223 SSURGO points...
Processed 88090/251223 SSURGO points...
Processed 88100/251223 SSURGO points...
Processed 88110/251223 SSURGO points...
Processed 88120/251223 SSURGO points...
Processed 88130/251223 SSURGO points...
Processed 88140/251223 SSURGO points...
Processed 88150/251223 SSURGO points...
Processed 88160/251223 SSURGO points...
Processed 88170/251223 SSURGO points...
Processed 88180/251223 SSURGO points...
Processed 88190/251223 SSURGO points...
Processed 88200/251223 SSURGO points...
Processed 88210/251223 SSURGO points...
Processed 88220/251223 SSURGO points...
Processed 88230/251223 SSURGO points...
Processed 88240/251223 SSURGO points...
Processed 88250/251223 SSURGO points...
Processed 88260/251223 SSURGO points...
Processed 88270/251223 SSURGO points...
Processed 88280/251223 SSURGO points...
Processed 88290/251223 SSURGO points...
Processed 88300/251223 SSURGO points...
Processed 88310/251223 SSURGO points...
Processed 88320/251223 SSURGO points...
Processed 88330/251223 SSURGO points...
Processed 88340/251223 SSURGO points...
Processed 88350/251223 SSURGO points...
Processed 88360/251223 SSURGO points...
Processed 88370/251223 SSURGO points...
Processed 88380/251223 SSURGO points...
Processed 88390/251223 SSURGO points...
Processed 88400/251223 SSURGO points...
Processed 88410/251223 SSURGO points...
Processed 88420/251223 SSURGO points...
Processed 88430/251223 SSURGO points...
Processed 88440/251223 SSURGO points...
Processed 88450/251223 SSURGO points...
Processed 88460/251223 SSURGO points...
Processed 88470/251223 SSURGO points...
Processed 88480/251223 SSURGO points...
Processed 88490/251223 SSURGO points...
Processed 88500/251223 SSURGO points...
Processed 88510/251223 SSURGO points...
Processed 88520/251223 SSURGO points...
Processed 88530/251223 SSURGO points...
Processed 88540/251223 SSURGO points...
Processed 88550/251223 SSURGO points...
Processed 88560/251223 SSURGO points...
Processed 88570/251223 SSURGO points...
Processed 88580/251223 SSURGO points...
Processed 88590/251223 SSURGO points...
Processed 88600/251223 SSURGO points...
Processed 88610/251223 SSURGO points...
Processed 88620/251223 SSURGO points...
Processed 88630/251223 SSURGO points...
Processed 88640/251223 SSURGO points...
Processed 88650/251223 SSURGO points...
Processed 88660/251223 SSURGO points...
Processed 88670/251223 SSURGO points...
Processed 88680/251223 SSURGO points...
Processed 88690/251223 SSURGO points...
Processed 88700/251223 SSURGO points...
Processed 88710/251223 SSURGO points...
Processed 88720/251223 SSURGO points...
Processed 88730/251223 SSURGO points...
Processed 88740/251223 SSURGO points...
Processed 88750/251223 SSURGO points...
Processed 88760/251223 SSURGO points...
Processed 88770/251223 SSURGO points...
Processed 88780/251223 SSURGO points...
Processed 88790/251223 SSURGO points...
Processed 88800/251223 SSURGO points...
Processed 88810/251223 SSURGO points...
Processed 88820/251223 SSURGO points...
Processed 88830/251223 SSURGO points...
Processed 88840/251223 SSURGO points...
Processed 88850/251223 SSURGO points...
Processed 88860/251223 SSURGO points...
Processed 88870/251223 SSURGO points...
Processed 88880/251223 SSURGO points...
Processed 88890/251223 SSURGO points...
Processed 88900/251223 SSURGO points...
Processed 88910/251223 SSURGO points...
Processed 88920/251223 SSURGO points...
Processed 88930/251223 SSURGO points...
Processed 88940/251223 SSURGO points...
Processed 88950/251223 SSURGO points...
Processed 88960/251223 SSURGO points...
Processed 88970/251223 SSURGO points...
Processed 88980/251223 SSURGO points...
Processed 88990/251223 SSURGO points...
Processed 89000/251223 SSURGO points...
Processed 89010/251223 SSURGO points...
Processed 89020/251223 SSURGO points...
Processed 89030/251223 SSURGO points...
Processed 89040/251223 SSURGO points...
Processed 89050/251223 SSURGO points...
Processed 89060/251223 SSURGO points...
Processed 89070/251223 SSURGO points...
Processed 89080/251223 SSURGO points...
Processed 89090/251223 SSURGO points...
Processed 89100/251223 SSURGO points...
Processed 89110/251223 SSURGO points...
Processed 89120/251223 SSURGO points...
Processed 89130/251223 SSURGO points...
Processed 89140/251223 SSURGO points...
Processed 89150/251223 SSURGO points...
Processed 89160/251223 SSURGO points...
Processed 89170/251223 SSURGO points...
Processed 89180/251223 SSURGO points...
Processed 89190/251223 SSURGO points...
Processed 89200/251223 SSURGO points...
Processed 89210/251223 SSURGO points...
Processed 89220/251223 SSURGO points...
Processed 89230/251223 SSURGO points...
Processed 89240/251223 SSURGO points...
Processed 89250/251223 SSURGO points...
Processed 89260/251223 SSURGO points...
Processed 89270/251223 SSURGO points...
Processed 89280/251223 SSURGO points...
Processed 89290/251223 SSURGO points...
Processed 89300/251223 SSURGO points...
Processed 89310/251223 SSURGO points...
Processed 89320/251223 SSURGO points...
Processed 89330/251223 SSURGO points...
Processed 89340/251223 SSURGO points...
Processed 89350/251223 SSURGO points...
Processed 89360/251223 SSURGO points...
Processed 89370/251223 SSURGO points...
Processed 89380/251223 SSURGO points...
Processed 89390/251223 SSURGO points...
Processed 89400/251223 SSURGO points...
Processed 89410/251223 SSURGO points...
Processed 89420/251223 SSURGO points...
Processed 89430/251223 SSURGO points...
Processed 89440/251223 SSURGO points...
Processed 89450/251223 SSURGO points...
Processed 89460/251223 SSURGO points...
Processed 89470/251223 SSURGO points...
Processed 89480/251223 SSURGO points...
Processed 89490/251223 SSURGO points...
Processed 89500/251223 SSURGO points...
Processed 89510/251223 SSURGO points...
Processed 89520/251223 SSURGO points...
Processed 89530/251223 SSURGO points...
Processed 89540/251223 SSURGO points...
Processed 89550/251223 SSURGO points...
Processed 89560/251223 SSURGO points...
Processed 89570/251223 SSURGO points...
Processed 89580/251223 SSURGO points...
Processed 89590/251223 SSURGO points...
Processed 89600/251223 SSURGO points...
Processed 89610/251223 SSURGO points...
Processed 89620/251223 SSURGO points...
Processed 89630/251223 SSURGO points...
Processed 89640/251223 SSURGO points...
Processed 89650/251223 SSURGO points...
Processed 89660/251223 SSURGO points...
Processed 89670/251223 SSURGO points...
Processed 89680/251223 SSURGO points...
Processed 89690/251223 SSURGO points...
Processed 89700/251223 SSURGO points...
Processed 89710/251223 SSURGO points...
Processed 89720/251223 SSURGO points...
Processed 89730/251223 SSURGO points...
Processed 89740/251223 SSURGO points...
Processed 89750/251223 SSURGO points...
Processed 89760/251223 SSURGO points...
Processed 89770/251223 SSURGO points...
Processed 89780/251223 SSURGO points...
Processed 89790/251223 SSURGO points...
Processed 89800/251223 SSURGO points...
Processed 89810/251223 SSURGO points...
Processed 89820/251223 SSURGO points...
Processed 89830/251223 SSURGO points...
Processed 89840/251223 SSURGO points...
Processed 89850/251223 SSURGO points...
Processed 89860/251223 SSURGO points...
Processed 89870/251223 SSURGO points...
Processed 89880/251223 SSURGO points...
Processed 89890/251223 SSURGO points...
Processed 89900/251223 SSURGO points...
Processed 89910/251223 SSURGO points...
Processed 89920/251223 SSURGO points...
Processed 89930/251223 SSURGO points...
Processed 89940/251223 SSURGO points...
Processed 89950/251223 SSURGO points...
Processed 89960/251223 SSURGO points...
Processed 89970/251223 SSURGO points...
Processed 89980/251223 SSURGO points...
Processed 89990/251223 SSURGO points...
Processed 90000/251223 SSURGO points...
Processed 90010/251223 SSURGO points...
Processed 90020/251223 SSURGO points...
Processed 90030/251223 SSURGO points...
Processed 90040/251223 SSURGO points...
Processed 90050/251223 SSURGO points...
Processed 90060/251223 SSURGO points...
Processed 90070/251223 SSURGO points...
Processed 90080/251223 SSURGO points...
Processed 90090/251223 SSURGO points...
Processed 90100/251223 SSURGO points...
Processed 90110/251223 SSURGO points...
Processed 90120/251223 SSURGO points...
Processed 90130/251223 SSURGO points...
Processed 90140/251223 SSURGO points...
Processed 90150/251223 SSURGO points...
Processed 90160/251223 SSURGO points...
Processed 90170/251223 SSURGO points...
Processed 90180/251223 SSURGO points...
Processed 90190/251223 SSURGO points...
Processed 90200/251223 SSURGO points...
Processed 90210/251223 SSURGO points...
Processed 90220/251223 SSURGO points...
Processed 90230/251223 SSURGO points...
Processed 90240/251223 SSURGO points...
Processed 90250/251223 SSURGO points...
Processed 90260/251223 SSURGO points...
Processed 90270/251223 SSURGO points...
Processed 90280/251223 SSURGO points...
Processed 90290/251223 SSURGO points...
Processed 90300/251223 SSURGO points...
Processed 90310/251223 SSURGO points...
Processed 90320/251223 SSURGO points...
Processed 90330/251223 SSURGO points...
Processed 90340/251223 SSURGO points...
Processed 90350/251223 SSURGO points...
Processed 90360/251223 SSURGO points...
Processed 90370/251223 SSURGO points...
Processed 90380/251223 SSURGO points...
Processed 90390/251223 SSURGO points...
Processed 90400/251223 SSURGO points...
Processed 90410/251223 SSURGO points...
Processed 90420/251223 SSURGO points...
Processed 90430/251223 SSURGO points...
Processed 90440/251223 SSURGO points...
Processed 90450/251223 SSURGO points...
Processed 90460/251223 SSURGO points...
Processed 90470/251223 SSURGO points...
Processed 90480/251223 SSURGO points...
Processed 90490/251223 SSURGO points...
Processed 90500/251223 SSURGO points...
Processed 90510/251223 SSURGO points...
Processed 90520/251223 SSURGO points...
Processed 90530/251223 SSURGO points...
Processed 90540/251223 SSURGO points...
Processed 90550/251223 SSURGO points...
Processed 90560/251223 SSURGO points...
Processed 90570/251223 SSURGO points...
Processed 90580/251223 SSURGO points...
Processed 90590/251223 SSURGO points...
Processed 90600/251223 SSURGO points...
Processed 90610/251223 SSURGO points...
Processed 90620/251223 SSURGO points...
Processed 90630/251223 SSURGO points...
Processed 90640/251223 SSURGO points...
Processed 90650/251223 SSURGO points...
Processed 90660/251223 SSURGO points...
Processed 90670/251223 SSURGO points...
Processed 90680/251223 SSURGO points...
Processed 90690/251223 SSURGO points...
Processed 90700/251223 SSURGO points...
Processed 90710/251223 SSURGO points...
Processed 90720/251223 SSURGO points...
Processed 90730/251223 SSURGO points...
Processed 90740/251223 SSURGO points...
Processed 90750/251223 SSURGO points...
Processed 90760/251223 SSURGO points...
Processed 90770/251223 SSURGO points...
Processed 90780/251223 SSURGO points...
Processed 90790/251223 SSURGO points...
Processed 90800/251223 SSURGO points...
Processed 90810/251223 SSURGO points...
Processed 90820/251223 SSURGO points...
Processed 90830/251223 SSURGO points...
Processed 90840/251223 SSURGO points...
Processed 90850/251223 SSURGO points...
Processed 90860/251223 SSURGO points...
Processed 90870/251223 SSURGO points...
Processed 90880/251223 SSURGO points...
Processed 90890/251223 SSURGO points...
Processed 90900/251223 SSURGO points...
Processed 90910/251223 SSURGO points...
Processed 90920/251223 SSURGO points...
Processed 90930/251223 SSURGO points...
Processed 90940/251223 SSURGO points...
Processed 90950/251223 SSURGO points...
Processed 90960/251223 SSURGO points...
Processed 90970/251223 SSURGO points...
Processed 90980/251223 SSURGO points...
Processed 90990/251223 SSURGO points...
Processed 91000/251223 SSURGO points...
Processed 91010/251223 SSURGO points...
Processed 91020/251223 SSURGO points...
Processed 91030/251223 SSURGO points...
Processed 91040/251223 SSURGO points...
Processed 91050/251223 SSURGO points...
Processed 91060/251223 SSURGO points...
Processed 91070/251223 SSURGO points...
Processed 91080/251223 SSURGO points...
Processed 91090/251223 SSURGO points...
Processed 91100/251223 SSURGO points...
Processed 91110/251223 SSURGO points...
Processed 91120/251223 SSURGO points...
Processed 91130/251223 SSURGO points...
Processed 91140/251223 SSURGO points...
Processed 91150/251223 SSURGO points...
Processed 91160/251223 SSURGO points...
Processed 91170/251223 SSURGO points...
Processed 91180/251223 SSURGO points...
Processed 91190/251223 SSURGO points...
Processed 91200/251223 SSURGO points...
Processed 91210/251223 SSURGO points...
Processed 91220/251223 SSURGO points...
Processed 91230/251223 SSURGO points...
Processed 91240/251223 SSURGO points...
Processed 91250/251223 SSURGO points...
Processed 91260/251223 SSURGO points...
Processed 91270/251223 SSURGO points...
Processed 91280/251223 SSURGO points...
Processed 91290/251223 SSURGO points...
Processed 91300/251223 SSURGO points...
Processed 91310/251223 SSURGO points...
Processed 91320/251223 SSURGO points...
Processed 91330/251223 SSURGO points...
Processed 91340/251223 SSURGO points...
Processed 91350/251223 SSURGO points...
Processed 91360/251223 SSURGO points...
Processed 91370/251223 SSURGO points...
Processed 91380/251223 SSURGO points...
Processed 91390/251223 SSURGO points...
Processed 91400/251223 SSURGO points...
Processed 91410/251223 SSURGO points...
Processed 91420/251223 SSURGO points...
Processed 91430/251223 SSURGO points...
Processed 91440/251223 SSURGO points...
Processed 91450/251223 SSURGO points...
Processed 91460/251223 SSURGO points...
Processed 91470/251223 SSURGO points...
Processed 91480/251223 SSURGO points...
Processed 91490/251223 SSURGO points...
Processed 91500/251223 SSURGO points...
Processed 91510/251223 SSURGO points...
Processed 91520/251223 SSURGO points...
Processed 91530/251223 SSURGO points...
Processed 91540/251223 SSURGO points...
Processed 91550/251223 SSURGO points...
Processed 91560/251223 SSURGO points...
Processed 91570/251223 SSURGO points...
Processed 91580/251223 SSURGO points...
Processed 91590/251223 SSURGO points...
Processed 91600/251223 SSURGO points...
Processed 91610/251223 SSURGO points...
Processed 91620/251223 SSURGO points...
Processed 91630/251223 SSURGO points...
Processed 91640/251223 SSURGO points...
Processed 91650/251223 SSURGO points...
Processed 91660/251223 SSURGO points...
Processed 91670/251223 SSURGO points...
Processed 91680/251223 SSURGO points...
Processed 91690/251223 SSURGO points...
Processed 91700/251223 SSURGO points...
Processed 91710/251223 SSURGO points...
Processed 91720/251223 SSURGO points...
Processed 91730/251223 SSURGO points...
Processed 91740/251223 SSURGO points...
Processed 91750/251223 SSURGO points...
Processed 91760/251223 SSURGO points...
Processed 91770/251223 SSURGO points...
Processed 91780/251223 SSURGO points...
Processed 91790/251223 SSURGO points...
Processed 91800/251223 SSURGO points...
Processed 91810/251223 SSURGO points...
Processed 91820/251223 SSURGO points...
Processed 91830/251223 SSURGO points...
Processed 91840/251223 SSURGO points...
Processed 91850/251223 SSURGO points...
Processed 91860/251223 SSURGO points...
Processed 91870/251223 SSURGO points...
Processed 91880/251223 SSURGO points...
Processed 91890/251223 SSURGO points...
Processed 91900/251223 SSURGO points...
Processed 91910/251223 SSURGO points...
Processed 91920/251223 SSURGO points...
Processed 91930/251223 SSURGO points...
Processed 91940/251223 SSURGO points...
Processed 91950/251223 SSURGO points...
Processed 91960/251223 SSURGO points...
Processed 91970/251223 SSURGO points...
Processed 91980/251223 SSURGO points...
Processed 91990/251223 SSURGO points...
Processed 92000/251223 SSURGO points...
Processed 92010/251223 SSURGO points...
Processed 92020/251223 SSURGO points...
Processed 92030/251223 SSURGO points...
Processed 92040/251223 SSURGO points...
Processed 92050/251223 SSURGO points...
Processed 92060/251223 SSURGO points...
Processed 92070/251223 SSURGO points...
Processed 92080/251223 SSURGO points...
Processed 92090/251223 SSURGO points...
Processed 92100/251223 SSURGO points...
Processed 92110/251223 SSURGO points...
Processed 92120/251223 SSURGO points...
Processed 92130/251223 SSURGO points...
Processed 92140/251223 SSURGO points...
Processed 92150/251223 SSURGO points...
Processed 92160/251223 SSURGO points...
Processed 92170/251223 SSURGO points...
Processed 92180/251223 SSURGO points...
Processed 92190/251223 SSURGO points...
Processed 92200/251223 SSURGO points...
Processed 92210/251223 SSURGO points...
Processed 92220/251223 SSURGO points...
Processed 92230/251223 SSURGO points...
Processed 92240/251223 SSURGO points...
Processed 92250/251223 SSURGO points...
Processed 92260/251223 SSURGO points...
Processed 92270/251223 SSURGO points...
Processed 92280/251223 SSURGO points...
Processed 92290/251223 SSURGO points...
Processed 92300/251223 SSURGO points...
Processed 92310/251223 SSURGO points...
Processed 92320/251223 SSURGO points...
Processed 92330/251223 SSURGO points...
Processed 92340/251223 SSURGO points...
Processed 92350/251223 SSURGO points...
Processed 92360/251223 SSURGO points...
Processed 92370/251223 SSURGO points...
Processed 92380/251223 SSURGO points...
Processed 92390/251223 SSURGO points...
Processed 92400/251223 SSURGO points...
Processed 92410/251223 SSURGO points...
Processed 92420/251223 SSURGO points...
Processed 92430/251223 SSURGO points...
Processed 92440/251223 SSURGO points...
Processed 92450/251223 SSURGO points...
Processed 92460/251223 SSURGO points...
Processed 92470/251223 SSURGO points...
Processed 92480/251223 SSURGO points...
Processed 92490/251223 SSURGO points...
Processed 92500/251223 SSURGO points...
Processed 92510/251223 SSURGO points...
Processed 92520/251223 SSURGO points...
Processed 92530/251223 SSURGO points...
Processed 92540/251223 SSURGO points...
Processed 92550/251223 SSURGO points...
Processed 92560/251223 SSURGO points...
Processed 92570/251223 SSURGO points...
Processed 92580/251223 SSURGO points...
Processed 92590/251223 SSURGO points...
Processed 92600/251223 SSURGO points...
Processed 92610/251223 SSURGO points...
Processed 92620/251223 SSURGO points...
Processed 92630/251223 SSURGO points...
Processed 92640/251223 SSURGO points...
Processed 92650/251223 SSURGO points...
Processed 92660/251223 SSURGO points...
Processed 92670/251223 SSURGO points...
Processed 92680/251223 SSURGO points...
Processed 92690/251223 SSURGO points...
Processed 92700/251223 SSURGO points...
Processed 92710/251223 SSURGO points...
Processed 92720/251223 SSURGO points...
Processed 92730/251223 SSURGO points...
Processed 92740/251223 SSURGO points...
Processed 92750/251223 SSURGO points...
Processed 92760/251223 SSURGO points...
Processed 92770/251223 SSURGO points...
Processed 92780/251223 SSURGO points...
Processed 92790/251223 SSURGO points...
Processed 92800/251223 SSURGO points...
Processed 92810/251223 SSURGO points...
Processed 92820/251223 SSURGO points...
Processed 92830/251223 SSURGO points...
Processed 92840/251223 SSURGO points...
Processed 92850/251223 SSURGO points...
Processed 92860/251223 SSURGO points...
Processed 92870/251223 SSURGO points...
Processed 92880/251223 SSURGO points...
Processed 92890/251223 SSURGO points...
Processed 92900/251223 SSURGO points...
Processed 92910/251223 SSURGO points...
Processed 92920/251223 SSURGO points...
Processed 92930/251223 SSURGO points...
Processed 92940/251223 SSURGO points...
Processed 92950/251223 SSURGO points...
Processed 92960/251223 SSURGO points...
Processed 92970/251223 SSURGO points...
Processed 92980/251223 SSURGO points...
Processed 92990/251223 SSURGO points...
Processed 93000/251223 SSURGO points...
Processed 93010/251223 SSURGO points...
Processed 93020/251223 SSURGO points...
Processed 93030/251223 SSURGO points...
Processed 93040/251223 SSURGO points...
Processed 93050/251223 SSURGO points...
Processed 93060/251223 SSURGO points...
Processed 93070/251223 SSURGO points...
Processed 93080/251223 SSURGO points...
Processed 93090/251223 SSURGO points...
Processed 93100/251223 SSURGO points...
Processed 93110/251223 SSURGO points...
Processed 93120/251223 SSURGO points...
Processed 93130/251223 SSURGO points...
Processed 93140/251223 SSURGO points...
Processed 93150/251223 SSURGO points...
Processed 93160/251223 SSURGO points...
Processed 93170/251223 SSURGO points...
Processed 93180/251223 SSURGO points...
Processed 93190/251223 SSURGO points...
Processed 93200/251223 SSURGO points...
Processed 93210/251223 SSURGO points...
Processed 93220/251223 SSURGO points...
Processed 93230/251223 SSURGO points...
Processed 93240/251223 SSURGO points...
Processed 93250/251223 SSURGO points...
Processed 93260/251223 SSURGO points...
Processed 93270/251223 SSURGO points...
Processed 93280/251223 SSURGO points...
Processed 93290/251223 SSURGO points...
Processed 93300/251223 SSURGO points...
Processed 93310/251223 SSURGO points...
Processed 93320/251223 SSURGO points...
Processed 93330/251223 SSURGO points...
Processed 93340/251223 SSURGO points...
Processed 93350/251223 SSURGO points...
Processed 93360/251223 SSURGO points...
Processed 93370/251223 SSURGO points...
Processed 93380/251223 SSURGO points...
Processed 93390/251223 SSURGO points...
Processed 93400/251223 SSURGO points...
Processed 93410/251223 SSURGO points...
Processed 93420/251223 SSURGO points...
Processed 93430/251223 SSURGO points...
Processed 93440/251223 SSURGO points...
Processed 93450/251223 SSURGO points...
Processed 93460/251223 SSURGO points...
Processed 93470/251223 SSURGO points...
Processed 93480/251223 SSURGO points...
Processed 93490/251223 SSURGO points...
Processed 93500/251223 SSURGO points...
Processed 93510/251223 SSURGO points...
Processed 93520/251223 SSURGO points...
Processed 93530/251223 SSURGO points...
Processed 93540/251223 SSURGO points...
Processed 93550/251223 SSURGO points...
Processed 93560/251223 SSURGO points...
Processed 93570/251223 SSURGO points...
Processed 93580/251223 SSURGO points...
Processed 93590/251223 SSURGO points...
Processed 93600/251223 SSURGO points...
Processed 93610/251223 SSURGO points...
Processed 93620/251223 SSURGO points...
Processed 93630/251223 SSURGO points...
Processed 93640/251223 SSURGO points...
Processed 93650/251223 SSURGO points...
Processed 93660/251223 SSURGO points...
Processed 93670/251223 SSURGO points...
Processed 93680/251223 SSURGO points...
Processed 93690/251223 SSURGO points...
Processed 93700/251223 SSURGO points...
Processed 93710/251223 SSURGO points...
Processed 93720/251223 SSURGO points...
Processed 93730/251223 SSURGO points...
Processed 93740/251223 SSURGO points...
Processed 93750/251223 SSURGO points...
Processed 93760/251223 SSURGO points...
Processed 93770/251223 SSURGO points...
Processed 93780/251223 SSURGO points...
Processed 93790/251223 SSURGO points...
Processed 93800/251223 SSURGO points...
Processed 93810/251223 SSURGO points...
Processed 93820/251223 SSURGO points...
Processed 93830/251223 SSURGO points...
Processed 93840/251223 SSURGO points...
Processed 93850/251223 SSURGO points...
Processed 93860/251223 SSURGO points...
Processed 93870/251223 SSURGO points...
Processed 93880/251223 SSURGO points...
Processed 93890/251223 SSURGO points...
Processed 93900/251223 SSURGO points...
Processed 93910/251223 SSURGO points...
Processed 93920/251223 SSURGO points...
Processed 93930/251223 SSURGO points...
Processed 93940/251223 SSURGO points...
Processed 93950/251223 SSURGO points...
Processed 93960/251223 SSURGO points...
Processed 93970/251223 SSURGO points...
Processed 93980/251223 SSURGO points...
Processed 93990/251223 SSURGO points...
Processed 94000/251223 SSURGO points...
Processed 94010/251223 SSURGO points...
Processed 94020/251223 SSURGO points...
Processed 94030/251223 SSURGO points...
Processed 94040/251223 SSURGO points...
Processed 94050/251223 SSURGO points...
Processed 94060/251223 SSURGO points...
Processed 94070/251223 SSURGO points...
Processed 94080/251223 SSURGO points...
Processed 94090/251223 SSURGO points...
Processed 94100/251223 SSURGO points...
Processed 94110/251223 SSURGO points...
Processed 94120/251223 SSURGO points...
Processed 94130/251223 SSURGO points...
Processed 94140/251223 SSURGO points...
Processed 94150/251223 SSURGO points...
Processed 94160/251223 SSURGO points...
Processed 94170/251223 SSURGO points...
Processed 94180/251223 SSURGO points...
Processed 94190/251223 SSURGO points...
Processed 94200/251223 SSURGO points...
Processed 94210/251223 SSURGO points...
Processed 94220/251223 SSURGO points...
Processed 94230/251223 SSURGO points...
Processed 94240/251223 SSURGO points...
Processed 94250/251223 SSURGO points...
Processed 94260/251223 SSURGO points...
Processed 94270/251223 SSURGO points...
Processed 94280/251223 SSURGO points...
Processed 94290/251223 SSURGO points...
Processed 94300/251223 SSURGO points...
Processed 94310/251223 SSURGO points...
Processed 94320/251223 SSURGO points...
Processed 94330/251223 SSURGO points...
Processed 94340/251223 SSURGO points...
Processed 94350/251223 SSURGO points...
Processed 94360/251223 SSURGO points...
Processed 94370/251223 SSURGO points...
Processed 94380/251223 SSURGO points...
Processed 94390/251223 SSURGO points...
Processed 94400/251223 SSURGO points...
Processed 94410/251223 SSURGO points...
Processed 94420/251223 SSURGO points...
Processed 94430/251223 SSURGO points...
Processed 94440/251223 SSURGO points...
Processed 94450/251223 SSURGO points...
Processed 94460/251223 SSURGO points...
Processed 94470/251223 SSURGO points...
Processed 94480/251223 SSURGO points...
Processed 94490/251223 SSURGO points...
Processed 94500/251223 SSURGO points...
Processed 94510/251223 SSURGO points...
Processed 94520/251223 SSURGO points...
Processed 94530/251223 SSURGO points...
Processed 94540/251223 SSURGO points...
Processed 94550/251223 SSURGO points...
Processed 94560/251223 SSURGO points...
Processed 94570/251223 SSURGO points...
Processed 94580/251223 SSURGO points...
Processed 94590/251223 SSURGO points...
Processed 94600/251223 SSURGO points...
Processed 94610/251223 SSURGO points...
Processed 94620/251223 SSURGO points...
Processed 94630/251223 SSURGO points...
Processed 94640/251223 SSURGO points...
Processed 94650/251223 SSURGO points...
Processed 94660/251223 SSURGO points...
Processed 94670/251223 SSURGO points...
Processed 94680/251223 SSURGO points...
Processed 94690/251223 SSURGO points...
Processed 94700/251223 SSURGO points...
Processed 94710/251223 SSURGO points...
Processed 94720/251223 SSURGO points...
Processed 94730/251223 SSURGO points...
Processed 94740/251223 SSURGO points...
Processed 94750/251223 SSURGO points...
Processed 94760/251223 SSURGO points...
Processed 94770/251223 SSURGO points...
Processed 94780/251223 SSURGO points...
Processed 94790/251223 SSURGO points...
Processed 94800/251223 SSURGO points...
Processed 94810/251223 SSURGO points...
Processed 94820/251223 SSURGO points...
Processed 94830/251223 SSURGO points...
Processed 94840/251223 SSURGO points...
Processed 94850/251223 SSURGO points...
Processed 94860/251223 SSURGO points...
Processed 94870/251223 SSURGO points...
Processed 94880/251223 SSURGO points...
Processed 94890/251223 SSURGO points...
Processed 94900/251223 SSURGO points...
Processed 94910/251223 SSURGO points...
Processed 94920/251223 SSURGO points...
Processed 94930/251223 SSURGO points...
Processed 94940/251223 SSURGO points...
Processed 94950/251223 SSURGO points...
Processed 94960/251223 SSURGO points...
Processed 94970/251223 SSURGO points...
Processed 94980/251223 SSURGO points...
Processed 94990/251223 SSURGO points...
Processed 95000/251223 SSURGO points...
Processed 95010/251223 SSURGO points...
Processed 95020/251223 SSURGO points...
Processed 95030/251223 SSURGO points...
Processed 95040/251223 SSURGO points...
Processed 95050/251223 SSURGO points...
Processed 95060/251223 SSURGO points...
Processed 95070/251223 SSURGO points...
Processed 95080/251223 SSURGO points...
Processed 95090/251223 SSURGO points...
Processed 95100/251223 SSURGO points...
Processed 95110/251223 SSURGO points...
Processed 95120/251223 SSURGO points...
Processed 95130/251223 SSURGO points...
Processed 95140/251223 SSURGO points...
Processed 95150/251223 SSURGO points...
Processed 95160/251223 SSURGO points...
Processed 95170/251223 SSURGO points...
Processed 95180/251223 SSURGO points...
Processed 95190/251223 SSURGO points...
Processed 95200/251223 SSURGO points...
Processed 95210/251223 SSURGO points...
Processed 95220/251223 SSURGO points...
Processed 95230/251223 SSURGO points...
Processed 95240/251223 SSURGO points...
Processed 95250/251223 SSURGO points...
Processed 95260/251223 SSURGO points...
Processed 95270/251223 SSURGO points...
Processed 95280/251223 SSURGO points...
Processed 95290/251223 SSURGO points...
Processed 95300/251223 SSURGO points...
Processed 95310/251223 SSURGO points...
Processed 95320/251223 SSURGO points...
Processed 95330/251223 SSURGO points...
Processed 95340/251223 SSURGO points...
Processed 95350/251223 SSURGO points...
Processed 95360/251223 SSURGO points...
Processed 95370/251223 SSURGO points...
Processed 95380/251223 SSURGO points...
Processed 95390/251223 SSURGO points...
Processed 95400/251223 SSURGO points...
Processed 95410/251223 SSURGO points...
Processed 95420/251223 SSURGO points...
Processed 95430/251223 SSURGO points...
Processed 95440/251223 SSURGO points...
Processed 95450/251223 SSURGO points...
Processed 95460/251223 SSURGO points...
Processed 95470/251223 SSURGO points...
Processed 95480/251223 SSURGO points...
Processed 95490/251223 SSURGO points...
Processed 95500/251223 SSURGO points...
Processed 95510/251223 SSURGO points...
Processed 95520/251223 SSURGO points...
Processed 95530/251223 SSURGO points...
Processed 95540/251223 SSURGO points...
Processed 95550/251223 SSURGO points...
Processed 95560/251223 SSURGO points...
Processed 95570/251223 SSURGO points...
Processed 95580/251223 SSURGO points...
Processed 95590/251223 SSURGO points...
Processed 95600/251223 SSURGO points...
Processed 95610/251223 SSURGO points...
Processed 95620/251223 SSURGO points...
Processed 95630/251223 SSURGO points...
Processed 95640/251223 SSURGO points...
Processed 95650/251223 SSURGO points...
Processed 95660/251223 SSURGO points...
Processed 95670/251223 SSURGO points...
Processed 95680/251223 SSURGO points...
Processed 95690/251223 SSURGO points...
Processed 95700/251223 SSURGO points...
Processed 95710/251223 SSURGO points...
Processed 95720/251223 SSURGO points...
Processed 95730/251223 SSURGO points...
Processed 95740/251223 SSURGO points...
Processed 95750/251223 SSURGO points...
Processed 95760/251223 SSURGO points...
Processed 95770/251223 SSURGO points...
Processed 95780/251223 SSURGO points...
Processed 95790/251223 SSURGO points...
Processed 95800/251223 SSURGO points...
Processed 95810/251223 SSURGO points...
Processed 95820/251223 SSURGO points...
Processed 95830/251223 SSURGO points...
Processed 95840/251223 SSURGO points...
Processed 95850/251223 SSURGO points...
Processed 95860/251223 SSURGO points...
Processed 95870/251223 SSURGO points...
Processed 95880/251223 SSURGO points...
Processed 95890/251223 SSURGO points...
Processed 95900/251223 SSURGO points...
Processed 95910/251223 SSURGO points...
Processed 95920/251223 SSURGO points...
Processed 95930/251223 SSURGO points...
Processed 95940/251223 SSURGO points...
Processed 95950/251223 SSURGO points...
Processed 95960/251223 SSURGO points...
Processed 95970/251223 SSURGO points...
Processed 95980/251223 SSURGO points...
Processed 95990/251223 SSURGO points...
Processed 96000/251223 SSURGO points...
Processed 96010/251223 SSURGO points...
Processed 96020/251223 SSURGO points...
Processed 96030/251223 SSURGO points...
Processed 96040/251223 SSURGO points...
Processed 96050/251223 SSURGO points...
Processed 96060/251223 SSURGO points...
Processed 96070/251223 SSURGO points...
Processed 96080/251223 SSURGO points...
Processed 96090/251223 SSURGO points...
Processed 96100/251223 SSURGO points...
Processed 96110/251223 SSURGO points...
Processed 96120/251223 SSURGO points...
Processed 96130/251223 SSURGO points...
Processed 96140/251223 SSURGO points...
Processed 96150/251223 SSURGO points...
Processed 96160/251223 SSURGO points...
Processed 96170/251223 SSURGO points...
Processed 96180/251223 SSURGO points...
Processed 96190/251223 SSURGO points...
Processed 96200/251223 SSURGO points...
Processed 96210/251223 SSURGO points...
Processed 96220/251223 SSURGO points...
Processed 96230/251223 SSURGO points...
Processed 96240/251223 SSURGO points...
Processed 96250/251223 SSURGO points...
Processed 96260/251223 SSURGO points...
Processed 96270/251223 SSURGO points...
Processed 96280/251223 SSURGO points...
Processed 96290/251223 SSURGO points...
Processed 96300/251223 SSURGO points...
Processed 96310/251223 SSURGO points...
Processed 96320/251223 SSURGO points...
Processed 96330/251223 SSURGO points...
Processed 96340/251223 SSURGO points...
Processed 96350/251223 SSURGO points...
Processed 96360/251223 SSURGO points...
Processed 96370/251223 SSURGO points...
Processed 96380/251223 SSURGO points...
Processed 96390/251223 SSURGO points...
Processed 96400/251223 SSURGO points...
Processed 96410/251223 SSURGO points...
Processed 96420/251223 SSURGO points...
Processed 96430/251223 SSURGO points...
Processed 96440/251223 SSURGO points...
Processed 96450/251223 SSURGO points...
Processed 96460/251223 SSURGO points...
Processed 96470/251223 SSURGO points...
Processed 96480/251223 SSURGO points...
Processed 96490/251223 SSURGO points...
Processed 96500/251223 SSURGO points...
Processed 96510/251223 SSURGO points...
Processed 96520/251223 SSURGO points...
Processed 96530/251223 SSURGO points...
Processed 96540/251223 SSURGO points...
Processed 96550/251223 SSURGO points...
Processed 96560/251223 SSURGO points...
Processed 96570/251223 SSURGO points...
Processed 96580/251223 SSURGO points...
Processed 96590/251223 SSURGO points...
Processed 96600/251223 SSURGO points...
Processed 96610/251223 SSURGO points...
Processed 96620/251223 SSURGO points...
Processed 96630/251223 SSURGO points...
Processed 96640/251223 SSURGO points...
Processed 96650/251223 SSURGO points...
Processed 96660/251223 SSURGO points...
Processed 96670/251223 SSURGO points...
Processed 96680/251223 SSURGO points...
Processed 96690/251223 SSURGO points...
Processed 96700/251223 SSURGO points...
Processed 96710/251223 SSURGO points...
Processed 96720/251223 SSURGO points...
Processed 96730/251223 SSURGO points...
Processed 96740/251223 SSURGO points...
Processed 96750/251223 SSURGO points...
Processed 96760/251223 SSURGO points...
Processed 96770/251223 SSURGO points...
Processed 96780/251223 SSURGO points...
Processed 96790/251223 SSURGO points...
Processed 96800/251223 SSURGO points...
Processed 96810/251223 SSURGO points...
Processed 96820/251223 SSURGO points...
Processed 96830/251223 SSURGO points...
Processed 96840/251223 SSURGO points...
Processed 96850/251223 SSURGO points...
Processed 96860/251223 SSURGO points...
Processed 96870/251223 SSURGO points...
Processed 96880/251223 SSURGO points...
Processed 96890/251223 SSURGO points...
Processed 96900/251223 SSURGO points...
Processed 96910/251223 SSURGO points...
Processed 96920/251223 SSURGO points...
Processed 96930/251223 SSURGO points...
Processed 96940/251223 SSURGO points...
Processed 96950/251223 SSURGO points...
Processed 96960/251223 SSURGO points...
Processed 96970/251223 SSURGO points...
Processed 96980/251223 SSURGO points...
Processed 96990/251223 SSURGO points...
Processed 97000/251223 SSURGO points...
Processed 97010/251223 SSURGO points...
Processed 97020/251223 SSURGO points...
Processed 97030/251223 SSURGO points...
Processed 97040/251223 SSURGO points...
Processed 97050/251223 SSURGO points...
Processed 97060/251223 SSURGO points...
Processed 97070/251223 SSURGO points...
Processed 97080/251223 SSURGO points...
Processed 97090/251223 SSURGO points...
Processed 97100/251223 SSURGO points...
Processed 97110/251223 SSURGO points...
Processed 97120/251223 SSURGO points...
Processed 97130/251223 SSURGO points...
Processed 97140/251223 SSURGO points...
Processed 97150/251223 SSURGO points...
Processed 97160/251223 SSURGO points...
Processed 97170/251223 SSURGO points...
Processed 97180/251223 SSURGO points...
Processed 97190/251223 SSURGO points...
Processed 97200/251223 SSURGO points...
Processed 97210/251223 SSURGO points...
Processed 97220/251223 SSURGO points...
Processed 97230/251223 SSURGO points...
Processed 97240/251223 SSURGO points...
Processed 97250/251223 SSURGO points...
Processed 97260/251223 SSURGO points...
Processed 97270/251223 SSURGO points...
Processed 97280/251223 SSURGO points...
Processed 97290/251223 SSURGO points...
Processed 97300/251223 SSURGO points...
Processed 97310/251223 SSURGO points...
Processed 97320/251223 SSURGO points...
Processed 97330/251223 SSURGO points...
Processed 97340/251223 SSURGO points...
Processed 97350/251223 SSURGO points...
Processed 97360/251223 SSURGO points...
Processed 97370/251223 SSURGO points...
Processed 97380/251223 SSURGO points...
Processed 97390/251223 SSURGO points...
Processed 97400/251223 SSURGO points...
Processed 97410/251223 SSURGO points...
Processed 97420/251223 SSURGO points...
Processed 97430/251223 SSURGO points...
Processed 97440/251223 SSURGO points...
Processed 97450/251223 SSURGO points...
Processed 97460/251223 SSURGO points...
Processed 97470/251223 SSURGO points...
Processed 97480/251223 SSURGO points...
Processed 97490/251223 SSURGO points...
Processed 97500/251223 SSURGO points...
Processed 97510/251223 SSURGO points...
Processed 97520/251223 SSURGO points...
Processed 97530/251223 SSURGO points...
Processed 97540/251223 SSURGO points...
Processed 97550/251223 SSURGO points...
Processed 97560/251223 SSURGO points...
Processed 97570/251223 SSURGO points...
Processed 97580/251223 SSURGO points...
Processed 97590/251223 SSURGO points...
Processed 97600/251223 SSURGO points...
Processed 97610/251223 SSURGO points...
Processed 97620/251223 SSURGO points...
Processed 97630/251223 SSURGO points...
Processed 97640/251223 SSURGO points...
Processed 97650/251223 SSURGO points...
Processed 97660/251223 SSURGO points...
Processed 97670/251223 SSURGO points...
Processed 97680/251223 SSURGO points...
Processed 97690/251223 SSURGO points...
Processed 97700/251223 SSURGO points...
Processed 97710/251223 SSURGO points...
Processed 97720/251223 SSURGO points...
Processed 97730/251223 SSURGO points...
Processed 97740/251223 SSURGO points...
Processed 97750/251223 SSURGO points...
Processed 97760/251223 SSURGO points...
Processed 97770/251223 SSURGO points...
Processed 97780/251223 SSURGO points...
Processed 97790/251223 SSURGO points...
Processed 97800/251223 SSURGO points...
Processed 97810/251223 SSURGO points...
Processed 97820/251223 SSURGO points...
Processed 97830/251223 SSURGO points...
Processed 97840/251223 SSURGO points...
Processed 97850/251223 SSURGO points...
Processed 97860/251223 SSURGO points...
Processed 97870/251223 SSURGO points...
Processed 97880/251223 SSURGO points...
Processed 97890/251223 SSURGO points...
Processed 97900/251223 SSURGO points...
Processed 97910/251223 SSURGO points...
Processed 97920/251223 SSURGO points...
Processed 97930/251223 SSURGO points...
Processed 97940/251223 SSURGO points...
Processed 97950/251223 SSURGO points...
Processed 97960/251223 SSURGO points...
Processed 97970/251223 SSURGO points...
Processed 97980/251223 SSURGO points...
Processed 97990/251223 SSURGO points...
Processed 98000/251223 SSURGO points...
Processed 98010/251223 SSURGO points...
Processed 98020/251223 SSURGO points...
Processed 98030/251223 SSURGO points...
Processed 98040/251223 SSURGO points...
Processed 98050/251223 SSURGO points...
Processed 98060/251223 SSURGO points...
Processed 98070/251223 SSURGO points...
Processed 98080/251223 SSURGO points...
Processed 98090/251223 SSURGO points...
Processed 98100/251223 SSURGO points...
Processed 98110/251223 SSURGO points...
Processed 98120/251223 SSURGO points...
Processed 98130/251223 SSURGO points...
Processed 98140/251223 SSURGO points...
Processed 98150/251223 SSURGO points...
Processed 98160/251223 SSURGO points...
Processed 98170/251223 SSURGO points...
Processed 98180/251223 SSURGO points...
Processed 98190/251223 SSURGO points...
Processed 98200/251223 SSURGO points...
Processed 98210/251223 SSURGO points...
Processed 98220/251223 SSURGO points...
Processed 98230/251223 SSURGO points...
Processed 98240/251223 SSURGO points...
Processed 98250/251223 SSURGO points...
Processed 98260/251223 SSURGO points...
Processed 98270/251223 SSURGO points...
Processed 98280/251223 SSURGO points...
Processed 98290/251223 SSURGO points...
Processed 98300/251223 SSURGO points...
Processed 98310/251223 SSURGO points...
Processed 98320/251223 SSURGO points...
Processed 98330/251223 SSURGO points...
Processed 98340/251223 SSURGO points...
Processed 98350/251223 SSURGO points...
Processed 98360/251223 SSURGO points...
Processed 98370/251223 SSURGO points...
Processed 98380/251223 SSURGO points...
Processed 98390/251223 SSURGO points...
Processed 98400/251223 SSURGO points...
Processed 98410/251223 SSURGO points...
Processed 98420/251223 SSURGO points...
Processed 98430/251223 SSURGO points...
Processed 98440/251223 SSURGO points...
Processed 98450/251223 SSURGO points...
Processed 98460/251223 SSURGO points...
Processed 98470/251223 SSURGO points...
Processed 98480/251223 SSURGO points...
Processed 98490/251223 SSURGO points...
Processed 98500/251223 SSURGO points...
Processed 98510/251223 SSURGO points...
Processed 98520/251223 SSURGO points...
Processed 98530/251223 SSURGO points...
Processed 98540/251223 SSURGO points...
Processed 98550/251223 SSURGO points...
Processed 98560/251223 SSURGO points...
Processed 98570/251223 SSURGO points...
Processed 98580/251223 SSURGO points...
Processed 98590/251223 SSURGO points...
Processed 98600/251223 SSURGO points...
Processed 98610/251223 SSURGO points...
Processed 98620/251223 SSURGO points...
Processed 98630/251223 SSURGO points...
Processed 98640/251223 SSURGO points...
Processed 98650/251223 SSURGO points...
Processed 98660/251223 SSURGO points...
Processed 98670/251223 SSURGO points...
Processed 98680/251223 SSURGO points...
Processed 98690/251223 SSURGO points...
Processed 98700/251223 SSURGO points...
Processed 98710/251223 SSURGO points...
Processed 98720/251223 SSURGO points...
Processed 98730/251223 SSURGO points...
Processed 98740/251223 SSURGO points...
Processed 98750/251223 SSURGO points...
Processed 98760/251223 SSURGO points...
Processed 98770/251223 SSURGO points...
Processed 98780/251223 SSURGO points...
Processed 98790/251223 SSURGO points...
Processed 98800/251223 SSURGO points...
Processed 98810/251223 SSURGO points...
Processed 98820/251223 SSURGO points...
Processed 98830/251223 SSURGO points...
Processed 98840/251223 SSURGO points...
Processed 98850/251223 SSURGO points...
Processed 98860/251223 SSURGO points...
Processed 98870/251223 SSURGO points...
Processed 98880/251223 SSURGO points...
Processed 98890/251223 SSURGO points...
Processed 98900/251223 SSURGO points...
Processed 98910/251223 SSURGO points...
Processed 98920/251223 SSURGO points...
Processed 98930/251223 SSURGO points...
Processed 98940/251223 SSURGO points...
Processed 98950/251223 SSURGO points...
Processed 98960/251223 SSURGO points...
Processed 98970/251223 SSURGO points...
Processed 98980/251223 SSURGO points...
Processed 98990/251223 SSURGO points...
Processed 99000/251223 SSURGO points...
Processed 99010/251223 SSURGO points...
Processed 99020/251223 SSURGO points...
Processed 99030/251223 SSURGO points...
Processed 99040/251223 SSURGO points...
Processed 99050/251223 SSURGO points...
Processed 99060/251223 SSURGO points...
Processed 99070/251223 SSURGO points...
Processed 99080/251223 SSURGO points...
Processed 99090/251223 SSURGO points...
Processed 99100/251223 SSURGO points...
Processed 99110/251223 SSURGO points...
Processed 99120/251223 SSURGO points...
Processed 99130/251223 SSURGO points...
Processed 99140/251223 SSURGO points...
Processed 99150/251223 SSURGO points...
Processed 99160/251223 SSURGO points...
Processed 99170/251223 SSURGO points...
Processed 99180/251223 SSURGO points...
Processed 99190/251223 SSURGO points...
Processed 99200/251223 SSURGO points...
Processed 99210/251223 SSURGO points...
Processed 99220/251223 SSURGO points...
Processed 99230/251223 SSURGO points...
Processed 99240/251223 SSURGO points...
Processed 99250/251223 SSURGO points...
Processed 99260/251223 SSURGO points...
Processed 99270/251223 SSURGO points...
Processed 99280/251223 SSURGO points...
Processed 99290/251223 SSURGO points...
Processed 99300/251223 SSURGO points...
Processed 99310/251223 SSURGO points...
Processed 99320/251223 SSURGO points...
Processed 99330/251223 SSURGO points...
Processed 99340/251223 SSURGO points...
Processed 99350/251223 SSURGO points...
Processed 99360/251223 SSURGO points...
Processed 99370/251223 SSURGO points...
Processed 99380/251223 SSURGO points...
Processed 99390/251223 SSURGO points...
Processed 99400/251223 SSURGO points...
Processed 99410/251223 SSURGO points...
Processed 99420/251223 SSURGO points...
Processed 99430/251223 SSURGO points...
Processed 99440/251223 SSURGO points...
Processed 99450/251223 SSURGO points...
Processed 99460/251223 SSURGO points...
Processed 99470/251223 SSURGO points...
Processed 99480/251223 SSURGO points...
Processed 99490/251223 SSURGO points...
Processed 99500/251223 SSURGO points...
Processed 99510/251223 SSURGO points...
Processed 99520/251223 SSURGO points...
Processed 99530/251223 SSURGO points...
Processed 99540/251223 SSURGO points...
Processed 99550/251223 SSURGO points...
Processed 99560/251223 SSURGO points...
Processed 99570/251223 SSURGO points...
Processed 99580/251223 SSURGO points...
Processed 99590/251223 SSURGO points...
Processed 99600/251223 SSURGO points...
Processed 99610/251223 SSURGO points...
Processed 99620/251223 SSURGO points...
Processed 99630/251223 SSURGO points...
Processed 99640/251223 SSURGO points...
Processed 99650/251223 SSURGO points...
Processed 99660/251223 SSURGO points...
Processed 99670/251223 SSURGO points...
Processed 99680/251223 SSURGO points...
Processed 99690/251223 SSURGO points...
Processed 99700/251223 SSURGO points...
Processed 99710/251223 SSURGO points...
Processed 99720/251223 SSURGO points...
Processed 99730/251223 SSURGO points...
Processed 99740/251223 SSURGO points...
Processed 99750/251223 SSURGO points...
Processed 99760/251223 SSURGO points...
Processed 99770/251223 SSURGO points...
Processed 99780/251223 SSURGO points...
Processed 99790/251223 SSURGO points...
Processed 99800/251223 SSURGO points...
Processed 99810/251223 SSURGO points...
Processed 99820/251223 SSURGO points...
Processed 99830/251223 SSURGO points...
Processed 99840/251223 SSURGO points...
Processed 99850/251223 SSURGO points...
Processed 99860/251223 SSURGO points...
Processed 99870/251223 SSURGO points...
Processed 99880/251223 SSURGO points...
Processed 99890/251223 SSURGO points...
Processed 99900/251223 SSURGO points...
Processed 99910/251223 SSURGO points...
Processed 99920/251223 SSURGO points...
Processed 99930/251223 SSURGO points...
Processed 99940/251223 SSURGO points...
Processed 99950/251223 SSURGO points...
Processed 99960/251223 SSURGO points...
Processed 99970/251223 SSURGO points...
Processed 99980/251223 SSURGO points...
Processed 99990/251223 SSURGO points...
Processed 100000/251223 SSURGO points...
Processed 100010/251223 SSURGO points...
Processed 100020/251223 SSURGO points...
Processed 100030/251223 SSURGO points...
Processed 100040/251223 SSURGO points...
Processed 100050/251223 SSURGO points...
Processed 100060/251223 SSURGO points...
Processed 100070/251223 SSURGO points...
Processed 100080/251223 SSURGO points...
Processed 100090/251223 SSURGO points...
Processed 100100/251223 SSURGO points...
Processed 100110/251223 SSURGO points...
Processed 100120/251223 SSURGO points...
Processed 100130/251223 SSURGO points...
Processed 100140/251223 SSURGO points...
Processed 100150/251223 SSURGO points...
Processed 100160/251223 SSURGO points...
Processed 100170/251223 SSURGO points...
Processed 100180/251223 SSURGO points...
Processed 100190/251223 SSURGO points...
Processed 100200/251223 SSURGO points...
Processed 100210/251223 SSURGO points...
Processed 100220/251223 SSURGO points...
Processed 100230/251223 SSURGO points...
Processed 100240/251223 SSURGO points...
Processed 100250/251223 SSURGO points...
Processed 100260/251223 SSURGO points...
Processed 100270/251223 SSURGO points...
Processed 100280/251223 SSURGO points...
Processed 100290/251223 SSURGO points...
Processed 100300/251223 SSURGO points...
Processed 100310/251223 SSURGO points...
Processed 100320/251223 SSURGO points...
Processed 100330/251223 SSURGO points...
Processed 100340/251223 SSURGO points...
Processed 100350/251223 SSURGO points...
Processed 100360/251223 SSURGO points...
Processed 100370/251223 SSURGO points...
Processed 100380/251223 SSURGO points...
Processed 100390/251223 SSURGO points...
Processed 100400/251223 SSURGO points...
Processed 100410/251223 SSURGO points...
Processed 100420/251223 SSURGO points...
Processed 100430/251223 SSURGO points...
Processed 100440/251223 SSURGO points...
Processed 100450/251223 SSURGO points...
Processed 100460/251223 SSURGO points...
Processed 100470/251223 SSURGO points...
Processed 100480/251223 SSURGO points...
Processed 100490/251223 SSURGO points...
Processed 100500/251223 SSURGO points...
Processed 100510/251223 SSURGO points...
Processed 100520/251223 SSURGO points...
Processed 100530/251223 SSURGO points...
Processed 100540/251223 SSURGO points...
Processed 100550/251223 SSURGO points...
Processed 100560/251223 SSURGO points...
Processed 100570/251223 SSURGO points...
Processed 100580/251223 SSURGO points...
Processed 100590/251223 SSURGO points...
Processed 100600/251223 SSURGO points...
Processed 100610/251223 SSURGO points...
Processed 100620/251223 SSURGO points...
Processed 100630/251223 SSURGO points...
Processed 100640/251223 SSURGO points...
Processed 100650/251223 SSURGO points...
Processed 100660/251223 SSURGO points...
Processed 100670/251223 SSURGO points...
Processed 100680/251223 SSURGO points...
Processed 100690/251223 SSURGO points...
Processed 100700/251223 SSURGO points...
Processed 100710/251223 SSURGO points...
Processed 100720/251223 SSURGO points...
Processed 100730/251223 SSURGO points...
Processed 100740/251223 SSURGO points...
Processed 100750/251223 SSURGO points...
Processed 100760/251223 SSURGO points...
Processed 100770/251223 SSURGO points...
Processed 100780/251223 SSURGO points...
Processed 100790/251223 SSURGO points...
Processed 100800/251223 SSURGO points...
Processed 100810/251223 SSURGO points...
Processed 100820/251223 SSURGO points...
Processed 100830/251223 SSURGO points...
Processed 100840/251223 SSURGO points...
Processed 100850/251223 SSURGO points...
Processed 100860/251223 SSURGO points...
Processed 100870/251223 SSURGO points...
Processed 100880/251223 SSURGO points...
Processed 100890/251223 SSURGO points...
Processed 100900/251223 SSURGO points...
Processed 100910/251223 SSURGO points...
Processed 100920/251223 SSURGO points...
Processed 100930/251223 SSURGO points...
Processed 100940/251223 SSURGO points...
Processed 100950/251223 SSURGO points...
Processed 100960/251223 SSURGO points...
Processed 100970/251223 SSURGO points...
Processed 100980/251223 SSURGO points...
Processed 100990/251223 SSURGO points...
Processed 101000/251223 SSURGO points...
Processed 101010/251223 SSURGO points...
Processed 101020/251223 SSURGO points...
Processed 101030/251223 SSURGO points...
Processed 101040/251223 SSURGO points...
Processed 101050/251223 SSURGO points...
Processed 101060/251223 SSURGO points...
Processed 101070/251223 SSURGO points...
Processed 101080/251223 SSURGO points...
Processed 101090/251223 SSURGO points...
Processed 101100/251223 SSURGO points...
Processed 101110/251223 SSURGO points...
Processed 101120/251223 SSURGO points...
Processed 101130/251223 SSURGO points...
Processed 101140/251223 SSURGO points...
Processed 101150/251223 SSURGO points...
Processed 101160/251223 SSURGO points...
Processed 101170/251223 SSURGO points...
Processed 101180/251223 SSURGO points...
Processed 101190/251223 SSURGO points...
Processed 101200/251223 SSURGO points...
Processed 101210/251223 SSURGO points...
Processed 101220/251223 SSURGO points...
Processed 101230/251223 SSURGO points...
Processed 101240/251223 SSURGO points...
Processed 101250/251223 SSURGO points...
Processed 101260/251223 SSURGO points...
Processed 101270/251223 SSURGO points...
Processed 101280/251223 SSURGO points...
Processed 101290/251223 SSURGO points...
Processed 101300/251223 SSURGO points...
Processed 101310/251223 SSURGO points...
Processed 101320/251223 SSURGO points...
Processed 101330/251223 SSURGO points...
Processed 101340/251223 SSURGO points...
Processed 101350/251223 SSURGO points...
Processed 101360/251223 SSURGO points...
Processed 101370/251223 SSURGO points...
Processed 101380/251223 SSURGO points...
Processed 101390/251223 SSURGO points...
Processed 101400/251223 SSURGO points...
Processed 101410/251223 SSURGO points...
Processed 101420/251223 SSURGO points...
Processed 101430/251223 SSURGO points...
Processed 101440/251223 SSURGO points...
Processed 101450/251223 SSURGO points...
Processed 101460/251223 SSURGO points...
Processed 101470/251223 SSURGO points...
Processed 101480/251223 SSURGO points...
Processed 101490/251223 SSURGO points...
Processed 101500/251223 SSURGO points...
Processed 101510/251223 SSURGO points...
Processed 101520/251223 SSURGO points...
Processed 101530/251223 SSURGO points...
Processed 101540/251223 SSURGO points...
Processed 101550/251223 SSURGO points...
Processed 101560/251223 SSURGO points...
Processed 101570/251223 SSURGO points...
Processed 101580/251223 SSURGO points...
Processed 101590/251223 SSURGO points...
Processed 101600/251223 SSURGO points...
Processed 101610/251223 SSURGO points...
Processed 101620/251223 SSURGO points...
Processed 101630/251223 SSURGO points...
Processed 101640/251223 SSURGO points...
Processed 101650/251223 SSURGO points...
Processed 101660/251223 SSURGO points...
Processed 101670/251223 SSURGO points...
Processed 101680/251223 SSURGO points...
Processed 101690/251223 SSURGO points...
Processed 101700/251223 SSURGO points...
Processed 101710/251223 SSURGO points...
Processed 101720/251223 SSURGO points...
Processed 101730/251223 SSURGO points...
Processed 101740/251223 SSURGO points...
Processed 101750/251223 SSURGO points...
Processed 101760/251223 SSURGO points...
Processed 101770/251223 SSURGO points...
Processed 101780/251223 SSURGO points...
Processed 101790/251223 SSURGO points...
Processed 101800/251223 SSURGO points...
Processed 101810/251223 SSURGO points...
Processed 101820/251223 SSURGO points...
Processed 101830/251223 SSURGO points...
Processed 101840/251223 SSURGO points...
Processed 101850/251223 SSURGO points...
Processed 101860/251223 SSURGO points...
Processed 101870/251223 SSURGO points...
Processed 101880/251223 SSURGO points...
Processed 101890/251223 SSURGO points...
Processed 101900/251223 SSURGO points...
Processed 101910/251223 SSURGO points...
Processed 101920/251223 SSURGO points...
Processed 101930/251223 SSURGO points...
Processed 101940/251223 SSURGO points...
Processed 101950/251223 SSURGO points...
Processed 101960/251223 SSURGO points...
Processed 101970/251223 SSURGO points...
Processed 101980/251223 SSURGO points...
Processed 101990/251223 SSURGO points...
Processed 102000/251223 SSURGO points...
Processed 102010/251223 SSURGO points...
Processed 102020/251223 SSURGO points...
Processed 102030/251223 SSURGO points...
Processed 102040/251223 SSURGO points...
Processed 102050/251223 SSURGO points...
Processed 102060/251223 SSURGO points...
Processed 102070/251223 SSURGO points...
Processed 102080/251223 SSURGO points...
Processed 102090/251223 SSURGO points...
Processed 102100/251223 SSURGO points...
Processed 102110/251223 SSURGO points...
Processed 102120/251223 SSURGO points...
Processed 102130/251223 SSURGO points...
Processed 102140/251223 SSURGO points...
Processed 102150/251223 SSURGO points...
Processed 102160/251223 SSURGO points...
Processed 102170/251223 SSURGO points...
Processed 102180/251223 SSURGO points...
Processed 102190/251223 SSURGO points...
Processed 102200/251223 SSURGO points...
Processed 102210/251223 SSURGO points...
Processed 102220/251223 SSURGO points...
Processed 102230/251223 SSURGO points...
Processed 102240/251223 SSURGO points...
Processed 102250/251223 SSURGO points...
Processed 102260/251223 SSURGO points...
Processed 102270/251223 SSURGO points...
Processed 102280/251223 SSURGO points...
Processed 102290/251223 SSURGO points...
Processed 102300/251223 SSURGO points...
Processed 102310/251223 SSURGO points...
Processed 102320/251223 SSURGO points...
Processed 102330/251223 SSURGO points...
Processed 102340/251223 SSURGO points...
Processed 102350/251223 SSURGO points...
Processed 102360/251223 SSURGO points...
Processed 102370/251223 SSURGO points...
Processed 102380/251223 SSURGO points...
Processed 102390/251223 SSURGO points...
Processed 102400/251223 SSURGO points...
Processed 102410/251223 SSURGO points...
Processed 102420/251223 SSURGO points...
Processed 102430/251223 SSURGO points...
Processed 102440/251223 SSURGO points...
Processed 102450/251223 SSURGO points...
Processed 102460/251223 SSURGO points...
Processed 102470/251223 SSURGO points...
Processed 102480/251223 SSURGO points...
Processed 102490/251223 SSURGO points...
Processed 102500/251223 SSURGO points...
Processed 102510/251223 SSURGO points...
Processed 102520/251223 SSURGO points...
Processed 102530/251223 SSURGO points...
Processed 102540/251223 SSURGO points...
Processed 102550/251223 SSURGO points...
Processed 102560/251223 SSURGO points...
Processed 102570/251223 SSURGO points...
Processed 102580/251223 SSURGO points...
Processed 102590/251223 SSURGO points...
Processed 102600/251223 SSURGO points...
Processed 102610/251223 SSURGO points...
Processed 102620/251223 SSURGO points...
Processed 102630/251223 SSURGO points...
Processed 102640/251223 SSURGO points...
Processed 102650/251223 SSURGO points...
Processed 102660/251223 SSURGO points...
Processed 102670/251223 SSURGO points...
Processed 102680/251223 SSURGO points...
Processed 102690/251223 SSURGO points...
Processed 102700/251223 SSURGO points...
Processed 102710/251223 SSURGO points...
Processed 102720/251223 SSURGO points...
Processed 102730/251223 SSURGO points...
Processed 102740/251223 SSURGO points...
Processed 102750/251223 SSURGO points...
Processed 102760/251223 SSURGO points...
Processed 102770/251223 SSURGO points...
Processed 102780/251223 SSURGO points...
Processed 102790/251223 SSURGO points...
Processed 102800/251223 SSURGO points...
Processed 102810/251223 SSURGO points...
Processed 102820/251223 SSURGO points...
Processed 102830/251223 SSURGO points...
Processed 102840/251223 SSURGO points...
Processed 102850/251223 SSURGO points...
Processed 102860/251223 SSURGO points...
Processed 102870/251223 SSURGO points...
Processed 102880/251223 SSURGO points...
Processed 102890/251223 SSURGO points...
Processed 102900/251223 SSURGO points...
Processed 102910/251223 SSURGO points...
Processed 102920/251223 SSURGO points...
Processed 102930/251223 SSURGO points...
Processed 102940/251223 SSURGO points...
Processed 102950/251223 SSURGO points...
Processed 102960/251223 SSURGO points...
Processed 102970/251223 SSURGO points...
Processed 102980/251223 SSURGO points...
Processed 102990/251223 SSURGO points...
Processed 103000/251223 SSURGO points...
Processed 103010/251223 SSURGO points...
Processed 103020/251223 SSURGO points...
Processed 103030/251223 SSURGO points...
Processed 103040/251223 SSURGO points...
Processed 103050/251223 SSURGO points...
Processed 103060/251223 SSURGO points...
Processed 103070/251223 SSURGO points...
Processed 103080/251223 SSURGO points...
Processed 103090/251223 SSURGO points...
Processed 103100/251223 SSURGO points...
Processed 103110/251223 SSURGO points...
Processed 103120/251223 SSURGO points...
Processed 103130/251223 SSURGO points...
Processed 103140/251223 SSURGO points...
Processed 103150/251223 SSURGO points...
Processed 103160/251223 SSURGO points...
Processed 103170/251223 SSURGO points...
Processed 103180/251223 SSURGO points...
Processed 103190/251223 SSURGO points...
Processed 103200/251223 SSURGO points...
Processed 103210/251223 SSURGO points...
Processed 103220/251223 SSURGO points...
Processed 103230/251223 SSURGO points...
Processed 103240/251223 SSURGO points...
Processed 103250/251223 SSURGO points...
Processed 103260/251223 SSURGO points...
Processed 103270/251223 SSURGO points...
Processed 103280/251223 SSURGO points...
Processed 103290/251223 SSURGO points...
Processed 103300/251223 SSURGO points...
Processed 103310/251223 SSURGO points...
Processed 103320/251223 SSURGO points...
Processed 103330/251223 SSURGO points...
Processed 103340/251223 SSURGO points...
Processed 103350/251223 SSURGO points...
Processed 103360/251223 SSURGO points...
Processed 103370/251223 SSURGO points...
Processed 103380/251223 SSURGO points...
Processed 103390/251223 SSURGO points...
Processed 103400/251223 SSURGO points...
Processed 103410/251223 SSURGO points...
Processed 103420/251223 SSURGO points...
Processed 103430/251223 SSURGO points...
Processed 103440/251223 SSURGO points...
Processed 103450/251223 SSURGO points...
Processed 103460/251223 SSURGO points...
Processed 103470/251223 SSURGO points...
Processed 103480/251223 SSURGO points...
Processed 103490/251223 SSURGO points...
Processed 103500/251223 SSURGO points...
Processed 103510/251223 SSURGO points...
Processed 103520/251223 SSURGO points...
Processed 103530/251223 SSURGO points...
Processed 103540/251223 SSURGO points...
Processed 103550/251223 SSURGO points...
Processed 103560/251223 SSURGO points...
Processed 103570/251223 SSURGO points...
Processed 103580/251223 SSURGO points...
Processed 103590/251223 SSURGO points...
Processed 103600/251223 SSURGO points...
Processed 103610/251223 SSURGO points...
Processed 103620/251223 SSURGO points...
Processed 103630/251223 SSURGO points...
Processed 103640/251223 SSURGO points...
Processed 103650/251223 SSURGO points...
Processed 103660/251223 SSURGO points...
Processed 103670/251223 SSURGO points...
Processed 103680/251223 SSURGO points...
Processed 103690/251223 SSURGO points...
Processed 103700/251223 SSURGO points...
Processed 103710/251223 SSURGO points...
Processed 103720/251223 SSURGO points...
Processed 103730/251223 SSURGO points...
Processed 103740/251223 SSURGO points...
Processed 103750/251223 SSURGO points...
Processed 103760/251223 SSURGO points...
Processed 103770/251223 SSURGO points...
Processed 103780/251223 SSURGO points...
Processed 103790/251223 SSURGO points...
Processed 103800/251223 SSURGO points...
Processed 103810/251223 SSURGO points...
Processed 103820/251223 SSURGO points...
Processed 103830/251223 SSURGO points...
Processed 103840/251223 SSURGO points...
Processed 103850/251223 SSURGO points...
Processed 103860/251223 SSURGO points...
Processed 103870/251223 SSURGO points...
Processed 103880/251223 SSURGO points...
Processed 103890/251223 SSURGO points...
Processed 103900/251223 SSURGO points...
Processed 103910/251223 SSURGO points...
Processed 103920/251223 SSURGO points...
Processed 103930/251223 SSURGO points...
Processed 103940/251223 SSURGO points...
Processed 103950/251223 SSURGO points...
Processed 103960/251223 SSURGO points...
Processed 103970/251223 SSURGO points...
Processed 103980/251223 SSURGO points...
Processed 103990/251223 SSURGO points...
Processed 104000/251223 SSURGO points...
Processed 104010/251223 SSURGO points...
Processed 104020/251223 SSURGO points...
Processed 104030/251223 SSURGO points...
Processed 104040/251223 SSURGO points...
Processed 104050/251223 SSURGO points...
Processed 104060/251223 SSURGO points...
Processed 104070/251223 SSURGO points...
Processed 104080/251223 SSURGO points...
Processed 104090/251223 SSURGO points...
Processed 104100/251223 SSURGO points...
Processed 104110/251223 SSURGO points...
Processed 104120/251223 SSURGO points...
Processed 104130/251223 SSURGO points...
Processed 104140/251223 SSURGO points...
Processed 104150/251223 SSURGO points...
Processed 104160/251223 SSURGO points...
Processed 104170/251223 SSURGO points...
Processed 104180/251223 SSURGO points...
Processed 104190/251223 SSURGO points...
Processed 104200/251223 SSURGO points...
Processed 104210/251223 SSURGO points...
Processed 104220/251223 SSURGO points...
Processed 104230/251223 SSURGO points...
Processed 104240/251223 SSURGO points...
Processed 104250/251223 SSURGO points...
Processed 104260/251223 SSURGO points...
Processed 104270/251223 SSURGO points...
Processed 104280/251223 SSURGO points...
Processed 104290/251223 SSURGO points...
Processed 104300/251223 SSURGO points...
Processed 104310/251223 SSURGO points...
Processed 104320/251223 SSURGO points...
Processed 104330/251223 SSURGO points...
Processed 104340/251223 SSURGO points...
Processed 104350/251223 SSURGO points...
Processed 104360/251223 SSURGO points...
Processed 104370/251223 SSURGO points...
Processed 104380/251223 SSURGO points...
Processed 104390/251223 SSURGO points...
Processed 104400/251223 SSURGO points...
Processed 104410/251223 SSURGO points...
Processed 104420/251223 SSURGO points...
Processed 104430/251223 SSURGO points...
Processed 104440/251223 SSURGO points...
Processed 104450/251223 SSURGO points...
Processed 104460/251223 SSURGO points...
Processed 104470/251223 SSURGO points...
Processed 104480/251223 SSURGO points...
Processed 104490/251223 SSURGO points...
Processed 104500/251223 SSURGO points...
Processed 104510/251223 SSURGO points...
Processed 104520/251223 SSURGO points...
Processed 104530/251223 SSURGO points...
Processed 104540/251223 SSURGO points...
Processed 104550/251223 SSURGO points...
Processed 104560/251223 SSURGO points...
Processed 104570/251223 SSURGO points...
Processed 104580/251223 SSURGO points...
Processed 104590/251223 SSURGO points...
Processed 104600/251223 SSURGO points...
Processed 104610/251223 SSURGO points...
Processed 104620/251223 SSURGO points...
Processed 104630/251223 SSURGO points...
Processed 104640/251223 SSURGO points...
Processed 104650/251223 SSURGO points...
Processed 104660/251223 SSURGO points...
Processed 104670/251223 SSURGO points...
Processed 104680/251223 SSURGO points...
Processed 104690/251223 SSURGO points...
Processed 104700/251223 SSURGO points...
Processed 104710/251223 SSURGO points...
Processed 104720/251223 SSURGO points...
Processed 104730/251223 SSURGO points...
Processed 104740/251223 SSURGO points...
Processed 104750/251223 SSURGO points...
Processed 104760/251223 SSURGO points...
Processed 104770/251223 SSURGO points...
Processed 104780/251223 SSURGO points...
Processed 104790/251223 SSURGO points...
Processed 104800/251223 SSURGO points...
Processed 104810/251223 SSURGO points...
Processed 104820/251223 SSURGO points...
Processed 104830/251223 SSURGO points...
Processed 104840/251223 SSURGO points...
Processed 104850/251223 SSURGO points...
Processed 104860/251223 SSURGO points...
Processed 104870/251223 SSURGO points...
Processed 104880/251223 SSURGO points...
Processed 104890/251223 SSURGO points...
Processed 104900/251223 SSURGO points...
Processed 104910/251223 SSURGO points...
Processed 104920/251223 SSURGO points...
Processed 104930/251223 SSURGO points...
Processed 104940/251223 SSURGO points...
Processed 104950/251223 SSURGO points...
Processed 104960/251223 SSURGO points...
Processed 104970/251223 SSURGO points...
Processed 104980/251223 SSURGO points...
Processed 104990/251223 SSURGO points...
Processed 105000/251223 SSURGO points...
Processed 105010/251223 SSURGO points...
Processed 105020/251223 SSURGO points...
Processed 105030/251223 SSURGO points...
Processed 105040/251223 SSURGO points...
Processed 105050/251223 SSURGO points...
Processed 105060/251223 SSURGO points...
Processed 105070/251223 SSURGO points...
Processed 105080/251223 SSURGO points...
Processed 105090/251223 SSURGO points...
Processed 105100/251223 SSURGO points...
Processed 105110/251223 SSURGO points...
Processed 105120/251223 SSURGO points...
Processed 105130/251223 SSURGO points...
Processed 105140/251223 SSURGO points...
Processed 105150/251223 SSURGO points...
Processed 105160/251223 SSURGO points...
Processed 105170/251223 SSURGO points...
Processed 105180/251223 SSURGO points...
Processed 105190/251223 SSURGO points...
Processed 105200/251223 SSURGO points...
Processed 105210/251223 SSURGO points...
Processed 105220/251223 SSURGO points...
Processed 105230/251223 SSURGO points...
Processed 105240/251223 SSURGO points...
Processed 105250/251223 SSURGO points...
Processed 105260/251223 SSURGO points...
Processed 105270/251223 SSURGO points...
Processed 105280/251223 SSURGO points...
Processed 105290/251223 SSURGO points...
Processed 105300/251223 SSURGO points...
Processed 105310/251223 SSURGO points...
Processed 105320/251223 SSURGO points...
Processed 105330/251223 SSURGO points...
Processed 105340/251223 SSURGO points...
Processed 105350/251223 SSURGO points...
Processed 105360/251223 SSURGO points...
Processed 105370/251223 SSURGO points...
Processed 105380/251223 SSURGO points...
Processed 105390/251223 SSURGO points...
Processed 105400/251223 SSURGO points...
Processed 105410/251223 SSURGO points...
Processed 105420/251223 SSURGO points...
Processed 105430/251223 SSURGO points...
Processed 105440/251223 SSURGO points...
Processed 105450/251223 SSURGO points...
Processed 105460/251223 SSURGO points...
Processed 105470/251223 SSURGO points...
Processed 105480/251223 SSURGO points...
Processed 105490/251223 SSURGO points...
Processed 105500/251223 SSURGO points...
Processed 105510/251223 SSURGO points...
Processed 105520/251223 SSURGO points...
Processed 105530/251223 SSURGO points...
Processed 105540/251223 SSURGO points...
Processed 105550/251223 SSURGO points...
Processed 105560/251223 SSURGO points...
Processed 105570/251223 SSURGO points...
Processed 105580/251223 SSURGO points...
Processed 105590/251223 SSURGO points...
Processed 105600/251223 SSURGO points...
Processed 105610/251223 SSURGO points...
Processed 105620/251223 SSURGO points...
Processed 105630/251223 SSURGO points...
Processed 105640/251223 SSURGO points...
Processed 105650/251223 SSURGO points...
Processed 105660/251223 SSURGO points...
Processed 105670/251223 SSURGO points...
Processed 105680/251223 SSURGO points...
Processed 105690/251223 SSURGO points...
Processed 105700/251223 SSURGO points...
Processed 105710/251223 SSURGO points...
Processed 105720/251223 SSURGO points...
Processed 105730/251223 SSURGO points...
Processed 105740/251223 SSURGO points...
Processed 105750/251223 SSURGO points...
Processed 105760/251223 SSURGO points...
Processed 105770/251223 SSURGO points...
Processed 105780/251223 SSURGO points...
Processed 105790/251223 SSURGO points...
Processed 105800/251223 SSURGO points...
Processed 105810/251223 SSURGO points...
Processed 105820/251223 SSURGO points...
Processed 105830/251223 SSURGO points...
Processed 105840/251223 SSURGO points...
Processed 105850/251223 SSURGO points...
Processed 105860/251223 SSURGO points...
Processed 105870/251223 SSURGO points...
Processed 105880/251223 SSURGO points...
Processed 105890/251223 SSURGO points...
Processed 105900/251223 SSURGO points...
Processed 105910/251223 SSURGO points...
Processed 105920/251223 SSURGO points...
Processed 105930/251223 SSURGO points...
Processed 105940/251223 SSURGO points...
Processed 105950/251223 SSURGO points...
Processed 105960/251223 SSURGO points...
Processed 105970/251223 SSURGO points...
Processed 105980/251223 SSURGO points...
Processed 105990/251223 SSURGO points...
Processed 106000/251223 SSURGO points...
Processed 106010/251223 SSURGO points...
Processed 106020/251223 SSURGO points...
Processed 106030/251223 SSURGO points...
Processed 106040/251223 SSURGO points...
Processed 106050/251223 SSURGO points...
Processed 106060/251223 SSURGO points...
Processed 106070/251223 SSURGO points...
Processed 106080/251223 SSURGO points...
Processed 106090/251223 SSURGO points...
Processed 106100/251223 SSURGO points...
Processed 106110/251223 SSURGO points...
Processed 106120/251223 SSURGO points...
Processed 106130/251223 SSURGO points...
Processed 106140/251223 SSURGO points...
Processed 106150/251223 SSURGO points...
Processed 106160/251223 SSURGO points...
Processed 106170/251223 SSURGO points...
Processed 106180/251223 SSURGO points...
Processed 106190/251223 SSURGO points...
Processed 106200/251223 SSURGO points...
Processed 106210/251223 SSURGO points...
Processed 106220/251223 SSURGO points...
Processed 106230/251223 SSURGO points...
Processed 106240/251223 SSURGO points...
Processed 106250/251223 SSURGO points...
Processed 106260/251223 SSURGO points...
Processed 106270/251223 SSURGO points...
Processed 106280/251223 SSURGO points...
Processed 106290/251223 SSURGO points...
Processed 106300/251223 SSURGO points...
Processed 106310/251223 SSURGO points...
Processed 106320/251223 SSURGO points...
Processed 106330/251223 SSURGO points...
Processed 106340/251223 SSURGO points...
Processed 106350/251223 SSURGO points...
Processed 106360/251223 SSURGO points...
Processed 106370/251223 SSURGO points...
Processed 106380/251223 SSURGO points...
Processed 106390/251223 SSURGO points...
Processed 106400/251223 SSURGO points...
Processed 106410/251223 SSURGO points...
Processed 106420/251223 SSURGO points...
Processed 106430/251223 SSURGO points...
Processed 106440/251223 SSURGO points...
Processed 106450/251223 SSURGO points...
Processed 106460/251223 SSURGO points...
Processed 106470/251223 SSURGO points...
Processed 106480/251223 SSURGO points...
Processed 106490/251223 SSURGO points...
Processed 106500/251223 SSURGO points...
Processed 106510/251223 SSURGO points...
Processed 106520/251223 SSURGO points...
Processed 106530/251223 SSURGO points...
Processed 106540/251223 SSURGO points...
Processed 106550/251223 SSURGO points...
Processed 106560/251223 SSURGO points...
Processed 106570/251223 SSURGO points...
Processed 106580/251223 SSURGO points...
Processed 106590/251223 SSURGO points...
Processed 106600/251223 SSURGO points...
Processed 106610/251223 SSURGO points...
Processed 106620/251223 SSURGO points...
Processed 106630/251223 SSURGO points...
Processed 106640/251223 SSURGO points...
Processed 106650/251223 SSURGO points...
Processed 106660/251223 SSURGO points...
Processed 106670/251223 SSURGO points...
Processed 106680/251223 SSURGO points...
Processed 106690/251223 SSURGO points...
Processed 106700/251223 SSURGO points...
Processed 106710/251223 SSURGO points...
Processed 106720/251223 SSURGO points...
Processed 106730/251223 SSURGO points...
Processed 106740/251223 SSURGO points...
Processed 106750/251223 SSURGO points...
Processed 106760/251223 SSURGO points...
Processed 106770/251223 SSURGO points...
Processed 106780/251223 SSURGO points...
Processed 106790/251223 SSURGO points...
Processed 106800/251223 SSURGO points...
Processed 106810/251223 SSURGO points...
Processed 106820/251223 SSURGO points...
Processed 106830/251223 SSURGO points...
Processed 106840/251223 SSURGO points...
Processed 106850/251223 SSURGO points...
Processed 106860/251223 SSURGO points...
Processed 106870/251223 SSURGO points...
Processed 106880/251223 SSURGO points...
Processed 106890/251223 SSURGO points...
Processed 106900/251223 SSURGO points...
Processed 106910/251223 SSURGO points...
Processed 106920/251223 SSURGO points...
Processed 106930/251223 SSURGO points...
Processed 106940/251223 SSURGO points...
Processed 106950/251223 SSURGO points...
Processed 106960/251223 SSURGO points...
Processed 106970/251223 SSURGO points...
Processed 106980/251223 SSURGO points...
Processed 106990/251223 SSURGO points...
Processed 107000/251223 SSURGO points...
Processed 107010/251223 SSURGO points...
Processed 107020/251223 SSURGO points...
Processed 107030/251223 SSURGO points...
Processed 107040/251223 SSURGO points...
Processed 107050/251223 SSURGO points...
Processed 107060/251223 SSURGO points...
Processed 107070/251223 SSURGO points...
Processed 107080/251223 SSURGO points...
Processed 107090/251223 SSURGO points...
Processed 107100/251223 SSURGO points...
Processed 107110/251223 SSURGO points...
Processed 107120/251223 SSURGO points...
Processed 107130/251223 SSURGO points...
Processed 107140/251223 SSURGO points...
Processed 107150/251223 SSURGO points...
Processed 107160/251223 SSURGO points...
Processed 107170/251223 SSURGO points...
Processed 107180/251223 SSURGO points...
Processed 107190/251223 SSURGO points...
Processed 107200/251223 SSURGO points...
Processed 107210/251223 SSURGO points...
Processed 107220/251223 SSURGO points...
Processed 107230/251223 SSURGO points...
Processed 107240/251223 SSURGO points...
Processed 107250/251223 SSURGO points...
Processed 107260/251223 SSURGO points...
Processed 107270/251223 SSURGO points...
Processed 107280/251223 SSURGO points...
Processed 107290/251223 SSURGO points...
Processed 107300/251223 SSURGO points...
Processed 107310/251223 SSURGO points...
Processed 107320/251223 SSURGO points...
Processed 107330/251223 SSURGO points...
Processed 107340/251223 SSURGO points...
Processed 107350/251223 SSURGO points...
Processed 107360/251223 SSURGO points...
Processed 107370/251223 SSURGO points...
Processed 107380/251223 SSURGO points...
Processed 107390/251223 SSURGO points...
Processed 107400/251223 SSURGO points...
Processed 107410/251223 SSURGO points...
Processed 107420/251223 SSURGO points...
Processed 107430/251223 SSURGO points...
Processed 107440/251223 SSURGO points...
Processed 107450/251223 SSURGO points...
Processed 107460/251223 SSURGO points...
Processed 107470/251223 SSURGO points...
Processed 107480/251223 SSURGO points...
Processed 107490/251223 SSURGO points...
Processed 107500/251223 SSURGO points...
Processed 107510/251223 SSURGO points...
Processed 107520/251223 SSURGO points...
Processed 107530/251223 SSURGO points...
Processed 107540/251223 SSURGO points...
Processed 107550/251223 SSURGO points...
Processed 107560/251223 SSURGO points...
Processed 107570/251223 SSURGO points...
Processed 107580/251223 SSURGO points...
Processed 107590/251223 SSURGO points...
Processed 107600/251223 SSURGO points...
Processed 107610/251223 SSURGO points...
Processed 107620/251223 SSURGO points...
Processed 107630/251223 SSURGO points...
Processed 107640/251223 SSURGO points...
Processed 107650/251223 SSURGO points...
Processed 107660/251223 SSURGO points...
Processed 107670/251223 SSURGO points...
Processed 107680/251223 SSURGO points...
Processed 107690/251223 SSURGO points...
Processed 107700/251223 SSURGO points...
Processed 107710/251223 SSURGO points...
Processed 107720/251223 SSURGO points...
Processed 107730/251223 SSURGO points...
Processed 107740/251223 SSURGO points...
Processed 107750/251223 SSURGO points...
Processed 107760/251223 SSURGO points...
Processed 107770/251223 SSURGO points...
Processed 107780/251223 SSURGO points...
Processed 107790/251223 SSURGO points...
Processed 107800/251223 SSURGO points...
Processed 107810/251223 SSURGO points...
Processed 107820/251223 SSURGO points...
Processed 107830/251223 SSURGO points...
Processed 107840/251223 SSURGO points...
Processed 107850/251223 SSURGO points...
Processed 107860/251223 SSURGO points...
Processed 107870/251223 SSURGO points...
Processed 107880/251223 SSURGO points...
Processed 107890/251223 SSURGO points...
Processed 107900/251223 SSURGO points...
Processed 107910/251223 SSURGO points...
Processed 107920/251223 SSURGO points...
Processed 107930/251223 SSURGO points...
Processed 107940/251223 SSURGO points...
Processed 107950/251223 SSURGO points...
Processed 107960/251223 SSURGO points...
Processed 107970/251223 SSURGO points...
Processed 107980/251223 SSURGO points...
Processed 107990/251223 SSURGO points...
Processed 108000/251223 SSURGO points...
Processed 108010/251223 SSURGO points...
Processed 108020/251223 SSURGO points...
Processed 108030/251223 SSURGO points...
Processed 108040/251223 SSURGO points...
Processed 108050/251223 SSURGO points...
Processed 108060/251223 SSURGO points...
Processed 108070/251223 SSURGO points...
Processed 108080/251223 SSURGO points...
Processed 108090/251223 SSURGO points...
Processed 108100/251223 SSURGO points...
Processed 108110/251223 SSURGO points...
Processed 108120/251223 SSURGO points...
Processed 108130/251223 SSURGO points...
Processed 108140/251223 SSURGO points...
Processed 108150/251223 SSURGO points...
Processed 108160/251223 SSURGO points...
Processed 108170/251223 SSURGO points...
Processed 108180/251223 SSURGO points...
Processed 108190/251223 SSURGO points...
Processed 108200/251223 SSURGO points...
Processed 108210/251223 SSURGO points...
Processed 108220/251223 SSURGO points...
Processed 108230/251223 SSURGO points...
Processed 108240/251223 SSURGO points...
Processed 108250/251223 SSURGO points...
Processed 108260/251223 SSURGO points...
Processed 108270/251223 SSURGO points...
Processed 108280/251223 SSURGO points...
Processed 108290/251223 SSURGO points...
Processed 108300/251223 SSURGO points...
Processed 108310/251223 SSURGO points...
Processed 108320/251223 SSURGO points...
Processed 108330/251223 SSURGO points...
Processed 108340/251223 SSURGO points...
Processed 108350/251223 SSURGO points...
Processed 108360/251223 SSURGO points...
Processed 108370/251223 SSURGO points...
Processed 108380/251223 SSURGO points...
Processed 108390/251223 SSURGO points...
Processed 108400/251223 SSURGO points...
Processed 108410/251223 SSURGO points...
Processed 108420/251223 SSURGO points...
Processed 108430/251223 SSURGO points...
Processed 108440/251223 SSURGO points...
Processed 108450/251223 SSURGO points...
Processed 108460/251223 SSURGO points...
Processed 108470/251223 SSURGO points...
Processed 108480/251223 SSURGO points...
Processed 108490/251223 SSURGO points...
Processed 108500/251223 SSURGO points...
Processed 108510/251223 SSURGO points...
Processed 108520/251223 SSURGO points...
Processed 108530/251223 SSURGO points...
Processed 108540/251223 SSURGO points...
Processed 108550/251223 SSURGO points...
Processed 108560/251223 SSURGO points...
Processed 108570/251223 SSURGO points...
Processed 108580/251223 SSURGO points...
Processed 108590/251223 SSURGO points...
Processed 108600/251223 SSURGO points...
Processed 108610/251223 SSURGO points...
Processed 108620/251223 SSURGO points...
Processed 108630/251223 SSURGO points...
Processed 108640/251223 SSURGO points...
Processed 108650/251223 SSURGO points...
Processed 108660/251223 SSURGO points...
Processed 108670/251223 SSURGO points...
Processed 108680/251223 SSURGO points...
Processed 108690/251223 SSURGO points...
Processed 108700/251223 SSURGO points...
Processed 108710/251223 SSURGO points...
Processed 108720/251223 SSURGO points...
Processed 108730/251223 SSURGO points...
Processed 108740/251223 SSURGO points...
Processed 108750/251223 SSURGO points...
Processed 108760/251223 SSURGO points...
Processed 108770/251223 SSURGO points...
Processed 108780/251223 SSURGO points...
Processed 108790/251223 SSURGO points...
Processed 108800/251223 SSURGO points...
Processed 108810/251223 SSURGO points...
Processed 108820/251223 SSURGO points...
Processed 108830/251223 SSURGO points...
Processed 108840/251223 SSURGO points...
Processed 108850/251223 SSURGO points...
Processed 108860/251223 SSURGO points...
Processed 108870/251223 SSURGO points...
Processed 108880/251223 SSURGO points...
Processed 108890/251223 SSURGO points...
Processed 108900/251223 SSURGO points...
Processed 108910/251223 SSURGO points...
Processed 108920/251223 SSURGO points...
Processed 108930/251223 SSURGO points...
Processed 108940/251223 SSURGO points...
Processed 108950/251223 SSURGO points...
Processed 108960/251223 SSURGO points...
Processed 108970/251223 SSURGO points...
Processed 108980/251223 SSURGO points...
Processed 108990/251223 SSURGO points...
Processed 109000/251223 SSURGO points...
Processed 109010/251223 SSURGO points...
Processed 109020/251223 SSURGO points...
Processed 109030/251223 SSURGO points...
Processed 109040/251223 SSURGO points...
Processed 109050/251223 SSURGO points...
Processed 109060/251223 SSURGO points...
Processed 109070/251223 SSURGO points...
Processed 109080/251223 SSURGO points...
Processed 109090/251223 SSURGO points...
Processed 109100/251223 SSURGO points...
Processed 109110/251223 SSURGO points...
Processed 109120/251223 SSURGO points...
Processed 109130/251223 SSURGO points...
Processed 109140/251223 SSURGO points...
Processed 109150/251223 SSURGO points...
Processed 109160/251223 SSURGO points...
Processed 109170/251223 SSURGO points...
Processed 109180/251223 SSURGO points...
Processed 109190/251223 SSURGO points...
Processed 109200/251223 SSURGO points...
Processed 109210/251223 SSURGO points...
Processed 109220/251223 SSURGO points...
Processed 109230/251223 SSURGO points...
Processed 109240/251223 SSURGO points...
Processed 109250/251223 SSURGO points...
Processed 109260/251223 SSURGO points...
Processed 109270/251223 SSURGO points...
Processed 109280/251223 SSURGO points...
Processed 109290/251223 SSURGO points...
Processed 109300/251223 SSURGO points...
Processed 109310/251223 SSURGO points...
Processed 109320/251223 SSURGO points...
Processed 109330/251223 SSURGO points...
Processed 109340/251223 SSURGO points...
Processed 109350/251223 SSURGO points...
Processed 109360/251223 SSURGO points...
Processed 109370/251223 SSURGO points...
Processed 109380/251223 SSURGO points...
Processed 109390/251223 SSURGO points...
Processed 109400/251223 SSURGO points...
Processed 109410/251223 SSURGO points...
Processed 109420/251223 SSURGO points...
Processed 109430/251223 SSURGO points...
Processed 109440/251223 SSURGO points...
Processed 109450/251223 SSURGO points...
Processed 109460/251223 SSURGO points...
Processed 109470/251223 SSURGO points...
Processed 109480/251223 SSURGO points...
Processed 109490/251223 SSURGO points...
Processed 109500/251223 SSURGO points...
Processed 109510/251223 SSURGO points...
Processed 109520/251223 SSURGO points...
Processed 109530/251223 SSURGO points...
Processed 109540/251223 SSURGO points...
Processed 109550/251223 SSURGO points...
Processed 109560/251223 SSURGO points...
Processed 109570/251223 SSURGO points...
Processed 109580/251223 SSURGO points...
Processed 109590/251223 SSURGO points...
Processed 109600/251223 SSURGO points...
Processed 109610/251223 SSURGO points...
Processed 109620/251223 SSURGO points...
Processed 109630/251223 SSURGO points...
Processed 109640/251223 SSURGO points...
Processed 109650/251223 SSURGO points...
Processed 109660/251223 SSURGO points...
Processed 109670/251223 SSURGO points...
Processed 109680/251223 SSURGO points...
Processed 109690/251223 SSURGO points...
Processed 109700/251223 SSURGO points...
Processed 109710/251223 SSURGO points...
Processed 109720/251223 SSURGO points...
Processed 109730/251223 SSURGO points...
Processed 109740/251223 SSURGO points...
Processed 109750/251223 SSURGO points...
Processed 109760/251223 SSURGO points...
Processed 109770/251223 SSURGO points...
Processed 109780/251223 SSURGO points...
Processed 109790/251223 SSURGO points...
Processed 109800/251223 SSURGO points...
Processed 109810/251223 SSURGO points...
Processed 109820/251223 SSURGO points...
Processed 109830/251223 SSURGO points...
Processed 109840/251223 SSURGO points...
Processed 109850/251223 SSURGO points...
Processed 109860/251223 SSURGO points...
Processed 109870/251223 SSURGO points...
Processed 109880/251223 SSURGO points...
Processed 109890/251223 SSURGO points...
Processed 109900/251223 SSURGO points...
Processed 109910/251223 SSURGO points...
Processed 109920/251223 SSURGO points...
Processed 109930/251223 SSURGO points...
Processed 109940/251223 SSURGO points...
Processed 109950/251223 SSURGO points...
Processed 109960/251223 SSURGO points...
Processed 109970/251223 SSURGO points...
Processed 109980/251223 SSURGO points...
Processed 109990/251223 SSURGO points...
Processed 110000/251223 SSURGO points...
Processed 110010/251223 SSURGO points...
Processed 110020/251223 SSURGO points...
Processed 110030/251223 SSURGO points...
Processed 110040/251223 SSURGO points...
Processed 110050/251223 SSURGO points...
Processed 110060/251223 SSURGO points...
Processed 110070/251223 SSURGO points...
Processed 110080/251223 SSURGO points...
Processed 110090/251223 SSURGO points...
Processed 110100/251223 SSURGO points...
Processed 110110/251223 SSURGO points...
Processed 110120/251223 SSURGO points...
Processed 110130/251223 SSURGO points...
Processed 110140/251223 SSURGO points...
Processed 110150/251223 SSURGO points...
Processed 110160/251223 SSURGO points...
Processed 110170/251223 SSURGO points...
Processed 110180/251223 SSURGO points...
Processed 110190/251223 SSURGO points...
Processed 110200/251223 SSURGO points...
Processed 110210/251223 SSURGO points...
Processed 110220/251223 SSURGO points...
Processed 110230/251223 SSURGO points...
Processed 110240/251223 SSURGO points...
Processed 110250/251223 SSURGO points...
Processed 110260/251223 SSURGO points...
Processed 110270/251223 SSURGO points...
Processed 110280/251223 SSURGO points...
Processed 110290/251223 SSURGO points...
Processed 110300/251223 SSURGO points...
Processed 110310/251223 SSURGO points...
Processed 110320/251223 SSURGO points...
Processed 110330/251223 SSURGO points...
Processed 110340/251223 SSURGO points...
Processed 110350/251223 SSURGO points...
Processed 110360/251223 SSURGO points...
Processed 110370/251223 SSURGO points...
Processed 110380/251223 SSURGO points...
Processed 110390/251223 SSURGO points...
Processed 110400/251223 SSURGO points...
Processed 110410/251223 SSURGO points...
Processed 110420/251223 SSURGO points...
Processed 110430/251223 SSURGO points...
Processed 110440/251223 SSURGO points...
Processed 110450/251223 SSURGO points...
Processed 110460/251223 SSURGO points...
Processed 110470/251223 SSURGO points...
Processed 110480/251223 SSURGO points...
Processed 110490/251223 SSURGO points...
Processed 110500/251223 SSURGO points...
Processed 110510/251223 SSURGO points...
Processed 110520/251223 SSURGO points...
Processed 110530/251223 SSURGO points...
Processed 110540/251223 SSURGO points...
Processed 110550/251223 SSURGO points...
Processed 110560/251223 SSURGO points...
Processed 110570/251223 SSURGO points...
Processed 110580/251223 SSURGO points...
Processed 110590/251223 SSURGO points...
Processed 110600/251223 SSURGO points...
Processed 110610/251223 SSURGO points...
Processed 110620/251223 SSURGO points...
Processed 110630/251223 SSURGO points...
Processed 110640/251223 SSURGO points...
Processed 110650/251223 SSURGO points...
Processed 110660/251223 SSURGO points...
Processed 110670/251223 SSURGO points...
Processed 110680/251223 SSURGO points...
Processed 110690/251223 SSURGO points...
Processed 110700/251223 SSURGO points...
Processed 110710/251223 SSURGO points...
Processed 110720/251223 SSURGO points...
Processed 110730/251223 SSURGO points...
Processed 110740/251223 SSURGO points...
Processed 110750/251223 SSURGO points...
Processed 110760/251223 SSURGO points...
Processed 110770/251223 SSURGO points...
Processed 110780/251223 SSURGO points...
Processed 110790/251223 SSURGO points...
Processed 110800/251223 SSURGO points...
Processed 110810/251223 SSURGO points...
Processed 110820/251223 SSURGO points...
Processed 110830/251223 SSURGO points...
Processed 110840/251223 SSURGO points...
Processed 110850/251223 SSURGO points...
Processed 110860/251223 SSURGO points...
Processed 110870/251223 SSURGO points...
Processed 110880/251223 SSURGO points...
Processed 110890/251223 SSURGO points...
Processed 110900/251223 SSURGO points...
Processed 110910/251223 SSURGO points...
Processed 110920/251223 SSURGO points...
Processed 110930/251223 SSURGO points...
Processed 110940/251223 SSURGO points...
Processed 110950/251223 SSURGO points...
Processed 110960/251223 SSURGO points...
Processed 110970/251223 SSURGO points...
Processed 110980/251223 SSURGO points...
Processed 110990/251223 SSURGO points...
Processed 111000/251223 SSURGO points...
Processed 111010/251223 SSURGO points...
Processed 111020/251223 SSURGO points...
Processed 111030/251223 SSURGO points...
Processed 111040/251223 SSURGO points...
Processed 111050/251223 SSURGO points...
Processed 111060/251223 SSURGO points...
Processed 111070/251223 SSURGO points...
Processed 111080/251223 SSURGO points...
Processed 111090/251223 SSURGO points...
Processed 111100/251223 SSURGO points...
Processed 111110/251223 SSURGO points...
Processed 111120/251223 SSURGO points...
Processed 111130/251223 SSURGO points...
Processed 111140/251223 SSURGO points...
Processed 111150/251223 SSURGO points...
Processed 111160/251223 SSURGO points...
Processed 111170/251223 SSURGO points...
Processed 111180/251223 SSURGO points...
Processed 111190/251223 SSURGO points...
Processed 111200/251223 SSURGO points...
Processed 111210/251223 SSURGO points...
Processed 111220/251223 SSURGO points...
Processed 111230/251223 SSURGO points...
Processed 111240/251223 SSURGO points...
Processed 111250/251223 SSURGO points...
Processed 111260/251223 SSURGO points...
Processed 111270/251223 SSURGO points...
Processed 111280/251223 SSURGO points...
Processed 111290/251223 SSURGO points...
Processed 111300/251223 SSURGO points...
Processed 111310/251223 SSURGO points...
Processed 111320/251223 SSURGO points...
Processed 111330/251223 SSURGO points...
Processed 111340/251223 SSURGO points...
Processed 111350/251223 SSURGO points...
Processed 111360/251223 SSURGO points...
Processed 111370/251223 SSURGO points...
Processed 111380/251223 SSURGO points...
Processed 111390/251223 SSURGO points...
Processed 111400/251223 SSURGO points...
Processed 111410/251223 SSURGO points...
Processed 111420/251223 SSURGO points...
Processed 111430/251223 SSURGO points...
Processed 111440/251223 SSURGO points...
Processed 111450/251223 SSURGO points...
Processed 111460/251223 SSURGO points...
Processed 111470/251223 SSURGO points...
Processed 111480/251223 SSURGO points...
Processed 111490/251223 SSURGO points...
Processed 111500/251223 SSURGO points...
Processed 111510/251223 SSURGO points...
Processed 111520/251223 SSURGO points...
Processed 111530/251223 SSURGO points...
Processed 111540/251223 SSURGO points...
Processed 111550/251223 SSURGO points...
Processed 111560/251223 SSURGO points...
Processed 111570/251223 SSURGO points...
Processed 111580/251223 SSURGO points...
Processed 111590/251223 SSURGO points...
Processed 111600/251223 SSURGO points...
Processed 111610/251223 SSURGO points...
Processed 111620/251223 SSURGO points...
Processed 111630/251223 SSURGO points...
Processed 111640/251223 SSURGO points...
Processed 111650/251223 SSURGO points...
Processed 111660/251223 SSURGO points...
Processed 111670/251223 SSURGO points...
Processed 111680/251223 SSURGO points...
Processed 111690/251223 SSURGO points...
Processed 111700/251223 SSURGO points...
Processed 111710/251223 SSURGO points...
Processed 111720/251223 SSURGO points...
Processed 111730/251223 SSURGO points...
Processed 111740/251223 SSURGO points...
Processed 111750/251223 SSURGO points...
Processed 111760/251223 SSURGO points...
Processed 111770/251223 SSURGO points...
Processed 111780/251223 SSURGO points...
Processed 111790/251223 SSURGO points...
Processed 111800/251223 SSURGO points...
Processed 111810/251223 SSURGO points...
Processed 111820/251223 SSURGO points...
Processed 111830/251223 SSURGO points...
Processed 111840/251223 SSURGO points...
Processed 111850/251223 SSURGO points...
Processed 111860/251223 SSURGO points...
Processed 111870/251223 SSURGO points...
Processed 111880/251223 SSURGO points...
Processed 111890/251223 SSURGO points...
Processed 111900/251223 SSURGO points...
Processed 111910/251223 SSURGO points...
Processed 111920/251223 SSURGO points...
Processed 111930/251223 SSURGO points...
Processed 111940/251223 SSURGO points...
Processed 111950/251223 SSURGO points...
Processed 111960/251223 SSURGO points...
Processed 111970/251223 SSURGO points...
Processed 111980/251223 SSURGO points...
Processed 111990/251223 SSURGO points...
Processed 112000/251223 SSURGO points...
Processed 112010/251223 SSURGO points...
Processed 112020/251223 SSURGO points...
Processed 112030/251223 SSURGO points...
Processed 112040/251223 SSURGO points...
Processed 112050/251223 SSURGO points...
Processed 112060/251223 SSURGO points...
Processed 112070/251223 SSURGO points...
Processed 112080/251223 SSURGO points...
Processed 112090/251223 SSURGO points...
Processed 112100/251223 SSURGO points...
Processed 112110/251223 SSURGO points...
Processed 112120/251223 SSURGO points...
Processed 112130/251223 SSURGO points...
Processed 112140/251223 SSURGO points...
Processed 112150/251223 SSURGO points...
Processed 112160/251223 SSURGO points...
Processed 112170/251223 SSURGO points...
Processed 112180/251223 SSURGO points...
Processed 112190/251223 SSURGO points...
Processed 112200/251223 SSURGO points...
Processed 112210/251223 SSURGO points...
Processed 112220/251223 SSURGO points...
Processed 112230/251223 SSURGO points...
Processed 112240/251223 SSURGO points...
Processed 112250/251223 SSURGO points...
Processed 112260/251223 SSURGO points...
Processed 112270/251223 SSURGO points...
Processed 112280/251223 SSURGO points...
Processed 112290/251223 SSURGO points...
Processed 112300/251223 SSURGO points...
Processed 112310/251223 SSURGO points...
Processed 112320/251223 SSURGO points...
Processed 112330/251223 SSURGO points...
Processed 112340/251223 SSURGO points...
Processed 112350/251223 SSURGO points...
Processed 112360/251223 SSURGO points...
Processed 112370/251223 SSURGO points...
Processed 112380/251223 SSURGO points...
Processed 112390/251223 SSURGO points...
Processed 112400/251223 SSURGO points...
Processed 112410/251223 SSURGO points...
Processed 112420/251223 SSURGO points...
Processed 112430/251223 SSURGO points...
Processed 112440/251223 SSURGO points...
Processed 112450/251223 SSURGO points...
Processed 112460/251223 SSURGO points...
Processed 112470/251223 SSURGO points...
Processed 112480/251223 SSURGO points...
Processed 112490/251223 SSURGO points...
Processed 112500/251223 SSURGO points...
Processed 112510/251223 SSURGO points...
Processed 112520/251223 SSURGO points...
Processed 112530/251223 SSURGO points...
Processed 112540/251223 SSURGO points...
Processed 112550/251223 SSURGO points...
Processed 112560/251223 SSURGO points...
Processed 112570/251223 SSURGO points...
Processed 112580/251223 SSURGO points...
Processed 112590/251223 SSURGO points...
Processed 112600/251223 SSURGO points...
Processed 112610/251223 SSURGO points...
Processed 112620/251223 SSURGO points...
Processed 112630/251223 SSURGO points...
Processed 112640/251223 SSURGO points...
Processed 112650/251223 SSURGO points...
Processed 112660/251223 SSURGO points...
Processed 112670/251223 SSURGO points...
Processed 112680/251223 SSURGO points...
Processed 112690/251223 SSURGO points...
Processed 112700/251223 SSURGO points...
Processed 112710/251223 SSURGO points...
Processed 112720/251223 SSURGO points...
Processed 112730/251223 SSURGO points...
Processed 112740/251223 SSURGO points...
Processed 112750/251223 SSURGO points...
Processed 112760/251223 SSURGO points...
Processed 112770/251223 SSURGO points...
Processed 112780/251223 SSURGO points...
Processed 112790/251223 SSURGO points...
Processed 112800/251223 SSURGO points...
Processed 112810/251223 SSURGO points...
Processed 112820/251223 SSURGO points...
Processed 112830/251223 SSURGO points...
Processed 112840/251223 SSURGO points...
Processed 112850/251223 SSURGO points...
Processed 112860/251223 SSURGO points...
Processed 112870/251223 SSURGO points...
Processed 112880/251223 SSURGO points...
Processed 112890/251223 SSURGO points...
Processed 112900/251223 SSURGO points...
Processed 112910/251223 SSURGO points...
Processed 112920/251223 SSURGO points...
Processed 112930/251223 SSURGO points...
Processed 112940/251223 SSURGO points...
Processed 112950/251223 SSURGO points...
Processed 112960/251223 SSURGO points...
Processed 112970/251223 SSURGO points...
Processed 112980/251223 SSURGO points...
Processed 112990/251223 SSURGO points...
Processed 113000/251223 SSURGO points...
Processed 113010/251223 SSURGO points...
Processed 113020/251223 SSURGO points...
Processed 113030/251223 SSURGO points...
Processed 113040/251223 SSURGO points...
Processed 113050/251223 SSURGO points...
Processed 113060/251223 SSURGO points...
Processed 113070/251223 SSURGO points...
Processed 113080/251223 SSURGO points...
Processed 113090/251223 SSURGO points...
Processed 113100/251223 SSURGO points...
Processed 113110/251223 SSURGO points...
Processed 113120/251223 SSURGO points...
Processed 113130/251223 SSURGO points...
Processed 113140/251223 SSURGO points...
Processed 113150/251223 SSURGO points...
Processed 113160/251223 SSURGO points...
Processed 113170/251223 SSURGO points...
Processed 113180/251223 SSURGO points...
Processed 113190/251223 SSURGO points...
Processed 113200/251223 SSURGO points...
Processed 113210/251223 SSURGO points...
Processed 113220/251223 SSURGO points...
Processed 113230/251223 SSURGO points...
Processed 113240/251223 SSURGO points...
Processed 113250/251223 SSURGO points...
Processed 113260/251223 SSURGO points...
Processed 113270/251223 SSURGO points...
Processed 113280/251223 SSURGO points...
Processed 113290/251223 SSURGO points...
Processed 113300/251223 SSURGO points...
Processed 113310/251223 SSURGO points...
Processed 113320/251223 SSURGO points...
Processed 113330/251223 SSURGO points...
Processed 113340/251223 SSURGO points...
Processed 113350/251223 SSURGO points...
Processed 113360/251223 SSURGO points...
Processed 113370/251223 SSURGO points...
Processed 113380/251223 SSURGO points...
Processed 113390/251223 SSURGO points...
Processed 113400/251223 SSURGO points...
Processed 113410/251223 SSURGO points...
Processed 113420/251223 SSURGO points...
Processed 113430/251223 SSURGO points...
Processed 113440/251223 SSURGO points...
Processed 113450/251223 SSURGO points...
Processed 113460/251223 SSURGO points...
Processed 113470/251223 SSURGO points...
Processed 113480/251223 SSURGO points...
Processed 113490/251223 SSURGO points...
Processed 113500/251223 SSURGO points...
Processed 113510/251223 SSURGO points...
Processed 113520/251223 SSURGO points...
Processed 113530/251223 SSURGO points...
Processed 113540/251223 SSURGO points...
Processed 113550/251223 SSURGO points...
Processed 113560/251223 SSURGO points...
Processed 113570/251223 SSURGO points...
Processed 113580/251223 SSURGO points...
Processed 113590/251223 SSURGO points...
Processed 113600/251223 SSURGO points...
Processed 113610/251223 SSURGO points...
Processed 113620/251223 SSURGO points...
Processed 113630/251223 SSURGO points...
Processed 113640/251223 SSURGO points...
Processed 113650/251223 SSURGO points...
Processed 113660/251223 SSURGO points...
Processed 113670/251223 SSURGO points...
Processed 113680/251223 SSURGO points...
Processed 113690/251223 SSURGO points...
Processed 113700/251223 SSURGO points...
Processed 113710/251223 SSURGO points...
Processed 113720/251223 SSURGO points...
Processed 113730/251223 SSURGO points...
Processed 113740/251223 SSURGO points...
Processed 113750/251223 SSURGO points...
Processed 113760/251223 SSURGO points...
Processed 113770/251223 SSURGO points...
Processed 113780/251223 SSURGO points...
Processed 113790/251223 SSURGO points...
Processed 113800/251223 SSURGO points...
Processed 113810/251223 SSURGO points...
Processed 113820/251223 SSURGO points...
Processed 113830/251223 SSURGO points...
Processed 113840/251223 SSURGO points...
Processed 113850/251223 SSURGO points...
Processed 113860/251223 SSURGO points...
Processed 113870/251223 SSURGO points...
Processed 113880/251223 SSURGO points...
Processed 113890/251223 SSURGO points...
Processed 113900/251223 SSURGO points...
Processed 113910/251223 SSURGO points...
Processed 113920/251223 SSURGO points...
Processed 113930/251223 SSURGO points...
Processed 113940/251223 SSURGO points...
Processed 113950/251223 SSURGO points...
Processed 113960/251223 SSURGO points...
Processed 113970/251223 SSURGO points...
Processed 113980/251223 SSURGO points...
Processed 113990/251223 SSURGO points...
Processed 114000/251223 SSURGO points...
Processed 114010/251223 SSURGO points...
Processed 114020/251223 SSURGO points...
Processed 114030/251223 SSURGO points...
Processed 114040/251223 SSURGO points...
Processed 114050/251223 SSURGO points...
Processed 114060/251223 SSURGO points...
Processed 114070/251223 SSURGO points...
Processed 114080/251223 SSURGO points...
Processed 114090/251223 SSURGO points...
Processed 114100/251223 SSURGO points...
Processed 114110/251223 SSURGO points...
Processed 114120/251223 SSURGO points...
Processed 114130/251223 SSURGO points...
Processed 114140/251223 SSURGO points...
Processed 114150/251223 SSURGO points...
Processed 114160/251223 SSURGO points...
Processed 114170/251223 SSURGO points...
Processed 114180/251223 SSURGO points...
Processed 114190/251223 SSURGO points...
Processed 114200/251223 SSURGO points...
Processed 114210/251223 SSURGO points...
Processed 114220/251223 SSURGO points...
Processed 114230/251223 SSURGO points...
Processed 114240/251223 SSURGO points...
Processed 114250/251223 SSURGO points...
Processed 114260/251223 SSURGO points...
Processed 114270/251223 SSURGO points...
Processed 114280/251223 SSURGO points...
Processed 114290/251223 SSURGO points...
Processed 114300/251223 SSURGO points...
Processed 114310/251223 SSURGO points...
Processed 114320/251223 SSURGO points...
Processed 114330/251223 SSURGO points...
Processed 114340/251223 SSURGO points...
Processed 114350/251223 SSURGO points...
Processed 114360/251223 SSURGO points...
Processed 114370/251223 SSURGO points...
Processed 114380/251223 SSURGO points...
Processed 114390/251223 SSURGO points...
Processed 114400/251223 SSURGO points...
Processed 114410/251223 SSURGO points...
Processed 114420/251223 SSURGO points...
Processed 114430/251223 SSURGO points...
Processed 114440/251223 SSURGO points...
Processed 114450/251223 SSURGO points...
Processed 114460/251223 SSURGO points...
Processed 114470/251223 SSURGO points...
Processed 114480/251223 SSURGO points...
Processed 114490/251223 SSURGO points...
Processed 114500/251223 SSURGO points...
Processed 114510/251223 SSURGO points...
Processed 114520/251223 SSURGO points...
Processed 114530/251223 SSURGO points...
Processed 114540/251223 SSURGO points...
Processed 114550/251223 SSURGO points...
Processed 114560/251223 SSURGO points...
Processed 114570/251223 SSURGO points...
Processed 114580/251223 SSURGO points...
Processed 114590/251223 SSURGO points...
Processed 114600/251223 SSURGO points...
Processed 114610/251223 SSURGO points...
Processed 114620/251223 SSURGO points...
Processed 114630/251223 SSURGO points...
Processed 114640/251223 SSURGO points...
Processed 114650/251223 SSURGO points...
Processed 114660/251223 SSURGO points...
Processed 114670/251223 SSURGO points...
Processed 114680/251223 SSURGO points...
Processed 114690/251223 SSURGO points...
Processed 114700/251223 SSURGO points...
Processed 114710/251223 SSURGO points...
Processed 114720/251223 SSURGO points...
Processed 114730/251223 SSURGO points...
Processed 114740/251223 SSURGO points...
Processed 114750/251223 SSURGO points...
Processed 114760/251223 SSURGO points...
Processed 114770/251223 SSURGO points...
Processed 114780/251223 SSURGO points...
Processed 114790/251223 SSURGO points...
Processed 114800/251223 SSURGO points...
Processed 114810/251223 SSURGO points...
Processed 114820/251223 SSURGO points...
Processed 114830/251223 SSURGO points...
Processed 114840/251223 SSURGO points...
Processed 114850/251223 SSURGO points...
Processed 114860/251223 SSURGO points...
Processed 114870/251223 SSURGO points...
Processed 114880/251223 SSURGO points...
Processed 114890/251223 SSURGO points...
Processed 114900/251223 SSURGO points...
Processed 114910/251223 SSURGO points...
Processed 114920/251223 SSURGO points...
Processed 114930/251223 SSURGO points...
Processed 114940/251223 SSURGO points...
Processed 114950/251223 SSURGO points...
Processed 114960/251223 SSURGO points...
Processed 114970/251223 SSURGO points...
Processed 114980/251223 SSURGO points...
Processed 114990/251223 SSURGO points...
Processed 115000/251223 SSURGO points...
Processed 115010/251223 SSURGO points...
Processed 115020/251223 SSURGO points...
Processed 115030/251223 SSURGO points...
Processed 115040/251223 SSURGO points...
Processed 115050/251223 SSURGO points...
Processed 115060/251223 SSURGO points...
Processed 115070/251223 SSURGO points...
Processed 115080/251223 SSURGO points...
Processed 115090/251223 SSURGO points...
Processed 115100/251223 SSURGO points...
Processed 115110/251223 SSURGO points...
Processed 115120/251223 SSURGO points...
Processed 115130/251223 SSURGO points...
Processed 115140/251223 SSURGO points...
Processed 115150/251223 SSURGO points...
Processed 115160/251223 SSURGO points...
Processed 115170/251223 SSURGO points...
Processed 115180/251223 SSURGO points...
Processed 115190/251223 SSURGO points...
Processed 115200/251223 SSURGO points...
Processed 115210/251223 SSURGO points...
Processed 115220/251223 SSURGO points...
Processed 115230/251223 SSURGO points...
Processed 115240/251223 SSURGO points...
Processed 115250/251223 SSURGO points...
Processed 115260/251223 SSURGO points...
Processed 115270/251223 SSURGO points...
Processed 115280/251223 SSURGO points...
Processed 115290/251223 SSURGO points...
Processed 115300/251223 SSURGO points...
Processed 115310/251223 SSURGO points...
Processed 115320/251223 SSURGO points...
Processed 115330/251223 SSURGO points...
Processed 115340/251223 SSURGO points...
Processed 115350/251223 SSURGO points...
Processed 115360/251223 SSURGO points...
Processed 115370/251223 SSURGO points...
Processed 115380/251223 SSURGO points...
Processed 115390/251223 SSURGO points...
Processed 115400/251223 SSURGO points...
Processed 115410/251223 SSURGO points...
Processed 115420/251223 SSURGO points...
Processed 115430/251223 SSURGO points...
Processed 115440/251223 SSURGO points...
Processed 115450/251223 SSURGO points...
Processed 115460/251223 SSURGO points...
Processed 115470/251223 SSURGO points...
Processed 115480/251223 SSURGO points...
Processed 115490/251223 SSURGO points...
Processed 115500/251223 SSURGO points...
Processed 115510/251223 SSURGO points...
Processed 115520/251223 SSURGO points...
Processed 115530/251223 SSURGO points...
Processed 115540/251223 SSURGO points...
Processed 115550/251223 SSURGO points...
Processed 115560/251223 SSURGO points...
Processed 115570/251223 SSURGO points...
Processed 115580/251223 SSURGO points...
Processed 115590/251223 SSURGO points...
Processed 115600/251223 SSURGO points...
Processed 115610/251223 SSURGO points...
Processed 115620/251223 SSURGO points...
Processed 115630/251223 SSURGO points...
Processed 115640/251223 SSURGO points...
Processed 115650/251223 SSURGO points...
Processed 115660/251223 SSURGO points...
Processed 115670/251223 SSURGO points...
Processed 115680/251223 SSURGO points...
Processed 115690/251223 SSURGO points...
Processed 115700/251223 SSURGO points...
Processed 115710/251223 SSURGO points...
Processed 115720/251223 SSURGO points...
Processed 115730/251223 SSURGO points...
Processed 115740/251223 SSURGO points...
Processed 115750/251223 SSURGO points...
Processed 115760/251223 SSURGO points...
Processed 115770/251223 SSURGO points...
Processed 115780/251223 SSURGO points...
Processed 115790/251223 SSURGO points...
Processed 115800/251223 SSURGO points...
Processed 115810/251223 SSURGO points...
Processed 115820/251223 SSURGO points...
Processed 115830/251223 SSURGO points...
Processed 115840/251223 SSURGO points...
Processed 115850/251223 SSURGO points...
Processed 115860/251223 SSURGO points...
Processed 115870/251223 SSURGO points...
Processed 115880/251223 SSURGO points...
Processed 115890/251223 SSURGO points...
Processed 115900/251223 SSURGO points...
Processed 115910/251223 SSURGO points...
Processed 115920/251223 SSURGO points...
Processed 115930/251223 SSURGO points...
Processed 115940/251223 SSURGO points...
Processed 115950/251223 SSURGO points...
Processed 115960/251223 SSURGO points...
Processed 115970/251223 SSURGO points...
Processed 115980/251223 SSURGO points...
Processed 115990/251223 SSURGO points...
Processed 116000/251223 SSURGO points...
Processed 116010/251223 SSURGO points...
Processed 116020/251223 SSURGO points...
Processed 116030/251223 SSURGO points...
Processed 116040/251223 SSURGO points...
Processed 116050/251223 SSURGO points...
Processed 116060/251223 SSURGO points...
Processed 116070/251223 SSURGO points...
Processed 116080/251223 SSURGO points...
Processed 116090/251223 SSURGO points...
Processed 116100/251223 SSURGO points...
Processed 116110/251223 SSURGO points...
Processed 116120/251223 SSURGO points...
Processed 116130/251223 SSURGO points...
Processed 116140/251223 SSURGO points...
Processed 116150/251223 SSURGO points...
Processed 116160/251223 SSURGO points...
Processed 116170/251223 SSURGO points...
Processed 116180/251223 SSURGO points...
Processed 116190/251223 SSURGO points...
Processed 116200/251223 SSURGO points...
Processed 116210/251223 SSURGO points...
Processed 116220/251223 SSURGO points...
Processed 116230/251223 SSURGO points...
Processed 116240/251223 SSURGO points...
Processed 116250/251223 SSURGO points...
Processed 116260/251223 SSURGO points...
Processed 116270/251223 SSURGO points...
Processed 116280/251223 SSURGO points...
Processed 116290/251223 SSURGO points...
Processed 116300/251223 SSURGO points...
Processed 116310/251223 SSURGO points...
Processed 116320/251223 SSURGO points...
Processed 116330/251223 SSURGO points...
Processed 116340/251223 SSURGO points...
Processed 116350/251223 SSURGO points...
Processed 116360/251223 SSURGO points...
Processed 116370/251223 SSURGO points...
Processed 116380/251223 SSURGO points...
Processed 116390/251223 SSURGO points...
Processed 116400/251223 SSURGO points...
Processed 116410/251223 SSURGO points...
Processed 116420/251223 SSURGO points...
Processed 116430/251223 SSURGO points...
Processed 116440/251223 SSURGO points...
Processed 116450/251223 SSURGO points...
Processed 116460/251223 SSURGO points...
Processed 116470/251223 SSURGO points...
Processed 116480/251223 SSURGO points...
Processed 116490/251223 SSURGO points...
Processed 116500/251223 SSURGO points...
Processed 116510/251223 SSURGO points...
Processed 116520/251223 SSURGO points...
Processed 116530/251223 SSURGO points...
Processed 116540/251223 SSURGO points...
Processed 116550/251223 SSURGO points...
Processed 116560/251223 SSURGO points...
Processed 116570/251223 SSURGO points...
Processed 116580/251223 SSURGO points...
Processed 116590/251223 SSURGO points...
Processed 116600/251223 SSURGO points...
Processed 116610/251223 SSURGO points...
Processed 116620/251223 SSURGO points...
Processed 116630/251223 SSURGO points...
Processed 116640/251223 SSURGO points...
Processed 116650/251223 SSURGO points...
Processed 116660/251223 SSURGO points...
Processed 116670/251223 SSURGO points...
Processed 116680/251223 SSURGO points...
Processed 116690/251223 SSURGO points...
Processed 116700/251223 SSURGO points...
Processed 116710/251223 SSURGO points...
Processed 116720/251223 SSURGO points...
Processed 116730/251223 SSURGO points...
Processed 116740/251223 SSURGO points...
Processed 116750/251223 SSURGO points...
Processed 116760/251223 SSURGO points...
Processed 116770/251223 SSURGO points...
Processed 116780/251223 SSURGO points...
Processed 116790/251223 SSURGO points...
Processed 116800/251223 SSURGO points...
Processed 116810/251223 SSURGO points...
Processed 116820/251223 SSURGO points...
Processed 116830/251223 SSURGO points...
Processed 116840/251223 SSURGO points...
Processed 116850/251223 SSURGO points...
Processed 116860/251223 SSURGO points...
Processed 116870/251223 SSURGO points...
Processed 116880/251223 SSURGO points...
Processed 116890/251223 SSURGO points...
Processed 116900/251223 SSURGO points...
Processed 116910/251223 SSURGO points...
Processed 116920/251223 SSURGO points...
Processed 116930/251223 SSURGO points...
Processed 116940/251223 SSURGO points...
Processed 116950/251223 SSURGO points...
Processed 116960/251223 SSURGO points...
Processed 116970/251223 SSURGO points...
Processed 116980/251223 SSURGO points...
Processed 116990/251223 SSURGO points...
Processed 117000/251223 SSURGO points...
Processed 117010/251223 SSURGO points...
Processed 117020/251223 SSURGO points...
Processed 117030/251223 SSURGO points...
Processed 117040/251223 SSURGO points...
Processed 117050/251223 SSURGO points...
Processed 117060/251223 SSURGO points...
Processed 117070/251223 SSURGO points...
Processed 117080/251223 SSURGO points...
Processed 117090/251223 SSURGO points...
Processed 117100/251223 SSURGO points...
Processed 117110/251223 SSURGO points...
Processed 117120/251223 SSURGO points...
Processed 117130/251223 SSURGO points...
Processed 117140/251223 SSURGO points...
Processed 117150/251223 SSURGO points...
Processed 117160/251223 SSURGO points...
Processed 117170/251223 SSURGO points...
Processed 117180/251223 SSURGO points...
Processed 117190/251223 SSURGO points...
Processed 117200/251223 SSURGO points...
Processed 117210/251223 SSURGO points...
Processed 117220/251223 SSURGO points...
Processed 117230/251223 SSURGO points...
Processed 117240/251223 SSURGO points...
Processed 117250/251223 SSURGO points...
Processed 117260/251223 SSURGO points...
Processed 117270/251223 SSURGO points...
Processed 117280/251223 SSURGO points...
Processed 117290/251223 SSURGO points...
Processed 117300/251223 SSURGO points...
Processed 117310/251223 SSURGO points...
Processed 117320/251223 SSURGO points...
Processed 117330/251223 SSURGO points...
Processed 117340/251223 SSURGO points...
Processed 117350/251223 SSURGO points...
Processed 117360/251223 SSURGO points...
Processed 117370/251223 SSURGO points...
Processed 117380/251223 SSURGO points...
Processed 117390/251223 SSURGO points...
Processed 117400/251223 SSURGO points...
Processed 117410/251223 SSURGO points...
Processed 117420/251223 SSURGO points...
Processed 117430/251223 SSURGO points...
Processed 117440/251223 SSURGO points...
Processed 117450/251223 SSURGO points...
Processed 117460/251223 SSURGO points...
Processed 117470/251223 SSURGO points...
Processed 117480/251223 SSURGO points...
Processed 117490/251223 SSURGO points...
Processed 117500/251223 SSURGO points...
Processed 117510/251223 SSURGO points...
Processed 117520/251223 SSURGO points...
Processed 117530/251223 SSURGO points...
Processed 117540/251223 SSURGO points...
Processed 117550/251223 SSURGO points...
Processed 117560/251223 SSURGO points...
Processed 117570/251223 SSURGO points...
Processed 117580/251223 SSURGO points...
Processed 117590/251223 SSURGO points...
Processed 117600/251223 SSURGO points...
Processed 117610/251223 SSURGO points...
Processed 117620/251223 SSURGO points...
Processed 117630/251223 SSURGO points...
Processed 117640/251223 SSURGO points...
Processed 117650/251223 SSURGO points...
Processed 117660/251223 SSURGO points...
Processed 117670/251223 SSURGO points...
Processed 117680/251223 SSURGO points...
Processed 117690/251223 SSURGO points...
Processed 117700/251223 SSURGO points...
Processed 117710/251223 SSURGO points...
Processed 117720/251223 SSURGO points...
Processed 117730/251223 SSURGO points...
Processed 117740/251223 SSURGO points...
Processed 117750/251223 SSURGO points...
Processed 117760/251223 SSURGO points...
Processed 117770/251223 SSURGO points...
Processed 117780/251223 SSURGO points...
Processed 117790/251223 SSURGO points...
Processed 117800/251223 SSURGO points...
Processed 117810/251223 SSURGO points...
Processed 117820/251223 SSURGO points...
Processed 117830/251223 SSURGO points...
Processed 117840/251223 SSURGO points...
Processed 117850/251223 SSURGO points...
Processed 117860/251223 SSURGO points...
Processed 117870/251223 SSURGO points...
Processed 117880/251223 SSURGO points...
Processed 117890/251223 SSURGO points...
Processed 117900/251223 SSURGO points...
Processed 117910/251223 SSURGO points...
Processed 117920/251223 SSURGO points...
Processed 117930/251223 SSURGO points...
Processed 117940/251223 SSURGO points...
Processed 117950/251223 SSURGO points...
Processed 117960/251223 SSURGO points...
Processed 117970/251223 SSURGO points...
Processed 117980/251223 SSURGO points...
Processed 117990/251223 SSURGO points...
Processed 118000/251223 SSURGO points...
Processed 118010/251223 SSURGO points...
Processed 118020/251223 SSURGO points...
Processed 118030/251223 SSURGO points...
Processed 118040/251223 SSURGO points...
Processed 118050/251223 SSURGO points...
Processed 118060/251223 SSURGO points...
Processed 118070/251223 SSURGO points...
Processed 118080/251223 SSURGO points...
Processed 118090/251223 SSURGO points...
Processed 118100/251223 SSURGO points...
Processed 118110/251223 SSURGO points...
Processed 118120/251223 SSURGO points...
Processed 118130/251223 SSURGO points...
Processed 118140/251223 SSURGO points...
Processed 118150/251223 SSURGO points...
Processed 118160/251223 SSURGO points...
Processed 118170/251223 SSURGO points...
Processed 118180/251223 SSURGO points...
Processed 118190/251223 SSURGO points...
Processed 118200/251223 SSURGO points...
Processed 118210/251223 SSURGO points...
Processed 118220/251223 SSURGO points...
Processed 118230/251223 SSURGO points...
Processed 118240/251223 SSURGO points...
Processed 118250/251223 SSURGO points...
Processed 118260/251223 SSURGO points...
Processed 118270/251223 SSURGO points...
Processed 118280/251223 SSURGO points...
Processed 118290/251223 SSURGO points...
Processed 118300/251223 SSURGO points...
Processed 118310/251223 SSURGO points...
Processed 118320/251223 SSURGO points...
Processed 118330/251223 SSURGO points...
Processed 118340/251223 SSURGO points...
Processed 118350/251223 SSURGO points...
Processed 118360/251223 SSURGO points...
Processed 118370/251223 SSURGO points...
Processed 118380/251223 SSURGO points...
Processed 118390/251223 SSURGO points...
Processed 118400/251223 SSURGO points...
Processed 118410/251223 SSURGO points...
Processed 118420/251223 SSURGO points...
Processed 118430/251223 SSURGO points...
Processed 118440/251223 SSURGO points...
Processed 118450/251223 SSURGO points...
Processed 118460/251223 SSURGO points...
Processed 118470/251223 SSURGO points...
Processed 118480/251223 SSURGO points...
Processed 118490/251223 SSURGO points...
Processed 118500/251223 SSURGO points...
Processed 118510/251223 SSURGO points...
Processed 118520/251223 SSURGO points...
Processed 118530/251223 SSURGO points...
Processed 118540/251223 SSURGO points...
Processed 118550/251223 SSURGO points...
Processed 118560/251223 SSURGO points...
Processed 118570/251223 SSURGO points...
Processed 118580/251223 SSURGO points...
Processed 118590/251223 SSURGO points...
Processed 118600/251223 SSURGO points...
Processed 118610/251223 SSURGO points...
Processed 118620/251223 SSURGO points...
Processed 118630/251223 SSURGO points...
Processed 118640/251223 SSURGO points...
Processed 118650/251223 SSURGO points...
Processed 118660/251223 SSURGO points...
Processed 118670/251223 SSURGO points...
Processed 118680/251223 SSURGO points...
Processed 118690/251223 SSURGO points...
Processed 118700/251223 SSURGO points...
Processed 118710/251223 SSURGO points...
Processed 118720/251223 SSURGO points...
Processed 118730/251223 SSURGO points...
Processed 118740/251223 SSURGO points...
Processed 118750/251223 SSURGO points...
Processed 118760/251223 SSURGO points...
Processed 118770/251223 SSURGO points...
Processed 118780/251223 SSURGO points...
Processed 118790/251223 SSURGO points...
Processed 118800/251223 SSURGO points...
Processed 118810/251223 SSURGO points...
Processed 118820/251223 SSURGO points...
Processed 118830/251223 SSURGO points...
Processed 118840/251223 SSURGO points...
Processed 118850/251223 SSURGO points...
Processed 118860/251223 SSURGO points...
Processed 118870/251223 SSURGO points...
Processed 118880/251223 SSURGO points...
Processed 118890/251223 SSURGO points...
Processed 118900/251223 SSURGO points...
Processed 118910/251223 SSURGO points...
Processed 118920/251223 SSURGO points...
Processed 118930/251223 SSURGO points...
Processed 118940/251223 SSURGO points...
Processed 118950/251223 SSURGO points...
Processed 118960/251223 SSURGO points...
Processed 118970/251223 SSURGO points...
Processed 118980/251223 SSURGO points...
Processed 118990/251223 SSURGO points...
Processed 119000/251223 SSURGO points...
Processed 119010/251223 SSURGO points...
Processed 119020/251223 SSURGO points...
Processed 119030/251223 SSURGO points...
Processed 119040/251223 SSURGO points...
Processed 119050/251223 SSURGO points...
Processed 119060/251223 SSURGO points...
Processed 119070/251223 SSURGO points...
Processed 119080/251223 SSURGO points...
Processed 119090/251223 SSURGO points...
Processed 119100/251223 SSURGO points...
Processed 119110/251223 SSURGO points...
Processed 119120/251223 SSURGO points...
Processed 119130/251223 SSURGO points...
Processed 119140/251223 SSURGO points...
Processed 119150/251223 SSURGO points...
Processed 119160/251223 SSURGO points...
Processed 119170/251223 SSURGO points...
Processed 119180/251223 SSURGO points...
Processed 119190/251223 SSURGO points...
Processed 119200/251223 SSURGO points...
Processed 119210/251223 SSURGO points...
Processed 119220/251223 SSURGO points...
Processed 119230/251223 SSURGO points...
Processed 119240/251223 SSURGO points...
Processed 119250/251223 SSURGO points...
Processed 119260/251223 SSURGO points...
Processed 119270/251223 SSURGO points...
Processed 119280/251223 SSURGO points...
Processed 119290/251223 SSURGO points...
Processed 119300/251223 SSURGO points...
Processed 119310/251223 SSURGO points...
Processed 119320/251223 SSURGO points...
Processed 119330/251223 SSURGO points...
Processed 119340/251223 SSURGO points...
Processed 119350/251223 SSURGO points...
Processed 119360/251223 SSURGO points...
Processed 119370/251223 SSURGO points...
Processed 119380/251223 SSURGO points...
Processed 119390/251223 SSURGO points...
Processed 119400/251223 SSURGO points...
Processed 119410/251223 SSURGO points...
Processed 119420/251223 SSURGO points...
Processed 119430/251223 SSURGO points...
Processed 119440/251223 SSURGO points...
Processed 119450/251223 SSURGO points...
Processed 119460/251223 SSURGO points...
Processed 119470/251223 SSURGO points...
Processed 119480/251223 SSURGO points...
Processed 119490/251223 SSURGO points...
Processed 119500/251223 SSURGO points...
Processed 119510/251223 SSURGO points...
Processed 119520/251223 SSURGO points...
Processed 119530/251223 SSURGO points...
Processed 119540/251223 SSURGO points...
Processed 119550/251223 SSURGO points...
Processed 119560/251223 SSURGO points...
Processed 119570/251223 SSURGO points...
Processed 119580/251223 SSURGO points...
Processed 119590/251223 SSURGO points...
Processed 119600/251223 SSURGO points...
Processed 119610/251223 SSURGO points...
Processed 119620/251223 SSURGO points...
Processed 119630/251223 SSURGO points...
Processed 119640/251223 SSURGO points...
Processed 119650/251223 SSURGO points...
Processed 119660/251223 SSURGO points...
Processed 119670/251223 SSURGO points...
Processed 119680/251223 SSURGO points...
Processed 119690/251223 SSURGO points...
Processed 119700/251223 SSURGO points...
Processed 119710/251223 SSURGO points...
Processed 119720/251223 SSURGO points...
Processed 119730/251223 SSURGO points...
Processed 119740/251223 SSURGO points...
Processed 119750/251223 SSURGO points...
Processed 119760/251223 SSURGO points...
Processed 119770/251223 SSURGO points...
Processed 119780/251223 SSURGO points...
Processed 119790/251223 SSURGO points...
Processed 119800/251223 SSURGO points...
Processed 119810/251223 SSURGO points...
Processed 119820/251223 SSURGO points...
Processed 119830/251223 SSURGO points...
Processed 119840/251223 SSURGO points...
Processed 119850/251223 SSURGO points...
Processed 119860/251223 SSURGO points...
Processed 119870/251223 SSURGO points...
Processed 119880/251223 SSURGO points...
Processed 119890/251223 SSURGO points...
Processed 119900/251223 SSURGO points...
Processed 119910/251223 SSURGO points...
Processed 119920/251223 SSURGO points...
Processed 119930/251223 SSURGO points...
Processed 119940/251223 SSURGO points...
Processed 119950/251223 SSURGO points...
Processed 119960/251223 SSURGO points...
Processed 119970/251223 SSURGO points...
Processed 119980/251223 SSURGO points...
Processed 119990/251223 SSURGO points...
Processed 120000/251223 SSURGO points...
Processed 120010/251223 SSURGO points...
Processed 120020/251223 SSURGO points...
Processed 120030/251223 SSURGO points...
Processed 120040/251223 SSURGO points...
Processed 120050/251223 SSURGO points...
Processed 120060/251223 SSURGO points...
Processed 120070/251223 SSURGO points...
Processed 120080/251223 SSURGO points...
Processed 120090/251223 SSURGO points...
Processed 120100/251223 SSURGO points...
Processed 120110/251223 SSURGO points...
Processed 120120/251223 SSURGO points...
Processed 120130/251223 SSURGO points...
Processed 120140/251223 SSURGO points...
Processed 120150/251223 SSURGO points...
Processed 120160/251223 SSURGO points...
Processed 120170/251223 SSURGO points...
Processed 120180/251223 SSURGO points...
Processed 120190/251223 SSURGO points...
Processed 120200/251223 SSURGO points...
Processed 120210/251223 SSURGO points...
Processed 120220/251223 SSURGO points...
Processed 120230/251223 SSURGO points...
Processed 120240/251223 SSURGO points...
Processed 120250/251223 SSURGO points...
Processed 120260/251223 SSURGO points...
Processed 120270/251223 SSURGO points...
Processed 120280/251223 SSURGO points...
Processed 120290/251223 SSURGO points...
Processed 120300/251223 SSURGO points...
Processed 120310/251223 SSURGO points...
Processed 120320/251223 SSURGO points...
Processed 120330/251223 SSURGO points...
Processed 120340/251223 SSURGO points...
Processed 120350/251223 SSURGO points...
Processed 120360/251223 SSURGO points...
Processed 120370/251223 SSURGO points...
Processed 120380/251223 SSURGO points...
Processed 120390/251223 SSURGO points...
Processed 120400/251223 SSURGO points...
Processed 120410/251223 SSURGO points...
Processed 120420/251223 SSURGO points...
Processed 120430/251223 SSURGO points...
Processed 120440/251223 SSURGO points...
Processed 120450/251223 SSURGO points...
Processed 120460/251223 SSURGO points...
Processed 120470/251223 SSURGO points...
Processed 120480/251223 SSURGO points...
Processed 120490/251223 SSURGO points...
Processed 120500/251223 SSURGO points...
Processed 120510/251223 SSURGO points...
Processed 120520/251223 SSURGO points...
Processed 120530/251223 SSURGO points...
Processed 120540/251223 SSURGO points...
Processed 120550/251223 SSURGO points...
Processed 120560/251223 SSURGO points...
Processed 120570/251223 SSURGO points...
Processed 120580/251223 SSURGO points...
Processed 120590/251223 SSURGO points...
Processed 120600/251223 SSURGO points...
Processed 120610/251223 SSURGO points...
Processed 120620/251223 SSURGO points...
Processed 120630/251223 SSURGO points...
Processed 120640/251223 SSURGO points...
Processed 120650/251223 SSURGO points...
Processed 120660/251223 SSURGO points...
Processed 120670/251223 SSURGO points...
Processed 120680/251223 SSURGO points...
Processed 120690/251223 SSURGO points...
Processed 120700/251223 SSURGO points...
Processed 120710/251223 SSURGO points...
Processed 120720/251223 SSURGO points...
Processed 120730/251223 SSURGO points...
Processed 120740/251223 SSURGO points...
Processed 120750/251223 SSURGO points...
Processed 120760/251223 SSURGO points...
Processed 120770/251223 SSURGO points...
Processed 120780/251223 SSURGO points...
Processed 120790/251223 SSURGO points...
Processed 120800/251223 SSURGO points...
Processed 120810/251223 SSURGO points...
Processed 120820/251223 SSURGO points...
Processed 120830/251223 SSURGO points...
Processed 120840/251223 SSURGO points...
Processed 120850/251223 SSURGO points...
Processed 120860/251223 SSURGO points...
Processed 120870/251223 SSURGO points...
Processed 120880/251223 SSURGO points...
Processed 120890/251223 SSURGO points...
Processed 120900/251223 SSURGO points...
Processed 120910/251223 SSURGO points...
Processed 120920/251223 SSURGO points...
Processed 120930/251223 SSURGO points...
Processed 120940/251223 SSURGO points...
Processed 120950/251223 SSURGO points...
Processed 120960/251223 SSURGO points...
Processed 120970/251223 SSURGO points...
Processed 120980/251223 SSURGO points...
Processed 120990/251223 SSURGO points...
Processed 121000/251223 SSURGO points...
Processed 121010/251223 SSURGO points...
Processed 121020/251223 SSURGO points...
Processed 121030/251223 SSURGO points...
Processed 121040/251223 SSURGO points...
Processed 121050/251223 SSURGO points...
Processed 121060/251223 SSURGO points...
Processed 121070/251223 SSURGO points...
Processed 121080/251223 SSURGO points...
Processed 121090/251223 SSURGO points...
Processed 121100/251223 SSURGO points...
Processed 121110/251223 SSURGO points...
Processed 121120/251223 SSURGO points...
Processed 121130/251223 SSURGO points...
Processed 121140/251223 SSURGO points...
Processed 121150/251223 SSURGO points...
Processed 121160/251223 SSURGO points...
Processed 121170/251223 SSURGO points...
Processed 121180/251223 SSURGO points...
Processed 121190/251223 SSURGO points...
Processed 121200/251223 SSURGO points...
Processed 121210/251223 SSURGO points...
Processed 121220/251223 SSURGO points...
Processed 121230/251223 SSURGO points...
Processed 121240/251223 SSURGO points...
Processed 121250/251223 SSURGO points...
Processed 121260/251223 SSURGO points...
Processed 121270/251223 SSURGO points...
Processed 121280/251223 SSURGO points...
Processed 121290/251223 SSURGO points...
Processed 121300/251223 SSURGO points...
Processed 121310/251223 SSURGO points...
Processed 121320/251223 SSURGO points...
Processed 121330/251223 SSURGO points...
Processed 121340/251223 SSURGO points...
Processed 121350/251223 SSURGO points...
Processed 121360/251223 SSURGO points...
Processed 121370/251223 SSURGO points...
Processed 121380/251223 SSURGO points...
Processed 121390/251223 SSURGO points...
Processed 121400/251223 SSURGO points...
Processed 121410/251223 SSURGO points...
Processed 121420/251223 SSURGO points...
Processed 121430/251223 SSURGO points...
Processed 121440/251223 SSURGO points...
Processed 121450/251223 SSURGO points...
Processed 121460/251223 SSURGO points...
Processed 121470/251223 SSURGO points...
Processed 121480/251223 SSURGO points...
Processed 121490/251223 SSURGO points...
Processed 121500/251223 SSURGO points...
Processed 121510/251223 SSURGO points...
Processed 121520/251223 SSURGO points...
Processed 121530/251223 SSURGO points...
Processed 121540/251223 SSURGO points...
Processed 121550/251223 SSURGO points...
Processed 121560/251223 SSURGO points...
Processed 121570/251223 SSURGO points...
Processed 121580/251223 SSURGO points...
Processed 121590/251223 SSURGO points...
Processed 121600/251223 SSURGO points...
Processed 121610/251223 SSURGO points...
Processed 121620/251223 SSURGO points...
Processed 121630/251223 SSURGO points...
Processed 121640/251223 SSURGO points...
Processed 121650/251223 SSURGO points...
Processed 121660/251223 SSURGO points...
Processed 121670/251223 SSURGO points...
Processed 121680/251223 SSURGO points...
Processed 121690/251223 SSURGO points...
Processed 121700/251223 SSURGO points...
Processed 121710/251223 SSURGO points...
Processed 121720/251223 SSURGO points...
Processed 121730/251223 SSURGO points...
Processed 121740/251223 SSURGO points...
Processed 121750/251223 SSURGO points...
Processed 121760/251223 SSURGO points...
Processed 121770/251223 SSURGO points...
Processed 121780/251223 SSURGO points...
Processed 121790/251223 SSURGO points...
Processed 121800/251223 SSURGO points...
Processed 121810/251223 SSURGO points...
Processed 121820/251223 SSURGO points...
Processed 121830/251223 SSURGO points...
Processed 121840/251223 SSURGO points...
Processed 121850/251223 SSURGO points...
Processed 121860/251223 SSURGO points...
Processed 121870/251223 SSURGO points...
Processed 121880/251223 SSURGO points...
Processed 121890/251223 SSURGO points...
Processed 121900/251223 SSURGO points...
Processed 121910/251223 SSURGO points...
Processed 121920/251223 SSURGO points...
Processed 121930/251223 SSURGO points...
Processed 121940/251223 SSURGO points...
Processed 121950/251223 SSURGO points...
Processed 121960/251223 SSURGO points...
Processed 121970/251223 SSURGO points...
Processed 121980/251223 SSURGO points...
Processed 121990/251223 SSURGO points...
Processed 122000/251223 SSURGO points...
Processed 122010/251223 SSURGO points...
Processed 122020/251223 SSURGO points...
Processed 122030/251223 SSURGO points...
Processed 122040/251223 SSURGO points...
Processed 122050/251223 SSURGO points...
Processed 122060/251223 SSURGO points...
Processed 122070/251223 SSURGO points...
Processed 122080/251223 SSURGO points...
Processed 122090/251223 SSURGO points...
Processed 122100/251223 SSURGO points...
